{
"type": "FeatureCollection",
"name": "ruta",
"crs": { "type": "name", "properties": { "name": "urn:ogc:def:crs:OGC:1.3:CRS84" } },
"features": [
{ "type": "Feature", "properties": { "id": null, "Name": "Track 1", "description": "", "timestamp": null, "begin": null, "end": null, "altitudeMode": null, "tessellate": 1, "extrude": 0, "visibility": -1, "drawOrder": null, "icon": null }, "geometry": { "type": "LineString", "coordinates": [ [ -67.528986667, -54.865051667, 16.8 ], [ -67.528985, -54.865053333, 16.8 ], [ -67.528986667, -54.865051667, 16.9 ], [ -67.528988333, -54.865051667, 16.9 ], [ -67.528988333, -54.86505, 17.0 ], [ -67.528986667, -54.865048333, 16.9 ], [ -67.528983333, -54.86505, 16.8 ], [ -67.528985, -54.865053333, 16.6 ], [ -67.528985, -54.865053333, 16.6 ], [ -67.528985, -54.865053333, 16.6 ], [ -67.528985, -54.865053333, 16.6 ], [ -67.528985, -54.865053333, 16.6 ], [ -67.528971667, -54.865053333, 17.0 ], [ -67.528965, -54.865048333, 17.1 ], [ -67.528966667, -54.865046667, 17.7 ], [ -67.52896, -54.865043333, 17.9 ], [ -67.528958333, -54.865041667, 17.7 ], [ -67.52896, -54.865045, 17.8 ], [ -67.528963333, -54.865043333, 17.9 ], [ -67.528968333, -54.865038333, 17.9 ], [ -67.528961667, -54.86504, 18.2 ], [ -67.528961667, -54.86504, 18.2 ], [ -67.528953333, -54.86504, 18.8 ], [ -67.528953333, -54.86504, 19.2 ], [ -67.528955, -54.865038333, 19.1 ], [ -67.528953333, -54.865045, 19.1 ], [ -67.528948333, -54.865053333, 19.0 ], [ -67.528953333, -54.865051667, 19.1 ], [ -67.528953333, -54.865055, 18.7 ], [ -67.528956667, -54.86506, 18.4 ], [ -67.528955, -54.865063333, 18.2 ], [ -67.528953333, -54.86507, 18.1 ], [ -67.52895, -54.865073333, 18.0 ], [ -67.529018333, -54.865071667, 39.6 ], [ -67.529003333, -54.865075, 38.6 ], [ -67.529003333, -54.86508, 36.4 ], [ -67.528993333, -54.865088333, 33.6 ], [ -67.52898, -54.865088333, 31.8 ], [ -67.528965, -54.865088333, 30.3 ], [ -67.52894, -54.86509, 29.4 ], [ -67.528925, -54.865085, 27.8 ], [ -67.528915, -54.865075, 25.9 ], [ -67.528913333, -54.865068333, 24.9 ], [ -67.52891, -54.865068333, 24.0 ], [ -67.528911667, -54.865066667, 23.2 ], [ -67.528916667, -54.865066667, 22.4 ], [ -67.52892, -54.865066667, 21.5 ], [ -67.528923333, -54.865066667, 20.9 ], [ -67.528921667, -54.865066667, 20.5 ], [ -67.528921667, -54.865066667, 20.2 ], [ -67.528923333, -54.86506, 20.0 ], [ -67.528925, -54.865063333, 19.9 ], [ -67.528928333, -54.865063333, 19.8 ], [ -67.528933333, -54.86506, 19.7 ], [ -67.528933333, -54.865058333, 19.5 ], [ -67.528945, -54.865053333, 19.4 ], [ -67.528945, -54.865053333, 19.4 ], [ -67.528945, -54.865053333, 19.4 ], [ -67.528945, -54.865053333, 19.4 ], [ -67.528945, -54.865053333, 19.4 ], [ -67.528945, -54.865053333, 19.4 ], [ -67.528945, -54.865053333, 19.4 ], [ -67.528945, -54.865053333, 19.4 ], [ -67.528945, -54.865053333, 19.4 ], [ -67.528945, -54.865053333, 19.4 ], [ -67.528945, -54.865053333, 19.4 ], [ -67.528945, -54.865053333, 19.4 ], [ -67.528945, -54.865053333, 19.4 ], [ -67.528945, -54.865053333, 19.4 ], [ -67.528945, -54.865053333, 19.4 ], [ -67.528945, -54.865053333, 19.4 ], [ -67.528945, -54.865053333, 19.4 ], [ -67.528945, -54.865053333, 19.4 ], [ -67.528945, -54.865053333, 19.4 ], [ -67.528945, -54.865053333, 19.4 ], [ -67.528945, -54.865053333, 19.4 ], [ -67.528945, -54.865053333, 19.4 ], [ -67.528945, -54.865053333, 19.4 ], [ -67.528945, -54.865053333, 19.4 ], [ -67.528945, -54.865053333, 19.4 ], [ -67.528911667, -54.864998333, 20.8 ], [ -67.528931667, -54.865001667, 20.7 ], [ -67.528951667, -54.865028333, 20.2 ], [ -67.528951667, -54.86503, 19.9 ], [ -67.528943333, -54.865031667, 19.6 ], [ -67.528938333, -54.865035, 19.4 ], [ -67.52892, -54.865038333, 19.0 ], [ -67.528913333, -54.86504, 18.6 ], [ -67.528918333, -54.865046667, 18.6 ], [ -67.528926667, -54.86505, 18.5 ], [ -67.528936667, -54.865051667, 18.3 ], [ -67.528938333, -54.865053333, 18.3 ], [ -67.52894, -54.865051667, 18.2 ], [ -67.52894, -54.865046667, 18.0 ], [ -67.528945, -54.865041667, 17.6 ], [ -67.528948333, -54.865041667, 17.3 ], [ -67.52895, -54.86504, 17.1 ], [ -67.52895, -54.865036667, 17.0 ], [ -67.528948333, -54.865041667, 17.2 ], [ -67.528946667, -54.865041667, 17.4 ], [ -67.528945, -54.865041667, 17.5 ], [ -67.528943333, -54.865043333, 17.9 ], [ -67.528943333, -54.865043333, 18.0 ], [ -67.528943333, -54.865043333, 18.1 ], [ -67.528943333, -54.86504, 18.2 ], [ -67.528943333, -54.865036667, 18.2 ], [ -67.528943333, -54.865036667, 18.2 ], [ -67.528943333, -54.865035, 18.1 ], [ -67.528943333, -54.865035, 18.1 ], [ -67.528945, -54.865033333, 18.0 ], [ -67.528946667, -54.865031667, 17.8 ], [ -67.528946667, -54.865031667, 17.6 ], [ -67.528946667, -54.865031667, 17.6 ], [ -67.528946667, -54.865031667, 17.6 ], [ -67.528946667, -54.865031667, 17.6 ], [ -67.528946667, -54.865031667, 17.6 ], [ -67.528946667, -54.865031667, 17.6 ], [ -67.528946667, -54.865031667, 17.6 ], [ -67.528946667, -54.865031667, 17.6 ], [ -67.528946667, -54.865031667, 17.6 ], [ -67.528946667, -54.865031667, 17.6 ], [ -67.528946667, -54.865031667, 17.6 ], [ -67.528946667, -54.865031667, 17.6 ], [ -67.528946667, -54.865031667, 17.6 ], [ -67.528946667, -54.865031667, 17.6 ], [ -67.528946667, -54.865031667, 17.6 ], [ -67.528946667, -54.865031667, 17.6 ], [ -67.528946667, -54.865031667, 17.6 ], [ -67.528946667, -54.865031667, 17.6 ], [ -67.528946667, -54.865031667, 17.6 ], [ -67.528946667, -54.865031667, 17.6 ], [ -67.528946667, -54.865031667, 17.6 ], [ -67.528946667, -54.865031667, 17.6 ], [ -67.528946667, -54.865031667, 17.6 ], [ -67.528946667, -54.865031667, 17.6 ], [ -67.528946667, -54.865031667, 17.6 ], [ -67.528946667, -54.865031667, 17.6 ], [ -67.528946667, -54.865031667, 17.6 ], [ -67.528946667, -54.865031667, 17.6 ], [ -67.528946667, -54.865031667, 17.6 ], [ -67.528946667, -54.865031667, 17.6 ], [ -67.528946667, -54.865031667, 17.6 ], [ -67.528946667, -54.865031667, 17.6 ], [ -67.528946667, -54.865031667, 17.6 ], [ -67.528946667, -54.865031667, 17.6 ], [ -67.528946667, -54.865031667, 17.6 ], [ -67.528946667, -54.865031667, 17.6 ], [ -67.528946667, -54.865031667, 17.6 ], [ -67.528946667, -54.865031667, 17.6 ], [ -67.528946667, -54.865031667, 17.6 ], [ -67.528946667, -54.865031667, 17.6 ], [ -67.528946667, -54.865031667, 17.6 ], [ -67.528946667, -54.865031667, 17.6 ], [ -67.528946667, -54.865031667, 17.6 ], [ -67.528946667, -54.865031667, 17.6 ], [ -67.528946667, -54.865031667, 17.6 ], [ -67.528946667, -54.865031667, 17.6 ], [ -67.528946667, -54.865031667, 17.6 ], [ -67.528946667, -54.865031667, 17.6 ], [ -67.528946667, -54.865031667, 17.6 ], [ -67.528946667, -54.865031667, 17.6 ], [ -67.528946667, -54.865031667, 17.6 ], [ -67.528946667, -54.865031667, 17.6 ], [ -67.528946667, -54.865031667, 17.6 ], [ -67.528946667, -54.865031667, 17.6 ], [ -67.528946667, -54.865031667, 17.6 ], [ -67.528946667, -54.865031667, 17.6 ], [ -67.528946667, -54.865031667, 17.6 ], [ -67.528946667, -54.865031667, 17.6 ], [ -67.528946667, -54.865031667, 17.6 ], [ -67.528946667, -54.865031667, 17.6 ], [ -67.528946667, -54.865031667, 17.6 ], [ -67.528946667, -54.865031667, 17.6 ], [ -67.528946667, -54.865031667, 17.6 ], [ -67.528946667, -54.865031667, 17.6 ], [ -67.528946667, -54.865031667, 17.6 ], [ -67.528946667, -54.865031667, 17.6 ], [ -67.528946667, -54.865031667, 17.6 ], [ -67.528946667, -54.865031667, 17.6 ], [ -67.528946667, -54.865031667, 17.6 ], [ -67.528946667, -54.865031667, 17.6 ], [ -67.528946667, -54.865031667, 17.6 ], [ -67.528946667, -54.865031667, 17.6 ], [ -67.528946667, -54.865031667, 17.6 ], [ -67.528946667, -54.865031667, 17.6 ], [ -67.528946667, -54.865031667, 17.6 ], [ -67.528946667, -54.865031667, 17.6 ], [ -67.528946667, -54.865031667, 17.6 ], [ -67.528946667, -54.865031667, 17.6 ], [ -67.528946667, -54.865031667, 17.6 ], [ -67.528946667, -54.865031667, 17.6 ], [ -67.528946667, -54.865031667, 17.6 ], [ -67.528946667, -54.865031667, 17.6 ], [ -67.528946667, -54.865031667, 17.6 ], [ -67.528946667, -54.865031667, 17.6 ], [ -67.528946667, -54.865031667, 17.6 ], [ -67.528946667, -54.865031667, 17.6 ], [ -67.528946667, -54.865031667, 17.6 ], [ -67.528946667, -54.865031667, 17.6 ], [ -67.528946667, -54.865031667, 17.6 ], [ -67.528946667, -54.865031667, 17.6 ], [ -67.528946667, -54.865031667, 17.6 ], [ -67.528946667, -54.865031667, 17.6 ], [ -67.528946667, -54.865031667, 17.6 ], [ -67.528946667, -54.865031667, 17.6 ], [ -67.528946667, -54.865031667, 17.6 ], [ -67.528946667, -54.865031667, 17.6 ], [ -67.528946667, -54.865031667, 17.6 ], [ -67.528946667, -54.865031667, 17.6 ], [ -67.528946667, -54.865031667, 17.6 ], [ -67.528946667, -54.865031667, 17.6 ], [ -67.528946667, -54.865031667, 17.6 ], [ -67.528946667, -54.865031667, 17.6 ], [ -67.528946667, -54.865031667, 17.6 ], [ -67.528946667, -54.865031667, 17.6 ], [ -67.528946667, -54.865031667, 17.6 ], [ -67.52892, -54.865028333, 20.0 ], [ -67.52892, -54.865028333, 20.0 ], [ -67.528921667, -54.865028333, 20.0 ], [ -67.528921667, -54.865031667, 20.0 ], [ -67.528915, -54.865031667, 20.0 ], [ -67.528913333, -54.865035, 20.1 ], [ -67.528913333, -54.865038333, 20.1 ], [ -67.528916667, -54.86504, 20.1 ], [ -67.52892, -54.865041667, 20.2 ], [ -67.528921667, -54.865045, 20.2 ], [ -67.528926667, -54.865051667, 20.3 ], [ -67.52893, -54.865055, 20.3 ], [ -67.528926667, -54.86506, 20.4 ], [ -67.528923333, -54.865063333, 20.3 ], [ -67.528931667, -54.86506, 20.3 ], [ -67.528936667, -54.865053333, 20.3 ], [ -67.528931667, -54.865043333, 20.3 ], [ -67.528923333, -54.865035, 20.4 ], [ -67.528923333, -54.865035, 20.4 ], [ -67.52891, -54.865023333, 20.7 ], [ -67.528901667, -54.865013333, 21.1 ], [ -67.528896667, -54.86501, 20.9 ], [ -67.528893333, -54.864998333, 20.0 ], [ -67.528896667, -54.865, 20.1 ], [ -67.528893333, -54.865008333, 19.9 ], [ -67.528911667, -54.865016667, 18.9 ], [ -67.52891, -54.865023333, 18.5 ], [ -67.52891, -54.865028333, 18.5 ], [ -67.52891, -54.865033333, 18.5 ], [ -67.528903333, -54.865035, 18.3 ], [ -67.528903333, -54.865035, 18.3 ], [ -67.528896667, -54.86503, 18.1 ], [ -67.528893333, -54.865031667, 18.3 ], [ -67.528883333, -54.865026667, 18.2 ], [ -67.528883333, -54.865026667, 18.2 ], [ -67.528883333, -54.865026667, 18.2 ], [ -67.528883333, -54.865026667, 18.2 ], [ -67.528883333, -54.865026667, 18.2 ], [ -67.528883333, -54.865026667, 18.2 ], [ -67.528883333, -54.865026667, 18.2 ], [ -67.528868333, -54.86499, 17.4 ], [ -67.528868333, -54.86498, 17.2 ], [ -67.528871667, -54.864976667, 16.9 ], [ -67.528878333, -54.864975, 16.5 ], [ -67.528881667, -54.864986667, 15.9 ], [ -67.528881667, -54.864986667, 15.9 ], [ -67.528881667, -54.864986667, 15.9 ], [ -67.528881667, -54.864986667, 15.9 ], [ -67.528881667, -54.864986667, 15.9 ], [ -67.528881667, -54.864986667, 15.9 ], [ -67.528881667, -54.864986667, 15.9 ], [ -67.528881667, -54.864986667, 15.9 ], [ -67.528881667, -54.864986667, 15.9 ], [ -67.528881667, -54.864986667, 15.9 ], [ -67.528881667, -54.864986667, 15.9 ], [ -67.528881667, -54.864986667, 15.9 ], [ -67.528881667, -54.864986667, 15.9 ], [ -67.528881667, -54.864986667, 15.9 ], [ -67.528881667, -54.864986667, 15.9 ], [ -67.528881667, -54.864986667, 15.9 ], [ -67.528881667, -54.864986667, 15.9 ], [ -67.528881667, -54.864986667, 15.9 ], [ -67.528881667, -54.864986667, 15.9 ], [ -67.528881667, -54.864986667, 15.9 ], [ -67.528881667, -54.864986667, 15.9 ], [ -67.528881667, -54.864986667, 15.9 ], [ -67.528881667, -54.864986667, 15.9 ], [ -67.528881667, -54.864986667, 15.9 ], [ -67.528881667, -54.864986667, 15.9 ], [ -67.528881667, -54.864986667, 15.9 ], [ -67.528881667, -54.864986667, 15.9 ], [ -67.528881667, -54.864986667, 15.9 ], [ -67.528881667, -54.864986667, 15.9 ], [ -67.528881667, -54.864986667, 15.9 ], [ -67.528881667, -54.864986667, 15.9 ], [ -67.528881667, -54.864986667, 15.9 ], [ -67.528881667, -54.864986667, 15.9 ], [ -67.528881667, -54.864986667, 15.9 ], [ -67.528881667, -54.864986667, 15.9 ], [ -67.528881667, -54.864986667, 15.9 ], [ -67.528881667, -54.864986667, 15.9 ], [ -67.528881667, -54.864986667, 15.9 ], [ -67.528881667, -54.864986667, 15.9 ], [ -67.528881667, -54.864986667, 15.9 ], [ -67.528881667, -54.864986667, 15.9 ], [ -67.528881667, -54.864986667, 15.9 ], [ -67.528881667, -54.864986667, 15.9 ], [ -67.528881667, -54.864986667, 15.9 ], [ -67.528881667, -54.864986667, 15.9 ], [ -67.528881667, -54.864986667, 15.9 ], [ -67.528881667, -54.864986667, 15.9 ], [ -67.528881667, -54.864986667, 15.9 ], [ -67.528881667, -54.864986667, 15.9 ], [ -67.528881667, -54.864986667, 15.9 ], [ -67.528925, -54.865038333, 18.1 ], [ -67.528946667, -54.865048333, 17.8 ], [ -67.528983333, -54.865063333, 17.7 ], [ -67.529021667, -54.865088333, 18.2 ], [ -67.529061667, -54.865108333, 18.5 ], [ -67.529108333, -54.865133333, 18.6 ], [ -67.529161667, -54.86516, 18.4 ], [ -67.529213333, -54.865186667, 18.2 ], [ -67.52927, -54.865211667, 17.9 ], [ -67.529336667, -54.865241667, 17.6 ], [ -67.529403333, -54.865271667, 17.4 ], [ -67.529473333, -54.865305, 17.1 ], [ -67.529545, -54.86534, 16.7 ], [ -67.529623333, -54.865376667, 16.4 ], [ -67.529705, -54.865411667, 16.2 ], [ -67.529795, -54.865453333, 16.0 ], [ -67.529891667, -54.86549, 15.8 ], [ -67.529995, -54.86553, 16.0 ], [ -67.530083333, -54.86557, 16.3 ], [ -67.530181667, -54.865611667, 16.3 ], [ -67.530286667, -54.865656667, 16.1 ], [ -67.530398333, -54.865706667, 16.4 ], [ -67.53051, -54.865758333, 16.9 ], [ -67.530625, -54.865808333, 17.2 ], [ -67.530743333, -54.865863333, 17.3 ], [ -67.530861667, -54.865916667, 17.4 ], [ -67.530986667, -54.865971667, 17.6 ], [ -67.531115, -54.866026667, 18.4 ], [ -67.531243333, -54.866083333, 18.7 ], [ -67.531365, -54.866141667, 19.2 ], [ -67.531491667, -54.866195, 19.2 ], [ -67.531618333, -54.866251667, 19.1 ], [ -67.531753333, -54.866308333, 18.8 ], [ -67.531891667, -54.866358333, 18.7 ], [ -67.532021667, -54.86641, 19.1 ], [ -67.53216, -54.866461667, 19.2 ], [ -67.532281667, -54.866513333, 19.2 ], [ -67.532415, -54.86656, 19.4 ], [ -67.532546667, -54.866603333, 19.2 ], [ -67.53267, -54.86664, 19.0 ], [ -67.532798333, -54.866681667, 18.9 ], [ -67.53293, -54.866721667, 18.6 ], [ -67.533065, -54.866755, 18.7 ], [ -67.533203333, -54.86679, 17.8 ], [ -67.533341667, -54.866828333, 17.8 ], [ -67.533478333, -54.866863333, 17.4 ], [ -67.533616667, -54.8669, 16.9 ], [ -67.533758333, -54.866941667, 16.8 ], [ -67.533906667, -54.86698, 17.3 ], [ -67.534046667, -54.867018333, 17.5 ], [ -67.534188333, -54.867056667, 17.6 ], [ -67.534336667, -54.867098333, 17.7 ], [ -67.534486667, -54.867136667, 17.8 ], [ -67.534631667, -54.867171667, 17.7 ], [ -67.534778333, -54.867196667, 17.5 ], [ -67.53493, -54.867223333, 17.2 ], [ -67.535088333, -54.867248333, 17.2 ], [ -67.535236667, -54.867273333, 17.3 ], [ -67.535381667, -54.867291667, 16.9 ], [ -67.535525, -54.86731, 16.9 ], [ -67.535666667, -54.86732, 16.5 ], [ -67.535815, -54.867331667, 16.1 ], [ -67.535963333, -54.867341667, 15.9 ], [ -67.536101667, -54.867353333, 16.0 ], [ -67.536231667, -54.86737, 15.6 ], [ -67.536373333, -54.867386667, 15.4 ], [ -67.536506667, -54.867403333, 15.4 ], [ -67.536638333, -54.867421667, 15.7 ], [ -67.536771667, -54.867433333, 15.9 ], [ -67.536895, -54.867446667, 15.9 ], [ -67.537006667, -54.867458333, 16.1 ], [ -67.537111667, -54.86747, 15.6 ], [ -67.53721, -54.867485, 15.4 ], [ -67.53731, -54.867501667, 15.7 ], [ -67.537405, -54.867513333, 16.0 ], [ -67.53748, -54.867521667, 16.3 ], [ -67.537536667, -54.867523333, 16.2 ], [ -67.537576667, -54.867526667, 16.2 ], [ -67.537608333, -54.867528333, 15.8 ], [ -67.537648333, -54.86753, 15.5 ], [ -67.5377, -54.867531667, 15.3 ], [ -67.537755, -54.867531667, 15.2 ], [ -67.537813333, -54.867533333, 15.3 ], [ -67.537873333, -54.86754, 15.1 ], [ -67.537938333, -54.867546667, 15.4 ], [ -67.538, -54.867553333, 15.2 ], [ -67.538063333, -54.86756, 15.1 ], [ -67.538133333, -54.867568333, 15.1 ], [ -67.5382, -54.867575, 15.5 ], [ -67.538266667, -54.867581667, 15.4 ], [ -67.538325, -54.867586667, 15.0 ], [ -67.538363333, -54.867588333, 14.7 ], [ -67.538391667, -54.867588333, 14.7 ], [ -67.538418333, -54.86759, 14.6 ], [ -67.538443333, -54.867593333, 14.7 ], [ -67.53847, -54.867593333, 15.0 ], [ -67.5385, -54.867591667, 15.3 ], [ -67.538526667, -54.867591667, 15.4 ], [ -67.538555, -54.867591667, 15.5 ], [ -67.538586667, -54.867593333, 15.3 ], [ -67.538615, -54.867596667, 15.2 ], [ -67.538648333, -54.8676, 15.0 ], [ -67.538675, -54.867601667, 15.2 ], [ -67.5387, -54.867601667, 15.5 ], [ -67.538725, -54.867605, 15.7 ], [ -67.538755, -54.867606667, 16.0 ], [ -67.538783333, -54.86761, 16.2 ], [ -67.538813333, -54.86761, 16.2 ], [ -67.538845, -54.867611667, 15.9 ], [ -67.538883333, -54.867613333, 15.8 ], [ -67.538925, -54.867615, 15.3 ], [ -67.53897, -54.867616667, 14.9 ], [ -67.53902, -54.867618333, 14.7 ], [ -67.539068333, -54.86762, 14.7 ], [ -67.539121667, -54.867623333, 14.8 ], [ -67.539181667, -54.867626667, 14.9 ], [ -67.539243333, -54.867633333, 14.9 ], [ -67.539298333, -54.86764, 14.5 ], [ -67.53934, -54.867645, 14.5 ], [ -67.539365, -54.867645, 14.6 ], [ -67.53939, -54.867645, 14.9 ], [ -67.53942, -54.86765, 15.1 ], [ -67.539451667, -54.867653333, 15.1 ], [ -67.539488333, -54.867658333, 15.1 ], [ -67.539528333, -54.867661667, 15.1 ], [ -67.539571667, -54.867665, 14.9 ], [ -67.539613333, -54.867668333, 14.7 ], [ -67.539663333, -54.867673333, 14.8 ], [ -67.53971, -54.86768, 14.7 ], [ -67.539753333, -54.867681667, 14.4 ], [ -67.539796667, -54.867686667, 14.4 ], [ -67.539836667, -54.867686667, 14.4 ], [ -67.539883333, -54.867688333, 14.6 ], [ -67.539941667, -54.86769, 14.6 ], [ -67.54001, -54.867693333, 14.4 ], [ -67.540085, -54.8677, 14.6 ], [ -67.540161667, -54.867703333, 14.9 ], [ -67.540226667, -54.867708333, 14.9 ], [ -67.540291667, -54.86771, 15.0 ], [ -67.540353333, -54.867713333, 15.3 ], [ -67.540416667, -54.867718333, 15.4 ], [ -67.540485, -54.867725, 15.5 ], [ -67.540553333, -54.86773, 15.9 ], [ -67.540618333, -54.867735, 15.9 ], [ -67.540686667, -54.867736667, 15.6 ], [ -67.540745, -54.86774, 15.2 ], [ -67.540798333, -54.867746667, 15.0 ], [ -67.54085, -54.86775, 14.6 ], [ -67.540905, -54.867751667, 14.8 ], [ -67.54096, -54.867756667, 15.0 ], [ -67.541011667, -54.86776, 14.3 ], [ -67.541061667, -54.867766667, 13.7 ], [ -67.541113333, -54.867771667, 13.5 ], [ -67.541168333, -54.867775, 13.8 ], [ -67.541228333, -54.867781667, 14.2 ], [ -67.541283333, -54.867786667, 14.5 ], [ -67.541335, -54.867788333, 15.0 ], [ -67.541385, -54.86779, 15.6 ], [ -67.541436667, -54.867791667, 16.2 ], [ -67.541485, -54.867793333, 16.6 ], [ -67.54153, -54.867796667, 16.7 ], [ -67.541585, -54.867798333, 16.6 ], [ -67.541636667, -54.867803333, 16.5 ], [ -67.541695, -54.867813333, 16.8 ], [ -67.541753333, -54.867823333, 16.8 ], [ -67.541813333, -54.867828333, 16.6 ], [ -67.541878333, -54.867833333, 16.2 ], [ -67.541943333, -54.86784, 15.6 ], [ -67.54201, -54.867848333, 15.5 ], [ -67.542076667, -54.867858333, 15.3 ], [ -67.542138333, -54.867865, 15.0 ], [ -67.542205, -54.867875, 14.4 ], [ -67.542278333, -54.867883333, 14.1 ], [ -67.542348333, -54.86789, 14.1 ], [ -67.54241, -54.8679, 13.8 ], [ -67.542463333, -54.867906667, 13.4 ], [ -67.542501667, -54.86791, 13.1 ], [ -67.542526667, -54.86791, 12.8 ], [ -67.542551667, -54.867911667, 12.7 ], [ -67.542581667, -54.867915, 12.9 ], [ -67.542616667, -54.86792, 13.0 ], [ -67.542656667, -54.867925, 13.2 ], [ -67.542698333, -54.86793, 13.4 ], [ -67.54274, -54.867936667, 13.8 ], [ -67.542783333, -54.867941667, 13.8 ], [ -67.542833333, -54.867948333, 14.2 ], [ -67.542881667, -54.867955, 14.5 ], [ -67.542935, -54.867963333, 14.5 ], [ -67.542983333, -54.86797, 14.5 ], [ -67.54303, -54.867976667, 14.2 ], [ -67.543075, -54.867985, 14.1 ], [ -67.543121667, -54.86799, 14.3 ], [ -67.543171667, -54.867996667, 14.1 ], [ -67.543223333, -54.868, 14.1 ], [ -67.543275, -54.868006667, 14.0 ], [ -67.543325, -54.868011667, 13.9 ], [ -67.543375, -54.868018333, 14.3 ], [ -67.543421667, -54.868021667, 14.3 ], [ -67.543466667, -54.868025, 14.5 ], [ -67.543511667, -54.86803, 14.2 ], [ -67.543555, -54.868035, 13.9 ], [ -67.543601667, -54.86804, 13.8 ], [ -67.543653333, -54.86805, 13.8 ], [ -67.5437, -54.86806, 13.6 ], [ -67.543748333, -54.868073333, 13.9 ], [ -67.543796667, -54.868081667, 14.3 ], [ -67.543843333, -54.86809, 14.6 ], [ -67.543893333, -54.868095, 15.0 ], [ -67.543938333, -54.868095, 14.7 ], [ -67.543991667, -54.868098333, 14.7 ], [ -67.544046667, -54.868106667, 14.8 ], [ -67.544103333, -54.868115, 14.8 ], [ -67.54416, -54.868121667, 14.5 ], [ -67.54421, -54.86813, 14.2 ], [ -67.544253333, -54.868133333, 14.2 ], [ -67.544295, -54.868136667, 14.2 ], [ -67.544335, -54.86814, 14.2 ], [ -67.544373333, -54.868145, 14.0 ], [ -67.544413333, -54.868148333, 14.0 ], [ -67.544455, -54.868153333, 14.4 ], [ -67.544503333, -54.868161667, 14.7 ], [ -67.54455, -54.868168333, 14.7 ], [ -67.544595, -54.868171667, 15.0 ], [ -67.544638333, -54.868175, 15.0 ], [ -67.544676667, -54.868178333, 15.0 ], [ -67.544711667, -54.86818, 14.8 ], [ -67.544758333, -54.868186667, 15.0 ], [ -67.544806667, -54.868191667, 15.2 ], [ -67.544856667, -54.8682, 15.4 ], [ -67.544906667, -54.868205, 15.8 ], [ -67.544951667, -54.868208333, 16.1 ], [ -67.544996667, -54.868211667, 16.6 ], [ -67.545041667, -54.868218333, 16.9 ], [ -67.545071667, -54.868216667, 17.0 ], [ -67.545096667, -54.868218333, 17.2 ], [ -67.545123333, -54.86822, 16.9 ], [ -67.545156667, -54.868221667, 16.7 ], [ -67.545198333, -54.868226667, 16.5 ], [ -67.545246667, -54.86823, 16.4 ], [ -67.545296667, -54.868235, 16.3 ], [ -67.545345, -54.86824, 16.3 ], [ -67.545391667, -54.868243333, 16.4 ], [ -67.545438333, -54.868245, 16.5 ], [ -67.545485, -54.868248333, 16.4 ], [ -67.545528333, -54.86825, 16.5 ], [ -67.545573333, -54.868255, 16.2 ], [ -67.545616667, -54.86826, 16.5 ], [ -67.54566, -54.868266667, 16.7 ], [ -67.5457, -54.868268333, 16.7 ], [ -67.545731667, -54.868268333, 16.9 ], [ -67.545756667, -54.868268333, 17.0 ], [ -67.54578, -54.868265, 17.2 ], [ -67.545808333, -54.868263333, 17.2 ], [ -67.54584, -54.868263333, 17.4 ], [ -67.545875, -54.868261667, 17.3 ], [ -67.545913333, -54.868261667, 17.3 ], [ -67.54595, -54.868263333, 17.4 ], [ -67.545993333, -54.868263333, 17.4 ], [ -67.546036667, -54.868261667, 17.3 ], [ -67.546078333, -54.86826, 17.2 ], [ -67.546123333, -54.86826, 17.3 ], [ -67.54617, -54.868261667, 17.4 ], [ -67.546218333, -54.868261667, 17.3 ], [ -67.546261667, -54.868263333, 17.5 ], [ -67.546296667, -54.868265, 17.6 ], [ -67.54632, -54.868265, 17.5 ], [ -67.546345, -54.868263333, 17.6 ], [ -67.546368333, -54.86826, 17.5 ], [ -67.546398333, -54.868256667, 17.4 ], [ -67.546436667, -54.868256667, 17.4 ], [ -67.546475, -54.868256667, 17.5 ], [ -67.546528333, -54.868255, 17.4 ], [ -67.54658, -54.868255, 17.6 ], [ -67.546628333, -54.868258333, 17.7 ], [ -67.546673333, -54.86826, 17.6 ], [ -67.54672, -54.86826, 17.6 ], [ -67.546766667, -54.86826, 17.5 ], [ -67.546815, -54.86826, 17.6 ], [ -67.546863333, -54.868256667, 17.6 ], [ -67.54691, -54.868253333, 17.5 ], [ -67.546965, -54.868251667, 16.9 ], [ -67.547028333, -54.868256667, 17.3 ], [ -67.547096667, -54.86826, 18.8 ], [ -67.547168333, -54.868258333, 19.5 ], [ -67.547238333, -54.868258333, 19.0 ], [ -67.547303333, -54.868261667, 18.9 ], [ -67.547358333, -54.868263333, 18.7 ], [ -67.547415, -54.86826, 18.4 ], [ -67.547473333, -54.868258333, 18.3 ], [ -67.547541667, -54.868255, 17.9 ], [ -67.547603333, -54.868251667, 17.3 ], [ -67.54766, -54.86825, 16.4 ], [ -67.547718333, -54.868246667, 15.9 ], [ -67.547776667, -54.868246667, 15.3 ], [ -67.547835, -54.868246667, 14.9 ], [ -67.547893333, -54.868245, 14.7 ], [ -67.54795, -54.868246667, 15.1 ], [ -67.548003333, -54.868251667, 15.4 ], [ -67.548058333, -54.868258333, 16.1 ], [ -67.548111667, -54.868261667, 16.4 ], [ -67.548163333, -54.868265, 17.1 ], [ -67.548205, -54.868266667, 17.2 ], [ -67.548248333, -54.868265, 17.4 ], [ -67.54829, -54.868263333, 17.2 ], [ -67.548336667, -54.868268333, 17.0 ], [ -67.548388333, -54.868271667, 16.9 ], [ -67.548445, -54.868278333, 16.8 ], [ -67.548496667, -54.868285, 16.6 ], [ -67.548543333, -54.868293333, 16.7 ], [ -67.54859, -54.868298333, 16.5 ], [ -67.548638333, -54.868301667, 16.4 ], [ -67.548683333, -54.868305, 16.2 ], [ -67.548731667, -54.868311667, 16.1 ], [ -67.548776667, -54.868316667, 16.1 ], [ -67.548825, -54.868321667, 16.5 ], [ -67.548863333, -54.868326667, 16.4 ], [ -67.548903333, -54.868333333, 16.5 ], [ -67.548945, -54.868336667, 16.5 ], [ -67.548986667, -54.868341667, 16.2 ], [ -67.549028333, -54.86835, 16.0 ], [ -67.549071667, -54.868353333, 15.4 ], [ -67.549116667, -54.868355, 15.0 ], [ -67.54916, -54.868363333, 15.2 ], [ -67.549208333, -54.868375, 15.6 ], [ -67.549258333, -54.86838, 15.7 ], [ -67.549305, -54.868388333, 16.2 ], [ -67.549345, -54.868391667, 16.2 ], [ -67.549386667, -54.868391667, 16.7 ], [ -67.549431667, -54.868396667, 16.6 ], [ -67.549475, -54.868401667, 16.5 ], [ -67.549516667, -54.868406667, 16.8 ], [ -67.54956, -54.86841, 17.2 ], [ -67.549601667, -54.868413333, 17.6 ], [ -67.549641667, -54.868416667, 17.6 ], [ -67.549683333, -54.86842, 17.8 ], [ -67.549725, -54.868421667, 18.0 ], [ -67.549771667, -54.868428333, 18.1 ], [ -67.54981, -54.868445, 18.1 ], [ -67.549861667, -54.868446667, 17.8 ], [ -67.54991, -54.868448333, 17.4 ], [ -67.549956667, -54.868448333, 17.2 ], [ -67.550003333, -54.86845, 16.7 ], [ -67.550048333, -54.86845, 16.5 ], [ -67.550098333, -54.868458333, 16.4 ], [ -67.550143333, -54.868465, 16.4 ], [ -67.55019, -54.868473333, 16.7 ], [ -67.550238333, -54.86848, 16.6 ], [ -67.550278333, -54.868488333, 17.0 ], [ -67.550328333, -54.868501667, 17.1 ], [ -67.550375, -54.868508333, 17.5 ], [ -67.550423333, -54.868516667, 17.6 ], [ -67.550471667, -54.868523333, 18.0 ], [ -67.550518333, -54.868531667, 17.9 ], [ -67.55056, -54.86854, 17.6 ], [ -67.550601667, -54.868548333, 17.5 ], [ -67.550648333, -54.868556667, 17.1 ], [ -67.550683333, -54.868561667, 16.6 ], [ -67.550728333, -54.868568333, 16.1 ], [ -67.550773333, -54.868576667, 15.6 ], [ -67.550818333, -54.868581667, 15.0 ], [ -67.55086, -54.868593333, 14.4 ], [ -67.550905, -54.868601667, 14.4 ], [ -67.550951667, -54.868613333, 14.2 ], [ -67.550995, -54.868623333, 14.1 ], [ -67.551041667, -54.868638333, 14.4 ], [ -67.551085, -54.868651667, 15.0 ], [ -67.55113, -54.868661667, 15.6 ], [ -67.551175, -54.868668333, 15.5 ], [ -67.551221667, -54.868676667, 15.4 ], [ -67.551268333, -54.868686667, 15.7 ], [ -67.551313333, -54.868696667, 16.0 ], [ -67.551358333, -54.868703333, 16.0 ], [ -67.551403333, -54.868715, 15.9 ], [ -67.551451667, -54.868726667, 16.3 ], [ -67.5515, -54.868735, 16.0 ], [ -67.551553333, -54.868741667, 16.0 ], [ -67.551601667, -54.868748333, 15.5 ], [ -67.551651667, -54.868758333, 15.0 ], [ -67.551705, -54.868766667, 14.4 ], [ -67.551753333, -54.868773333, 14.8 ], [ -67.551801667, -54.868781667, 15.3 ], [ -67.551853333, -54.86879, 15.5 ], [ -67.551905, -54.868796667, 15.5 ], [ -67.551956667, -54.868806667, 15.6 ], [ -67.552005, -54.868813333, 15.7 ], [ -67.552061667, -54.868818333, 15.7 ], [ -67.552121667, -54.868825, 15.3 ], [ -67.552175, -54.868831667, 14.5 ], [ -67.55223, -54.868838333, 14.2 ], [ -67.552283333, -54.868846667, 13.9 ], [ -67.552333333, -54.86885, 13.5 ], [ -67.552393333, -54.868855, 13.8 ], [ -67.552453333, -54.868861667, 14.0 ], [ -67.552516667, -54.868865, 13.9 ], [ -67.552583333, -54.868871667, 14.9 ], [ -67.55264, -54.868881667, 15.3 ], [ -67.5527, -54.868893333, 16.2 ], [ -67.552761667, -54.8689, 16.2 ], [ -67.552821667, -54.868906667, 16.4 ], [ -67.552875, -54.868911667, 16.7 ], [ -67.552928333, -54.868913333, 16.0 ], [ -67.552981667, -54.868923333, 15.9 ], [ -67.553043333, -54.868936667, 16.0 ], [ -67.553106667, -54.868948333, 16.0 ], [ -67.553163333, -54.868958333, 15.8 ], [ -67.553226667, -54.868965, 15.6 ], [ -67.553285, -54.86897, 15.4 ], [ -67.553348333, -54.868971667, 15.5 ], [ -67.55341, -54.86897, 15.1 ], [ -67.55347, -54.86897, 15.2 ], [ -67.55352, -54.868973333, 14.7 ], [ -67.553571667, -54.86898, 14.7 ], [ -67.553623333, -54.868986667, 14.8 ], [ -67.55367, -54.868991667, 14.8 ], [ -67.553723333, -54.868996667, 14.5 ], [ -67.553778333, -54.869, 14.4 ], [ -67.553831667, -54.869001667, 14.2 ], [ -67.553893333, -54.869006667, 13.8 ], [ -67.553953333, -54.869016667, 14.1 ], [ -67.554023333, -54.869028333, 14.4 ], [ -67.554093333, -54.869035, 14.3 ], [ -67.55417, -54.869048333, 14.6 ], [ -67.554241667, -54.86906, 15.0 ], [ -67.554315, -54.869068333, 15.4 ], [ -67.554385, -54.869075, 15.3 ], [ -67.55446, -54.869083333, 15.2 ], [ -67.554536667, -54.869088333, 14.8 ], [ -67.554618333, -54.869098333, 14.9 ], [ -67.554696667, -54.869113333, 15.2 ], [ -67.554768333, -54.869123333, 15.8 ], [ -67.554835, -54.869128333, 15.7 ], [ -67.554896667, -54.869136667, 15.7 ], [ -67.554956667, -54.869151667, 15.7 ], [ -67.55501, -54.869163333, 15.5 ], [ -67.555055, -54.86918, 14.9 ], [ -67.555101667, -54.869198333, 14.9 ], [ -67.555121667, -54.869216667, 14.9 ], [ -67.555128333, -54.869228333, 14.6 ], [ -67.55513, -54.869235, 15.2 ], [ -67.55513, -54.869235, 15.2 ], [ -67.555128333, -54.869235, 15.2 ], [ -67.555128333, -54.869235, 15.2 ], [ -67.555128333, -54.869235, 15.2 ], [ -67.555128333, -54.869235, 15.2 ], [ -67.555128333, -54.869235, 15.2 ], [ -67.555128333, -54.869235, 15.2 ], [ -67.555128333, -54.869235, 15.2 ], [ -67.555128333, -54.869235, 15.2 ], [ -67.555128333, -54.869235, 15.2 ], [ -67.555128333, -54.869235, 15.2 ], [ -67.555128333, -54.869235, 15.2 ], [ -67.555128333, -54.869235, 15.2 ], [ -67.555128333, -54.869235, 15.2 ], [ -67.555128333, -54.869235, 15.2 ], [ -67.55506, -54.86921, 15.8 ], [ -67.555025, -54.869206667, 15.3 ], [ -67.554993333, -54.869201667, 15.5 ], [ -67.554945, -54.869195, 16.0 ], [ -67.554905, -54.869178333, 15.9 ], [ -67.55485, -54.869158333, 15.9 ], [ -67.554791667, -54.869145, 15.8 ], [ -67.554715, -54.86914, 15.7 ], [ -67.554645, -54.869123333, 15.2 ], [ -67.55457, -54.869106667, 14.7 ], [ -67.554493333, -54.869093333, 14.6 ], [ -67.554416667, -54.86908, 14.5 ], [ -67.554336667, -54.86907, 14.2 ], [ -67.554263333, -54.869051667, 13.9 ], [ -67.5542, -54.869036667, 13.9 ], [ -67.554121667, -54.869023333, 13.5 ], [ -67.55404, -54.869011667, 13.2 ], [ -67.553956667, -54.868998333, 12.7 ], [ -67.553873333, -54.868988333, 12.1 ], [ -67.55379, -54.868973333, 11.6 ], [ -67.553705, -54.868973333, 12.0 ], [ -67.553611667, -54.868973333, 12.0 ], [ -67.553516667, -54.868973333, 12.8 ], [ -67.55343, -54.868968333, 13.2 ], [ -67.553343333, -54.86897, 14.0 ], [ -67.553265, -54.868966667, 14.5 ], [ -67.553188333, -54.868958333, 14.6 ], [ -67.553113333, -54.868943333, 14.6 ], [ -67.553038333, -54.868931667, 14.0 ], [ -67.552956667, -54.86892, 14.1 ], [ -67.55287, -54.868911667, 14.4 ], [ -67.552781667, -54.868901667, 14.4 ], [ -67.552693333, -54.868893333, 14.4 ], [ -67.552601667, -54.86888, 14.3 ], [ -67.552511667, -54.868868333, 14.6 ], [ -67.55242, -54.86886, 15.3 ], [ -67.552321667, -54.86885, 15.7 ], [ -67.55223, -54.868836667, 15.7 ], [ -67.552135, -54.868826667, 15.8 ], [ -67.552046667, -54.868815, 15.6 ], [ -67.551948333, -54.868801667, 15.4 ], [ -67.551851667, -54.868785, 15.4 ], [ -67.55175, -54.868773333, 15.7 ], [ -67.551658333, -54.86876, 15.0 ], [ -67.551563333, -54.868751667, 14.6 ], [ -67.551473333, -54.868738333, 14.8 ], [ -67.551385, -54.868725, 14.7 ], [ -67.551291667, -54.86871, 15.3 ], [ -67.551198333, -54.868688333, 15.6 ], [ -67.551098333, -54.868665, 15.7 ], [ -67.551005, -54.868645, 15.5 ], [ -67.550915, -54.868628333, 15.7 ], [ -67.550826667, -54.868611667, 16.5 ], [ -67.550738333, -54.868591667, 16.7 ], [ -67.550651667, -54.868571667, 17.2 ], [ -67.550565, -54.868555, 17.9 ], [ -67.550493333, -54.868541667, 17.6 ], [ -67.550406667, -54.868528333, 17.9 ], [ -67.550315, -54.868515, 17.8 ], [ -67.550223333, -54.868506667, 18.0 ], [ -67.550136667, -54.868495, 17.3 ], [ -67.550043333, -54.868481667, 16.6 ], [ -67.549961667, -54.868466667, 16.2 ], [ -67.549878333, -54.868455, 16.1 ], [ -67.549795, -54.868446667, 16.2 ], [ -67.549706667, -54.868441667, 16.7 ], [ -67.549628333, -54.86843, 16.9 ], [ -67.549546667, -54.868416667, 16.9 ], [ -67.549471667, -54.868411667, 16.9 ], [ -67.54939, -54.868406667, 17.2 ], [ -67.549308333, -54.868401667, 17.1 ], [ -67.549226667, -54.868393333, 16.7 ], [ -67.549141667, -54.86838, 16.4 ], [ -67.54905, -54.868368333, 16.4 ], [ -67.548958333, -54.868353333, 16.3 ], [ -67.548868333, -54.868338333, 15.9 ], [ -67.548781667, -54.868328333, 15.6 ], [ -67.548708333, -54.868318333, 15.2 ], [ -67.548626667, -54.868308333, 15.4 ], [ -67.548546667, -54.868295, 15.2 ], [ -67.548471667, -54.868283333, 15.5 ], [ -67.5484, -54.868273333, 15.2 ], [ -67.548333333, -54.868268333, 14.8 ], [ -67.548258333, -54.868266667, 15.2 ], [ -67.548171667, -54.868265, 15.6 ], [ -67.548088333, -54.86826, 16.1 ], [ -67.548, -54.868261667, 16.5 ], [ -67.547905, -54.868265, 17.0 ], [ -67.547811667, -54.868263333, 17.4 ], [ -67.547726667, -54.868255, 17.3 ], [ -67.547641667, -54.868253333, 17.3 ], [ -67.547555, -54.868253333, 17.3 ], [ -67.547468333, -54.868253333, 17.5 ], [ -67.547381667, -54.868253333, 17.4 ], [ -67.547293333, -54.868253333, 17.4 ], [ -67.547206667, -54.868253333, 17.1 ], [ -67.547123333, -54.868251667, 17.1 ], [ -67.547043333, -54.86825, 17.2 ], [ -67.54696, -54.868253333, 16.8 ], [ -67.546878333, -54.868253333, 16.7 ], [ -67.546795, -54.868255, 16.7 ], [ -67.546713333, -54.86826, 16.5 ], [ -67.54663, -54.868261667, 16.4 ], [ -67.54654, -54.868265, 16.2 ], [ -67.546456667, -54.868275, 16.3 ], [ -67.546386667, -54.86828, 16.5 ], [ -67.546331667, -54.868281667, 16.0 ], [ -67.546308333, -54.868281667, 15.7 ], [ -67.54628, -54.868278333, 16.1 ], [ -67.546253333, -54.868276667, 16.2 ], [ -67.546216667, -54.868275, 16.2 ], [ -67.54617, -54.868275, 16.2 ], [ -67.546115, -54.868273333, 16.3 ], [ -67.546051667, -54.868276667, 16.0 ], [ -67.545986667, -54.868278333, 15.9 ], [ -67.545916667, -54.86828, 15.8 ], [ -67.545846667, -54.868278333, 15.4 ], [ -67.545778333, -54.868276667, 15.3 ], [ -67.545738333, -54.868275, 15.6 ], [ -67.545715, -54.868275, 15.9 ], [ -67.545691667, -54.868273333, 15.9 ], [ -67.54566, -54.868273333, 16.0 ], [ -67.54562, -54.868271667, 16.0 ], [ -67.545573333, -54.868268333, 15.8 ], [ -67.545521667, -54.868266667, 15.7 ], [ -67.54547, -54.86826, 15.5 ], [ -67.545413333, -54.868258333, 15.4 ], [ -67.545343333, -54.868256667, 15.1 ], [ -67.545276667, -54.868251667, 15.6 ], [ -67.54522, -54.868248333, 15.4 ], [ -67.545173333, -54.868245, 15.2 ], [ -67.545131667, -54.868241667, 15.1 ], [ -67.5451, -54.868241667, 15.2 ], [ -67.545078333, -54.86824, 15.6 ], [ -67.545056667, -54.868238333, 15.9 ], [ -67.545028333, -54.868236667, 16.0 ], [ -67.544991667, -54.868231667, 16.0 ], [ -67.544948333, -54.868226667, 16.0 ], [ -67.5449, -54.868221667, 16.0 ], [ -67.544846667, -54.868216667, 16.0 ], [ -67.544788333, -54.868213333, 16.0 ], [ -67.544723333, -54.86821, 15.9 ], [ -67.544658333, -54.868203333, 16.0 ], [ -67.5446, -54.868195, 16.2 ], [ -67.544543333, -54.86819, 16.5 ], [ -67.544481667, -54.868183333, 16.9 ], [ -67.544425, -54.868175, 17.0 ], [ -67.544365, -54.868161667, 16.7 ], [ -67.544305, -54.868156667, 16.9 ], [ -67.544255, -54.86815, 16.7 ], [ -67.544201667, -54.868143333, 16.6 ], [ -67.54415, -54.868136667, 16.5 ], [ -67.544096667, -54.86813, 16.3 ], [ -67.544046667, -54.868121667, 16.1 ], [ -67.54399, -54.868116667, 16.0 ], [ -67.543926667, -54.86811, 16.2 ], [ -67.543856667, -54.868105, 16.2 ], [ -67.54379, -54.868096667, 16.2 ], [ -67.543726667, -54.868088333, 16.7 ], [ -67.543665, -54.86808, 16.7 ], [ -67.543603333, -54.868073333, 16.4 ], [ -67.543535, -54.868068333, 16.5 ], [ -67.54347, -54.868065, 16.5 ], [ -67.54341, -54.868058333, 16.4 ], [ -67.543348333, -54.868051667, 16.9 ], [ -67.543286667, -54.868045, 16.7 ], [ -67.543226667, -54.868035, 16.0 ], [ -67.543161667, -54.868026667, 15.7 ], [ -67.543086667, -54.86802, 16.2 ], [ -67.543018333, -54.86801, 16.4 ], [ -67.542945, -54.868003333, 17.0 ], [ -67.542871667, -54.867998333, 17.3 ], [ -67.542803333, -54.867993333, 17.7 ], [ -67.542726667, -54.867976667, 17.6 ], [ -67.542656667, -54.867966667, 17.0 ], [ -67.542586667, -54.867955, 17.0 ], [ -67.54252, -54.867948333, 16.8 ], [ -67.542465, -54.86794, 16.7 ], [ -67.542411667, -54.867933333, 16.3 ], [ -67.542353333, -54.867923333, 16.1 ], [ -67.542281667, -54.867915, 16.2 ], [ -67.542205, -54.867905, 16.6 ], [ -67.542128333, -54.867895, 17.2 ], [ -67.542053333, -54.867885, 17.2 ], [ -67.541975, -54.867878333, 17.6 ], [ -67.541888333, -54.867868333, 17.6 ], [ -67.541803333, -54.867861667, 17.5 ], [ -67.541725, -54.867851667, 17.5 ], [ -67.54165, -54.867843333, 17.4 ], [ -67.541576667, -54.867835, 17.0 ], [ -67.541501667, -54.86783, 16.3 ], [ -67.541425, -54.867825, 15.9 ], [ -67.541336667, -54.867818333, 15.9 ], [ -67.541248333, -54.86781, 15.8 ], [ -67.541166667, -54.867801667, 16.5 ], [ -67.54108, -54.867788333, 16.3 ], [ -67.540998333, -54.86778, 16.0 ], [ -67.540918333, -54.867771667, 15.4 ], [ -67.540833333, -54.867766667, 15.2 ], [ -67.540761667, -54.867765, 15.2 ], [ -67.540685, -54.86776, 15.1 ], [ -67.540613333, -54.867753333, 14.9 ], [ -67.540538333, -54.867745, 14.4 ], [ -67.540455, -54.86774, 14.4 ], [ -67.540373333, -54.867733333, 14.0 ], [ -67.540295, -54.867725, 13.9 ], [ -67.54023, -54.867715, 13.7 ], [ -67.540163333, -54.867708333, 13.8 ], [ -67.540088333, -54.867705, 13.7 ], [ -67.540015, -54.8677, 13.6 ], [ -67.539943333, -54.867698333, 13.5 ], [ -67.539871667, -54.867695, 13.4 ], [ -67.539813333, -54.867691667, 13.4 ], [ -67.539763333, -54.867686667, 13.5 ], [ -67.539716667, -54.867685, 13.2 ], [ -67.539673333, -54.867686667, 13.2 ], [ -67.539625, -54.867683333, 13.7 ], [ -67.539568333, -54.867678333, 13.9 ], [ -67.539511667, -54.867673333, 14.0 ], [ -67.539458333, -54.867668333, 14.1 ], [ -67.539411667, -54.867661667, 14.0 ], [ -67.539376667, -54.867658333, 14.1 ], [ -67.53935, -54.867656667, 14.0 ], [ -67.539321667, -54.867658333, 14.0 ], [ -67.53928, -54.867656667, 14.2 ], [ -67.539233333, -54.867653333, 14.2 ], [ -67.539176667, -54.867651667, 13.5 ], [ -67.539116667, -54.867648333, 13.3 ], [ -67.53905, -54.867643333, 13.6 ], [ -67.538981667, -54.867638333, 13.9 ], [ -67.53891, -54.867636667, 14.4 ], [ -67.53884, -54.867638333, 14.9 ], [ -67.538785, -54.867631667, 15.5 ], [ -67.538741667, -54.867623333, 15.9 ], [ -67.538705, -54.867616667, 16.2 ], [ -67.538681667, -54.86761, 16.1 ], [ -67.538661667, -54.867601667, 16.1 ], [ -67.538628333, -54.867591667, 16.2 ], [ -67.538595, -54.867583333, 16.6 ], [ -67.538553333, -54.867583333, 16.9 ], [ -67.538513333, -54.867588333, 16.8 ], [ -67.53849, -54.867595, 16.6 ], [ -67.538465, -54.867601667, 16.8 ], [ -67.53845, -54.86761, 17.0 ], [ -67.538446667, -54.867611667, 17.1 ], [ -67.538446667, -54.867611667, 17.1 ], [ -67.538446667, -54.867611667, 17.1 ], [ -67.538446667, -54.867611667, 17.1 ], [ -67.538446667, -54.867611667, 17.1 ], [ -67.538485, -54.867601667, 17.6 ], [ -67.5385, -54.867598333, 18.0 ], [ -67.538508333, -54.867591667, 18.3 ], [ -67.53851, -54.867591667, 18.1 ], [ -67.538511667, -54.86759, 18.1 ], [ -67.538511667, -54.86759, 18.1 ], [ -67.538511667, -54.86759, 18.1 ], [ -67.538511667, -54.86759, 18.1 ], [ -67.538511667, -54.86759, 18.1 ], [ -67.538511667, -54.86759, 18.1 ], [ -67.538511667, -54.86759, 18.1 ], [ -67.538511667, -54.86759, 18.1 ], [ -67.538511667, -54.86759, 18.1 ], [ -67.538511667, -54.86759, 18.1 ], [ -67.538511667, -54.86759, 18.1 ], [ -67.538511667, -54.86759, 18.1 ], [ -67.538511667, -54.86759, 18.1 ], [ -67.538511667, -54.86759, 18.1 ], [ -67.538511667, -54.86759, 18.1 ], [ -67.538511667, -54.86759, 18.1 ], [ -67.538511667, -54.86759, 18.1 ], [ -67.538511667, -54.86759, 18.1 ], [ -67.538511667, -54.86759, 18.1 ], [ -67.538511667, -54.86759, 18.1 ], [ -67.538511667, -54.86759, 18.1 ], [ -67.538511667, -54.86759, 18.1 ], [ -67.538511667, -54.86759, 18.1 ], [ -67.538511667, -54.86759, 18.1 ], [ -67.538511667, -54.86759, 18.1 ], [ -67.538511667, -54.86759, 18.1 ], [ -67.538511667, -54.86759, 18.1 ], [ -67.538511667, -54.86759, 18.1 ], [ -67.538511667, -54.86759, 18.1 ], [ -67.538511667, -54.86759, 18.1 ], [ -67.538511667, -54.86759, 18.1 ], [ -67.538528333, -54.867381667, 18.0 ], [ -67.538528333, -54.867443333, 18.0 ], [ -67.538528333, -54.867443333, 18.0 ], [ -67.538528333, -54.867443333, 18.0 ], [ -67.538528333, -54.867443333, 18.0 ], [ -67.538535, -54.867545, 18.7 ], [ -67.538538333, -54.867545, 18.6 ], [ -67.538536667, -54.86754, 18.3 ], [ -67.538538333, -54.867536667, 18.0 ], [ -67.538541667, -54.867533333, 17.7 ], [ -67.53855, -54.867535, 17.6 ], [ -67.538551667, -54.867533333, 17.6 ], [ -67.538558333, -54.86753, 17.5 ], [ -67.538561667, -54.867528333, 17.5 ], [ -67.538563333, -54.867526667, 17.4 ], [ -67.538563333, -54.867526667, 17.5 ], [ -67.538571667, -54.867521667, 17.5 ], [ -67.538581667, -54.867518333, 17.6 ], [ -67.538581667, -54.867525, 17.7 ], [ -67.538561667, -54.867528333, 17.6 ], [ -67.538558333, -54.867521667, 17.1 ], [ -67.538558333, -54.86752, 17.1 ], [ -67.538553333, -54.867518333, 17.2 ], [ -67.538553333, -54.867513333, 17.2 ], [ -67.538553333, -54.867513333, 17.2 ], [ -67.538553333, -54.867513333, 17.2 ], [ -67.538553333, -54.867513333, 17.2 ], [ -67.538553333, -54.867513333, 17.2 ], [ -67.538553333, -54.867513333, 17.2 ], [ -67.538553333, -54.867513333, 17.2 ], [ -67.538548333, -54.867511667, 17.9 ], [ -67.538548333, -54.86751, 17.7 ], [ -67.538548333, -54.867511667, 17.7 ], [ -67.538548333, -54.867511667, 17.7 ], [ -67.538548333, -54.867511667, 17.7 ], [ -67.538548333, -54.867511667, 17.7 ], [ -67.538548333, -54.867511667, 17.7 ], [ -67.538548333, -54.867511667, 17.7 ], [ -67.538548333, -54.867511667, 17.7 ], [ -67.538548333, -54.867511667, 17.7 ], [ -67.538548333, -54.867511667, 17.7 ], [ -67.538548333, -54.867511667, 17.7 ], [ -67.538548333, -54.867511667, 17.7 ], [ -67.538548333, -54.867511667, 17.7 ], [ -67.538548333, -54.867511667, 17.7 ], [ -67.538548333, -54.867511667, 17.7 ], [ -67.538548333, -54.867511667, 17.7 ], [ -67.538548333, -54.867511667, 17.7 ], [ -67.538548333, -54.867511667, 17.7 ], [ -67.538548333, -54.867511667, 17.7 ], [ -67.538548333, -54.867511667, 17.7 ], [ -67.538548333, -54.867511667, 17.7 ], [ -67.538548333, -54.867511667, 17.7 ], [ -67.538548333, -54.867511667, 17.7 ], [ -67.538548333, -54.867511667, 17.7 ], [ -67.538548333, -54.867511667, 17.7 ], [ -67.538548333, -54.867511667, 17.7 ], [ -67.538548333, -54.867511667, 17.7 ], [ -67.538548333, -54.867511667, 17.7 ], [ -67.538548333, -54.867511667, 17.7 ], [ -67.538548333, -54.867511667, 17.7 ], [ -67.538548333, -54.867511667, 17.7 ], [ -67.538548333, -54.867511667, 17.7 ], [ -67.538548333, -54.867511667, 17.7 ], [ -67.538548333, -54.867511667, 17.7 ], [ -67.538548333, -54.867511667, 17.7 ], [ -67.538548333, -54.867511667, 17.7 ], [ -67.538548333, -54.867511667, 17.7 ], [ -67.538548333, -54.867511667, 17.7 ], [ -67.538548333, -54.867511667, 17.7 ], [ -67.538548333, -54.867511667, 17.7 ], [ -67.538548333, -54.867511667, 17.7 ], [ -67.538548333, -54.867511667, 17.7 ], [ -67.538548333, -54.867511667, 17.7 ], [ -67.538548333, -54.867511667, 17.7 ], [ -67.538548333, -54.867511667, 17.7 ], [ -67.538548333, -54.867511667, 17.7 ], [ -67.538548333, -54.867511667, 17.7 ], [ -67.538548333, -54.867511667, 17.7 ], [ -67.538548333, -54.867511667, 17.7 ], [ -67.538548333, -54.867511667, 17.7 ], [ -67.538548333, -54.867511667, 17.7 ], [ -67.538548333, -54.867511667, 17.7 ], [ -67.538548333, -54.867511667, 17.7 ], [ -67.538548333, -54.867511667, 17.7 ], [ -67.538548333, -54.867511667, 17.7 ], [ -67.538548333, -54.867511667, 17.7 ], [ -67.538548333, -54.867511667, 17.7 ], [ -67.538548333, -54.867511667, 17.7 ], [ -67.538548333, -54.867511667, 17.7 ], [ -67.538548333, -54.867511667, 17.7 ], [ -67.538548333, -54.867511667, 17.7 ], [ -67.538548333, -54.867511667, 17.7 ], [ -67.538548333, -54.867511667, 17.7 ], [ -67.538548333, -54.867511667, 17.7 ], [ -67.538548333, -54.867511667, 17.7 ], [ -67.538548333, -54.867511667, 17.7 ], [ -67.538548333, -54.867511667, 17.7 ], [ -67.538548333, -54.867511667, 17.7 ], [ -67.538548333, -54.867511667, 17.7 ], [ -67.538548333, -54.867511667, 17.7 ], [ -67.538548333, -54.867511667, 17.7 ], [ -67.538548333, -54.867511667, 17.7 ], [ -67.538548333, -54.867511667, 17.7 ], [ -67.538548333, -54.867511667, 17.7 ], [ -67.538548333, -54.867511667, 17.7 ], [ -67.538548333, -54.867511667, 17.7 ], [ -67.538548333, -54.867511667, 17.7 ], [ -67.538548333, -54.867511667, 17.7 ], [ -67.538548333, -54.867511667, 17.7 ], [ -67.538548333, -54.867511667, 17.7 ], [ -67.538548333, -54.867511667, 17.7 ], [ -67.538548333, -54.867511667, 17.7 ], [ -67.538548333, -54.867511667, 17.7 ], [ -67.538548333, -54.867511667, 17.7 ], [ -67.538548333, -54.867511667, 17.7 ], [ -67.538548333, -54.867511667, 17.7 ], [ -67.538548333, -54.867511667, 17.7 ], [ -67.538546667, -54.867503333, 17.0 ], [ -67.538543333, -54.86751, 17.0 ], [ -67.538541667, -54.867516667, 16.8 ], [ -67.538541667, -54.86752, 16.3 ], [ -67.538545, -54.867528333, 15.9 ], [ -67.53855, -54.867536667, 15.7 ], [ -67.538555, -54.867543333, 15.5 ], [ -67.538556667, -54.867546667, 15.6 ], [ -67.538565, -54.867548333, 15.5 ], [ -67.538571667, -54.867546667, 15.3 ], [ -67.538571667, -54.867546667, 15.0 ], [ -67.538576667, -54.867545, 14.8 ], [ -67.538563333, -54.867533333, 14.0 ], [ -67.538561667, -54.867526667, 14.0 ], [ -67.538566667, -54.86752, 13.8 ], [ -67.538575, -54.867513333, 13.8 ], [ -67.538575, -54.867508333, 13.7 ], [ -67.538571667, -54.867503333, 14.2 ], [ -67.538571667, -54.867503333, 13.9 ], [ -67.538571667, -54.8675, 14.1 ], [ -67.538571667, -54.8675, 14.1 ], [ -67.538571667, -54.8675, 14.1 ], [ -67.538571667, -54.8675, 14.1 ], [ -67.538571667, -54.8675, 14.1 ], [ -67.538571667, -54.8675, 14.1 ], [ -67.538571667, -54.8675, 14.1 ], [ -67.538571667, -54.8675, 14.1 ], [ -67.538571667, -54.8675, 14.1 ], [ -67.538538333, -54.867501667, 14.9 ], [ -67.538533333, -54.867493333, 15.0 ], [ -67.53853, -54.867491667, 14.9 ], [ -67.53853, -54.867483333, 15.0 ], [ -67.538538333, -54.867476667, 15.0 ], [ -67.538538333, -54.86747, 15.3 ], [ -67.538538333, -54.86747, 15.0 ], [ -67.538536667, -54.867471667, 14.9 ], [ -67.538545, -54.867471667, 15.1 ], [ -67.538548333, -54.867471667, 15.2 ], [ -67.538548333, -54.867475, 15.3 ], [ -67.538546667, -54.867476667, 15.2 ], [ -67.538546667, -54.867476667, 15.2 ], [ -67.538546667, -54.867476667, 15.2 ], [ -67.538543333, -54.867476667, 15.2 ], [ -67.538525, -54.867465, 15.3 ], [ -67.53852, -54.867453333, 15.4 ], [ -67.53852, -54.86745, 15.5 ], [ -67.538525, -54.867448333, 15.9 ], [ -67.538525, -54.867443333, 16.3 ], [ -67.53853, -54.86744, 17.0 ], [ -67.538536667, -54.867443333, 17.0 ], [ -67.538543333, -54.867438333, 17.1 ], [ -67.538558333, -54.867428333, 17.2 ], [ -67.538591667, -54.867415, 17.1 ], [ -67.538603333, -54.867408333, 16.8 ], [ -67.538593333, -54.86739, 16.2 ], [ -67.538586667, -54.867375, 15.4 ], [ -67.538585, -54.867361667, 15.5 ], [ -67.538576667, -54.86735, 14.9 ], [ -67.538571667, -54.867341667, 14.3 ], [ -67.538571667, -54.867328333, 13.3 ], [ -67.538581667, -54.867311667, 12.4 ], [ -67.538601667, -54.867303333, 11.5 ], [ -67.538625, -54.867293333, 10.9 ], [ -67.538646667, -54.867286667, 11.1 ], [ -67.538665, -54.867283333, 11.5 ], [ -67.538671667, -54.86728, 11.7 ], [ -67.538666667, -54.867273333, 11.8 ], [ -67.538678333, -54.867275, 12.0 ], [ -67.538688333, -54.867278333, 12.3 ], [ -67.538695, -54.867278333, 12.1 ], [ -67.538713333, -54.86727, 12.0 ], [ -67.538716667, -54.867263333, 12.2 ], [ -67.538713333, -54.867255, 12.8 ], [ -67.53872, -54.867251667, 13.1 ], [ -67.53872, -54.867241667, 13.8 ], [ -67.538716667, -54.867236667, 14.2 ], [ -67.53872, -54.86723, 14.9 ], [ -67.538721667, -54.867221667, 15.7 ], [ -67.538726667, -54.867216667, 16.5 ], [ -67.538735, -54.867215, 17.1 ], [ -67.538745, -54.867208333, 17.2 ], [ -67.538751667, -54.867205, 17.3 ], [ -67.538758333, -54.8672, 17.3 ], [ -67.538771667, -54.867193333, 17.4 ], [ -67.538781667, -54.867191667, 17.6 ], [ -67.538786667, -54.867191667, 17.5 ], [ -67.5388, -54.86719, 17.5 ], [ -67.538805, -54.86718, 17.6 ], [ -67.53883, -54.867173333, 17.7 ], [ -67.538841667, -54.867175, 17.7 ], [ -67.538851667, -54.867171667, 17.7 ], [ -67.538853333, -54.867173333, 17.7 ], [ -67.538855, -54.867175, 17.7 ], [ -67.538893333, -54.867181667, 17.6 ], [ -67.538918333, -54.867175, 17.6 ], [ -67.538923333, -54.867176667, 17.6 ], [ -67.538943333, -54.867153333, 17.7 ], [ -67.538956667, -54.86714, 17.7 ], [ -67.538966667, -54.867136667, 17.7 ], [ -67.538976667, -54.867115, 17.6 ], [ -67.539005, -54.867106667, 17.6 ], [ -67.539013333, -54.867103333, 17.8 ], [ -67.53902, -54.867095, 17.8 ], [ -67.539046667, -54.867073333, 17.6 ], [ -67.539058333, -54.867045, 17.5 ], [ -67.539071667, -54.86701, 17.4 ], [ -67.539081667, -54.866986667, 17.4 ], [ -67.539101667, -54.866956667, 17.4 ], [ -67.53913, -54.866933333, 17.4 ], [ -67.539158333, -54.866901667, 17.4 ], [ -67.539155, -54.86692, 17.4 ], [ -67.539151667, -54.866923333, 17.4 ], [ -67.539126667, -54.866933333, 17.4 ], [ -67.539105, -54.866951667, 17.4 ], [ -67.539101667, -54.866975, 17.4 ], [ -67.539131667, -54.866996667, 17.4 ], [ -67.539131667, -54.867003333, 17.5 ], [ -67.539131667, -54.867006667, 17.4 ], [ -67.53913, -54.866995, 17.5 ], [ -67.539131667, -54.866993333, 17.5 ], [ -67.539133333, -54.867001667, 17.5 ], [ -67.53909, -54.86704, 17.7 ], [ -67.539088333, -54.867068333, 18.0 ], [ -67.539081667, -54.86707, 18.2 ], [ -67.539075, -54.86707, 18.3 ], [ -67.539065, -54.86707, 18.5 ], [ -67.539051667, -54.867068333, 18.5 ], [ -67.539041667, -54.86707, 18.7 ], [ -67.539035, -54.867073333, 19.2 ], [ -67.539028333, -54.867075, 19.2 ], [ -67.539026667, -54.867076667, 19.2 ], [ -67.539025, -54.867081667, 19.0 ], [ -67.539036667, -54.867083333, 18.6 ], [ -67.539041667, -54.867086667, 18.8 ], [ -67.539053333, -54.867096667, 18.9 ], [ -67.53907, -54.867103333, 19.6 ], [ -67.539081667, -54.867098333, 20.9 ], [ -67.53908, -54.867098333, 21.7 ], [ -67.539073333, -54.867096667, 22.2 ], [ -67.539068333, -54.8671, 22.9 ], [ -67.539068333, -54.867106667, 23.4 ], [ -67.539066667, -54.86711, 23.7 ], [ -67.539073333, -54.867118333, 23.7 ], [ -67.539076667, -54.867121667, 23.8 ], [ -67.539081667, -54.867121667, 24.1 ], [ -67.539083333, -54.867121667, 24.2 ], [ -67.53907, -54.867123333, 24.1 ], [ -67.539066667, -54.867136667, 24.2 ], [ -67.53906, -54.867136667, 24.8 ], [ -67.539058333, -54.867138333, 25.4 ], [ -67.539046667, -54.867145, 25.4 ], [ -67.53905, -54.86714, 25.9 ], [ -67.539055, -54.867128333, 26.3 ], [ -67.53906, -54.867126667, 26.5 ], [ -67.539065, -54.867126667, 26.9 ], [ -67.53906, -54.86713, 27.2 ], [ -67.539066667, -54.867135, 27.2 ], [ -67.539091667, -54.867145, 26.7 ], [ -67.539088333, -54.867148333, 26.0 ], [ -67.53909, -54.867146667, 25.4 ], [ -67.539095, -54.86715, 25.8 ], [ -67.53909, -54.867151667, 25.9 ], [ -67.539078333, -54.867153333, 26.1 ], [ -67.539075, -54.867153333, 26.2 ], [ -67.539075, -54.867153333, 26.2 ], [ -67.539075, -54.867153333, 26.2 ], [ -67.539051667, -54.867155, 26.5 ], [ -67.539045, -54.867156667, 26.5 ], [ -67.539043333, -54.867161667, 27.1 ], [ -67.539046667, -54.86716, 27.7 ], [ -67.539048333, -54.867163333, 28.3 ], [ -67.539048333, -54.86716, 28.7 ], [ -67.539045, -54.867158333, 28.8 ], [ -67.53905, -54.867155, 28.9 ], [ -67.539056667, -54.867153333, 29.1 ], [ -67.539065, -54.867153333, 29.3 ], [ -67.539068333, -54.867156667, 29.6 ], [ -67.539068333, -54.867156667, 29.5 ], [ -67.53907, -54.867156667, 29.6 ], [ -67.539071667, -54.867158333, 29.7 ], [ -67.539071667, -54.867158333, 29.7 ], [ -67.539071667, -54.867158333, 29.7 ], [ -67.539071667, -54.867158333, 29.7 ], [ -67.539071667, -54.867158333, 29.7 ], [ -67.539071667, -54.867158333, 29.7 ], [ -67.539071667, -54.867158333, 29.7 ], [ -67.539078333, -54.86717, 30.5 ], [ -67.539075, -54.867165, 30.6 ], [ -67.53908, -54.867165, 30.6 ], [ -67.539083333, -54.867163333, 30.5 ], [ -67.539083333, -54.867163333, 30.5 ], [ -67.539083333, -54.867163333, 30.5 ], [ -67.539083333, -54.867163333, 30.5 ], [ -67.539083333, -54.867163333, 30.5 ], [ -67.539083333, -54.867163333, 30.5 ], [ -67.539083333, -54.867163333, 30.5 ], [ -67.539083333, -54.867163333, 30.5 ], [ -67.539083333, -54.867163333, 30.5 ], [ -67.539083333, -54.867163333, 30.5 ], [ -67.539081667, -54.867171667, 30.7 ], [ -67.539078333, -54.867171667, 30.6 ], [ -67.539083333, -54.867168333, 30.6 ], [ -67.53909, -54.867166667, 30.4 ], [ -67.539091667, -54.867166667, 30.3 ], [ -67.539091667, -54.867166667, 30.2 ], [ -67.539088333, -54.867161667, 30.0 ], [ -67.539075, -54.867161667, 29.7 ], [ -67.53907, -54.867165, 29.6 ], [ -67.539081667, -54.867171667, 29.5 ], [ -67.539075, -54.867178333, 29.5 ], [ -67.539073333, -54.867178333, 29.9 ], [ -67.539073333, -54.867168333, 29.8 ], [ -67.539071667, -54.867143333, 29.4 ], [ -67.539048333, -54.867093333, 29.4 ], [ -67.539043333, -54.867036667, 29.5 ], [ -67.539053333, -54.86699, 29.6 ], [ -67.539033333, -54.866948333, 28.6 ], [ -67.539013333, -54.866991667, 24.2 ], [ -67.539015, -54.86698, 22.3 ], [ -67.53903, -54.867001667, 21.5 ], [ -67.539035, -54.867038333, 23.1 ], [ -67.539046667, -54.867063333, 23.1 ], [ -67.539063333, -54.86709, 24.2 ], [ -67.539076667, -54.867098333, 25.6 ], [ -67.539088333, -54.86711, 26.3 ], [ -67.539086667, -54.867113333, 27.1 ], [ -67.539098333, -54.867126667, 28.4 ], [ -67.539116667, -54.867128333, 29.0 ], [ -67.539123333, -54.867126667, 29.5 ], [ -67.539121667, -54.867128333, 29.6 ], [ -67.53912, -54.867131667, 29.6 ], [ -67.539116667, -54.867133333, 29.5 ], [ -67.539113333, -54.867135, 29.2 ], [ -67.539111667, -54.867138333, 29.1 ], [ -67.539111667, -54.867138333, 29.1 ], [ -67.539111667, -54.867138333, 29.1 ], [ -67.539111667, -54.867138333, 29.1 ], [ -67.539111667, -54.867138333, 29.1 ], [ -67.539111667, -54.867138333, 29.1 ], [ -67.539111667, -54.867138333, 29.1 ], [ -67.539111667, -54.867138333, 29.1 ], [ -67.539111667, -54.867138333, 29.1 ], [ -67.539111667, -54.867138333, 29.1 ], [ -67.539111667, -54.867138333, 29.1 ], [ -67.539131667, -54.867141667, 30.1 ], [ -67.53914, -54.867141667, 30.2 ], [ -67.539145, -54.867141667, 30.4 ], [ -67.539151667, -54.867138333, 30.6 ], [ -67.539161667, -54.867135, 31.2 ], [ -67.539176667, -54.867133333, 31.5 ], [ -67.539195, -54.86713, 31.5 ], [ -67.53921, -54.867125, 31.5 ], [ -67.539223333, -54.867125, 31.4 ], [ -67.539233333, -54.867125, 31.6 ], [ -67.539245, -54.867125, 31.9 ], [ -67.539261667, -54.867121667, 32.1 ], [ -67.539278333, -54.867121667, 32.1 ], [ -67.539291667, -54.867121667, 32.2 ], [ -67.5393, -54.867121667, 32.2 ], [ -67.539313333, -54.867121667, 32.2 ], [ -67.53933, -54.867121667, 32.4 ], [ -67.539346667, -54.867125, 32.7 ], [ -67.539358333, -54.867126667, 33.2 ], [ -67.539375, -54.86713, 33.6 ], [ -67.539388333, -54.867135, 33.8 ], [ -67.539403333, -54.867133333, 33.9 ], [ -67.539406667, -54.867133333, 34.1 ], [ -67.539405, -54.867136667, 34.4 ], [ -67.539405, -54.867138333, 34.6 ], [ -67.539405, -54.867115, 34.6 ], [ -67.539378333, -54.867068333, 34.7 ], [ -67.539395, -54.867041667, 34.6 ], [ -67.53943, -54.867, 34.6 ], [ -67.539263333, -54.866931667, 34.6 ], [ -67.53919, -54.86687, 34.6 ], [ -67.539106667, -54.866805, 34.6 ], [ -67.539163333, -54.86676, 34.6 ], [ -67.538436667, -54.866413333, 34.5 ], [ -67.538701667, -54.866835, 34.6 ], [ -67.539111667, -54.866975, 34.5 ], [ -67.539021667, -54.866895, 34.6 ], [ -67.538988333, -54.866938333, 34.6 ], [ -67.539168333, -54.867036667, 34.5 ], [ -67.539193333, -54.867031667, 34.9 ], [ -67.539275, -54.86706, 34.8 ], [ -67.539365, -54.8671, 34.1 ], [ -67.539375, -54.867088333, 34.5 ], [ -67.539426667, -54.867088333, 35.2 ], [ -67.53944, -54.867081667, 36.0 ], [ -67.539491667, -54.867076667, 36.3 ], [ -67.539513333, -54.867068333, 36.2 ], [ -67.539516667, -54.867063333, 36.0 ], [ -67.539516667, -54.867061667, 35.7 ], [ -67.539505, -54.867061667, 35.0 ], [ -67.539495, -54.867056667, 35.3 ], [ -67.539486667, -54.86706, 35.8 ], [ -67.539486667, -54.86706, 34.9 ], [ -67.539488333, -54.86706, 34.2 ], [ -67.539491667, -54.867055, 33.8 ], [ -67.539495, -54.867051667, 33.5 ], [ -67.539501667, -54.867045, 33.2 ], [ -67.539506667, -54.867041667, 33.1 ], [ -67.539508333, -54.867031667, 33.0 ], [ -67.539511667, -54.867025, 33.4 ], [ -67.539516667, -54.867021667, 33.5 ], [ -67.539536667, -54.867016667, 33.6 ], [ -67.53953, -54.867005, 33.5 ], [ -67.539526667, -54.867003333, 33.6 ], [ -67.539523333, -54.867, 33.5 ], [ -67.539521667, -54.866998333, 33.7 ], [ -67.539525, -54.867001667, 33.8 ], [ -67.539525, -54.867006667, 33.8 ], [ -67.539526667, -54.86701, 33.9 ], [ -67.539528333, -54.867013333, 33.9 ], [ -67.539525, -54.86702, 34.2 ], [ -67.539513333, -54.867018333, 34.1 ], [ -67.539501667, -54.867021667, 34.0 ], [ -67.53949, -54.867026667, 34.0 ], [ -67.539483333, -54.867031667, 34.0 ], [ -67.539475, -54.867035, 34.0 ], [ -67.539466667, -54.86704, 34.0 ], [ -67.53946, -54.867043333, 34.0 ], [ -67.539455, -54.86705, 33.9 ], [ -67.539443333, -54.867056667, 33.8 ], [ -67.539443333, -54.867065, 33.9 ], [ -67.539433333, -54.867075, 33.6 ], [ -67.53944, -54.867073333, 33.9 ], [ -67.53944, -54.867075, 34.0 ], [ -67.539445, -54.867068333, 34.4 ], [ -67.539465, -54.86707, 35.1 ], [ -67.539478333, -54.867068333, 35.2 ], [ -67.539481667, -54.867066667, 35.7 ], [ -67.539468333, -54.867048333, 35.8 ], [ -67.539475, -54.867045, 35.8 ], [ -67.539476667, -54.867046667, 35.7 ], [ -67.539476667, -54.867046667, 35.7 ], [ -67.539476667, -54.867046667, 35.7 ], [ -67.539476667, -54.867046667, 35.7 ], [ -67.539476667, -54.867046667, 35.7 ], [ -67.539476667, -54.867046667, 35.7 ], [ -67.539476667, -54.867046667, 35.7 ], [ -67.539476667, -54.867046667, 35.7 ], [ -67.539476667, -54.867046667, 35.7 ], [ -67.539476667, -54.867046667, 35.7 ], [ -67.539476667, -54.867046667, 35.7 ], [ -67.539476667, -54.867046667, 35.7 ], [ -67.539476667, -54.867046667, 35.7 ], [ -67.539476667, -54.867046667, 35.7 ], [ -67.539476667, -54.867046667, 35.7 ], [ -67.539476667, -54.867046667, 35.7 ], [ -67.539476667, -54.867046667, 35.7 ], [ -67.539476667, -54.867046667, 35.7 ], [ -67.539476667, -54.867046667, 35.7 ], [ -67.539476667, -54.867046667, 35.7 ], [ -67.539476667, -54.867046667, 35.7 ], [ -67.53947, -54.867055, 36.0 ], [ -67.539471667, -54.867055, 35.7 ], [ -67.539473333, -54.867055, 35.4 ], [ -67.539468333, -54.867056667, 35.1 ], [ -67.53946, -54.867058333, 34.9 ], [ -67.53946, -54.867058333, 34.9 ], [ -67.53946, -54.867058333, 34.9 ], [ -67.53946, -54.867058333, 34.9 ], [ -67.53946, -54.867058333, 34.9 ], [ -67.53946, -54.867058333, 34.9 ], [ -67.53946, -54.867058333, 34.9 ], [ -67.53946, -54.867058333, 34.9 ], [ -67.53946, -54.867058333, 34.9 ], [ -67.53946, -54.867058333, 34.9 ], [ -67.53946, -54.867058333, 34.9 ], [ -67.53946, -54.867058333, 34.9 ], [ -67.53946, -54.867058333, 34.9 ], [ -67.53946, -54.867058333, 34.9 ], [ -67.53946, -54.867058333, 34.9 ], [ -67.53946, -54.867058333, 34.9 ], [ -67.53946, -54.867058333, 34.9 ], [ -67.53946, -54.867058333, 34.9 ], [ -67.53946, -54.867058333, 34.9 ], [ -67.53946, -54.867058333, 34.9 ], [ -67.539471667, -54.867048333, 35.2 ], [ -67.539475, -54.867048333, 35.2 ], [ -67.539475, -54.867045, 35.0 ], [ -67.539486667, -54.867033333, 34.8 ], [ -67.539501667, -54.867021667, 34.6 ], [ -67.539506667, -54.867018333, 35.4 ], [ -67.53951, -54.867013333, 35.3 ], [ -67.539548333, -54.867021667, 34.7 ], [ -67.539545, -54.867021667, 35.2 ], [ -67.53955, -54.867026667, 34.7 ], [ -67.539563333, -54.867026667, 34.8 ], [ -67.539571667, -54.86703, 35.0 ], [ -67.539576667, -54.867026667, 34.9 ], [ -67.539578333, -54.867018333, 34.6 ], [ -67.53957, -54.867015, 34.3 ], [ -67.539561667, -54.867013333, 33.4 ], [ -67.53957, -54.867005, 32.6 ], [ -67.539586667, -54.866991667, 32.0 ], [ -67.539601667, -54.866986667, 31.8 ], [ -67.539605, -54.866981667, 31.8 ], [ -67.539585, -54.866976667, 31.8 ], [ -67.539553333, -54.866966667, 32.1 ], [ -67.539551667, -54.866965, 32.4 ], [ -67.539585, -54.866956667, 34.0 ], [ -67.539573333, -54.866968333, 34.0 ], [ -67.53957, -54.866961667, 34.0 ], [ -67.539545, -54.866978333, 34.0 ], [ -67.539531667, -54.867015, 34.0 ], [ -67.539626667, -54.86706, 34.0 ], [ -67.539725, -54.867198333, 34.0 ], [ -67.539973333, -54.867373333, 34.0 ], [ -67.539785, -54.866818333, 34.0 ], [ -67.539866667, -54.866718333, 34.0 ], [ -67.539858333, -54.866735, 34.0 ], [ -67.539865, -54.86674, 34.0 ], [ -67.539896667, -54.86685, 33.9 ], [ -67.539843333, -54.866828333, 33.9 ], [ -67.53975, -54.866821667, 34.1 ], [ -67.539763333, -54.866806667, 34.1 ], [ -67.53976, -54.866808333, 34.3 ], [ -67.539771667, -54.866811667, 34.2 ], [ -67.53978, -54.866808333, 34.1 ], [ -67.53971, -54.866878333, 34.1 ], [ -67.539736667, -54.86695, 34.1 ], [ -67.539306667, -54.866931667, 33.9 ], [ -67.53955, -54.866913333, 34.1 ], [ -67.53963, -54.866845, 34.1 ], [ -67.53969, -54.866748333, 34.0 ], [ -67.539865, -54.866705, 34.0 ], [ -67.539858333, -54.866751667, 34.0 ], [ -67.539828333, -54.866791667, 34.0 ], [ -67.539841667, -54.866795, 34.1 ], [ -67.539835, -54.866713333, 34.1 ], [ -67.539756667, -54.866621667, 34.1 ], [ -67.539688333, -54.866581667, 34.1 ], [ -67.540521667, -54.866201667, 33.9 ], [ -67.540376667, -54.866186667, 33.9 ], [ -67.54042, -54.866115, 33.9 ], [ -67.54047, -54.866041667, 33.9 ], [ -67.540261667, -54.866038333, 33.9 ], [ -67.540203333, -54.86601, 33.9 ], [ -67.540083333, -54.866015, 33.8 ], [ -67.539581667, -54.866211667, 33.8 ], [ -67.539586667, -54.866176667, 33.8 ], [ -67.539626667, -54.866288333, 33.8 ], [ -67.539691667, -54.866535, 33.8 ], [ -67.539735, -54.866565, 33.7 ], [ -67.539778333, -54.86656, 33.9 ], [ -67.53978, -54.866533333, 34.1 ], [ -67.539801667, -54.866498333, 34.3 ], [ -67.539798333, -54.866456667, 34.4 ], [ -67.539751667, -54.866466667, 34.5 ], [ -67.539766667, -54.866446667, 34.5 ], [ -67.539873333, -54.866503333, 34.6 ], [ -67.539925, -54.866521667, 34.7 ], [ -67.539963333, -54.866573333, 34.7 ], [ -67.540023333, -54.866581667, 35.0 ], [ -67.540011667, -54.86656, 34.0 ], [ -67.539968333, -54.866543333, 33.9 ], [ -67.53999, -54.866536667, 33.8 ], [ -67.540011667, -54.866515, 33.9 ], [ -67.539968333, -54.866583333, 33.8 ], [ -67.539941667, -54.866616667, 33.7 ], [ -67.539913333, -54.866663333, 33.5 ], [ -67.539895, -54.86669, 33.6 ], [ -67.539868333, -54.866693333, 33.8 ], [ -67.539866667, -54.86673, 35.6 ], [ -67.539858333, -54.866748333, 36.7 ], [ -67.539845, -54.866768333, 37.7 ], [ -67.539836667, -54.86679, 39.2 ], [ -67.539848333, -54.866821667, 39.3 ], [ -67.539828333, -54.866828333, 39.8 ], [ -67.539815, -54.866835, 40.7 ], [ -67.539801667, -54.866836667, 41.7 ], [ -67.539798333, -54.866841667, 41.8 ], [ -67.53981, -54.86686, 41.5 ], [ -67.539803333, -54.86687, 41.3 ], [ -67.539801667, -54.866881667, 42.1 ], [ -67.539786667, -54.866888333, 42.6 ], [ -67.53979, -54.866911667, 42.0 ], [ -67.539793333, -54.866916667, 41.7 ], [ -67.539796667, -54.866908333, 41.9 ], [ -67.5398, -54.866906667, 42.2 ], [ -67.5398, -54.866903333, 42.3 ], [ -67.539796667, -54.866901667, 42.1 ], [ -67.539795, -54.866903333, 41.8 ], [ -67.539798333, -54.866905, 41.6 ], [ -67.539803333, -54.866901667, 41.3 ], [ -67.539806667, -54.866896667, 40.7 ], [ -67.539806667, -54.86689, 40.0 ], [ -67.539806667, -54.86689, 40.0 ], [ -67.539806667, -54.86689, 40.0 ], [ -67.539806667, -54.86689, 40.0 ], [ -67.539806667, -54.86689, 40.0 ], [ -67.539806667, -54.86689, 40.0 ], [ -67.539806667, -54.86689, 40.0 ], [ -67.539806667, -54.86689, 40.0 ], [ -67.539806667, -54.86689, 40.0 ], [ -67.539806667, -54.86689, 40.0 ], [ -67.539806667, -54.86689, 40.0 ], [ -67.539806667, -54.86689, 40.0 ], [ -67.539806667, -54.86689, 40.0 ], [ -67.539806667, -54.86689, 40.0 ], [ -67.539806667, -54.86689, 40.0 ], [ -67.539806667, -54.86689, 40.0 ], [ -67.539806667, -54.86689, 40.0 ], [ -67.539806667, -54.86689, 40.0 ], [ -67.539806667, -54.86689, 40.0 ], [ -67.539806667, -54.86689, 40.0 ], [ -67.539806667, -54.86689, 40.0 ], [ -67.539806667, -54.86689, 40.0 ], [ -67.539806667, -54.86689, 40.0 ], [ -67.539806667, -54.86689, 40.0 ], [ -67.539806667, -54.86689, 40.0 ], [ -67.539806667, -54.86689, 40.0 ], [ -67.539806667, -54.86689, 40.0 ], [ -67.539806667, -54.86689, 40.0 ], [ -67.539823333, -54.86691, 40.2 ], [ -67.539828333, -54.866911667, 40.6 ], [ -67.539833333, -54.866913333, 40.8 ], [ -67.539835, -54.866918333, 41.3 ], [ -67.539835, -54.866918333, 41.3 ], [ -67.539835, -54.866918333, 41.3 ], [ -67.539835, -54.866918333, 41.3 ], [ -67.539835, -54.866918333, 41.3 ], [ -67.539835, -54.866918333, 41.3 ], [ -67.539835, -54.866918333, 41.3 ], [ -67.539835, -54.866918333, 41.3 ], [ -67.539835, -54.866918333, 41.3 ], [ -67.539835, -54.866918333, 41.3 ], [ -67.539835, -54.866918333, 41.3 ], [ -67.539835, -54.866918333, 41.3 ], [ -67.539835, -54.866918333, 41.3 ], [ -67.539835, -54.866918333, 41.3 ], [ -67.539835, -54.866918333, 41.3 ], [ -67.539835, -54.866918333, 41.3 ], [ -67.539835, -54.866918333, 41.3 ], [ -67.539835, -54.866918333, 41.3 ], [ -67.539835, -54.866918333, 41.3 ], [ -67.539835, -54.866918333, 41.3 ], [ -67.539835, -54.866918333, 41.3 ], [ -67.539835, -54.866918333, 41.3 ], [ -67.539835, -54.866918333, 41.3 ], [ -67.539835, -54.866918333, 41.3 ], [ -67.539835, -54.866918333, 41.3 ], [ -67.539835, -54.866918333, 41.3 ], [ -67.539835, -54.866918333, 41.3 ], [ -67.539835, -54.866918333, 41.3 ], [ -67.539835, -54.866918333, 41.3 ], [ -67.539835, -54.866918333, 41.3 ], [ -67.539835, -54.866918333, 41.3 ], [ -67.539835, -54.866918333, 41.3 ], [ -67.539835, -54.866918333, 41.3 ], [ -67.539835, -54.866918333, 41.3 ], [ -67.539835, -54.866918333, 41.3 ], [ -67.539835, -54.866918333, 41.3 ], [ -67.539835, -54.866918333, 41.3 ], [ -67.539835, -54.866918333, 41.3 ], [ -67.539835, -54.866918333, 41.3 ], [ -67.539835, -54.866918333, 41.3 ], [ -67.539835, -54.866918333, 41.3 ], [ -67.539835, -54.866918333, 41.3 ], [ -67.539835, -54.866918333, 41.3 ], [ -67.539835, -54.866918333, 41.3 ], [ -67.539835, -54.866918333, 41.3 ], [ -67.539835, -54.866918333, 41.3 ], [ -67.539835, -54.866918333, 41.3 ], [ -67.539835, -54.866918333, 41.3 ], [ -67.539835, -54.866918333, 41.3 ], [ -67.539835, -54.866918333, 41.3 ], [ -67.539835, -54.866918333, 41.3 ], [ -67.539835, -54.866918333, 41.3 ], [ -67.539835, -54.866918333, 41.3 ], [ -67.539835, -54.866918333, 41.3 ], [ -67.539835, -54.866918333, 41.3 ], [ -67.539835, -54.866918333, 41.3 ], [ -67.539835, -54.866918333, 41.3 ], [ -67.539835, -54.866918333, 41.3 ], [ -67.539835, -54.866918333, 41.3 ], [ -67.539835, -54.866918333, 41.3 ], [ -67.539835, -54.866918333, 41.3 ], [ -67.539835, -54.866918333, 41.3 ], [ -67.539835, -54.866918333, 41.3 ], [ -67.539835, -54.866918333, 41.3 ], [ -67.539835, -54.866918333, 41.3 ], [ -67.539835, -54.866918333, 41.3 ], [ -67.539835, -54.866918333, 41.3 ], [ -67.539835, -54.866918333, 41.3 ], [ -67.539835, -54.866918333, 41.3 ], [ -67.539835, -54.866918333, 41.3 ], [ -67.539835, -54.866918333, 41.3 ], [ -67.539835, -54.866918333, 41.3 ], [ -67.539835, -54.866918333, 41.3 ], [ -67.539835, -54.866918333, 41.3 ], [ -67.539835, -54.866918333, 41.3 ], [ -67.539835, -54.866918333, 41.3 ], [ -67.539835, -54.866918333, 41.3 ], [ -67.539835, -54.866918333, 41.3 ], [ -67.539835, -54.866918333, 41.3 ], [ -67.539835, -54.866918333, 41.3 ], [ -67.539835, -54.866918333, 41.3 ], [ -67.539835, -54.866918333, 41.3 ], [ -67.539835, -54.866918333, 41.3 ], [ -67.539835, -54.866918333, 41.3 ], [ -67.539835, -54.866918333, 41.3 ], [ -67.539835, -54.866918333, 41.3 ], [ -67.539835, -54.866918333, 41.3 ], [ -67.539835, -54.866918333, 41.3 ], [ -67.539835, -54.866918333, 41.3 ], [ -67.539835, -54.866918333, 41.3 ], [ -67.539835, -54.866918333, 41.3 ], [ -67.539835, -54.866918333, 41.3 ], [ -67.539835, -54.866918333, 41.3 ], [ -67.539835, -54.866918333, 41.3 ], [ -67.539835, -54.866918333, 41.3 ], [ -67.539835, -54.866918333, 41.3 ], [ -67.539835, -54.866918333, 41.3 ], [ -67.539835, -54.866918333, 41.3 ], [ -67.539835, -54.866918333, 41.3 ], [ -67.539835, -54.866918333, 41.3 ], [ -67.539835, -54.866918333, 41.3 ], [ -67.539835, -54.866918333, 41.3 ], [ -67.539835, -54.866918333, 41.3 ], [ -67.539835, -54.866918333, 41.3 ], [ -67.539835, -54.866918333, 41.3 ], [ -67.539835, -54.866918333, 41.3 ], [ -67.539835, -54.866918333, 41.3 ], [ -67.539835, -54.866918333, 41.3 ], [ -67.539835, -54.866918333, 41.3 ], [ -67.539835, -54.866918333, 41.3 ], [ -67.539835, -54.866918333, 41.3 ], [ -67.539835, -54.866918333, 41.3 ], [ -67.539835, -54.866918333, 41.3 ], [ -67.539835, -54.866918333, 41.3 ], [ -67.539835, -54.866918333, 41.3 ], [ -67.539835, -54.866918333, 41.3 ], [ -67.539835, -54.866918333, 41.3 ], [ -67.539835, -54.866918333, 41.3 ], [ -67.539835, -54.866918333, 41.3 ], [ -67.539835, -54.866918333, 41.3 ], [ -67.539835, -54.866918333, 41.3 ], [ -67.539835, -54.866918333, 41.3 ], [ -67.539835, -54.866918333, 41.3 ], [ -67.539835, -54.866918333, 41.3 ], [ -67.539835, -54.866918333, 41.3 ], [ -67.539835, -54.866918333, 41.3 ], [ -67.539835, -54.866918333, 41.3 ], [ -67.539835, -54.866918333, 41.3 ], [ -67.539835, -54.866918333, 41.3 ], [ -67.539835, -54.866918333, 41.3 ], [ -67.539835, -54.866918333, 41.3 ], [ -67.539835, -54.866918333, 41.3 ], [ -67.539835, -54.866918333, 41.3 ], [ -67.539835, -54.866918333, 41.3 ], [ -67.539835, -54.866918333, 41.3 ], [ -67.539835, -54.866918333, 41.3 ], [ -67.539835, -54.866918333, 41.3 ], [ -67.539835, -54.866918333, 41.3 ], [ -67.539835, -54.866918333, 41.3 ], [ -67.539835, -54.866918333, 41.3 ], [ -67.539835, -54.866918333, 41.3 ], [ -67.53987, -54.86683, 41.0 ], [ -67.539873333, -54.86683, 41.4 ], [ -67.53988, -54.866836667, 41.6 ], [ -67.539886667, -54.866846667, 42.1 ], [ -67.539886667, -54.866846667, 42.1 ], [ -67.539871667, -54.866856667, 42.6 ], [ -67.539861667, -54.866858333, 42.5 ], [ -67.539853333, -54.866861667, 42.6 ], [ -67.539843333, -54.866863333, 43.0 ], [ -67.539843333, -54.866863333, 43.0 ], [ -67.539843333, -54.866863333, 43.0 ], [ -67.539843333, -54.866863333, 43.0 ], [ -67.539843333, -54.866863333, 43.0 ], [ -67.539843333, -54.866863333, 43.0 ], [ -67.539843333, -54.866863333, 43.0 ], [ -67.539843333, -54.866863333, 43.0 ], [ -67.539843333, -54.866863333, 43.0 ], [ -67.539843333, -54.866863333, 43.0 ], [ -67.539843333, -54.866863333, 43.0 ], [ -67.539843333, -54.866863333, 43.0 ], [ -67.539843333, -54.866863333, 43.0 ], [ -67.539843333, -54.866863333, 43.0 ], [ -67.539786667, -54.86688, 45.0 ], [ -67.539785, -54.866886667, 44.9 ], [ -67.539785, -54.86689, 44.4 ], [ -67.539788333, -54.866893333, 44.2 ], [ -67.539788333, -54.8669, 44.3 ], [ -67.539788333, -54.866895, 44.2 ], [ -67.539786667, -54.866895, 44.1 ], [ -67.539783333, -54.866895, 44.1 ], [ -67.539781667, -54.866895, 44.1 ], [ -67.53978, -54.866891667, 44.1 ], [ -67.539778333, -54.86689, 44.2 ], [ -67.539778333, -54.866886667, 43.9 ], [ -67.539778333, -54.866886667, 43.9 ], [ -67.539778333, -54.866886667, 43.9 ], [ -67.539778333, -54.866886667, 43.9 ], [ -67.539778333, -54.866886667, 43.9 ], [ -67.539778333, -54.866886667, 43.9 ], [ -67.539778333, -54.866886667, 43.9 ], [ -67.539778333, -54.866886667, 43.9 ], [ -67.539778333, -54.866886667, 43.9 ], [ -67.539778333, -54.866886667, 43.9 ], [ -67.539778333, -54.866886667, 43.9 ], [ -67.539778333, -54.866886667, 43.9 ], [ -67.539778333, -54.866886667, 43.9 ], [ -67.539778333, -54.866886667, 43.9 ], [ -67.539778333, -54.866886667, 43.9 ], [ -67.539778333, -54.866886667, 43.9 ], [ -67.539778333, -54.866886667, 43.9 ], [ -67.539778333, -54.866886667, 43.9 ], [ -67.539778333, -54.866886667, 43.9 ], [ -67.539778333, -54.866886667, 43.9 ], [ -67.539778333, -54.866886667, 43.9 ], [ -67.539778333, -54.866886667, 43.9 ], [ -67.539778333, -54.866886667, 43.9 ], [ -67.539778333, -54.866886667, 43.9 ], [ -67.539778333, -54.866886667, 43.9 ], [ -67.539778333, -54.866886667, 43.9 ], [ -67.539778333, -54.866886667, 43.9 ], [ -67.539778333, -54.866886667, 43.9 ], [ -67.539778333, -54.866886667, 43.9 ], [ -67.539778333, -54.866886667, 43.9 ], [ -67.539778333, -54.866886667, 43.9 ], [ -67.539778333, -54.866886667, 43.9 ], [ -67.539778333, -54.866886667, 43.9 ], [ -67.539778333, -54.866886667, 43.9 ], [ -67.539778333, -54.866886667, 43.9 ], [ -67.539778333, -54.866886667, 43.9 ], [ -67.539778333, -54.866886667, 43.9 ], [ -67.539778333, -54.866886667, 43.9 ], [ -67.539778333, -54.866886667, 43.9 ], [ -67.539778333, -54.866886667, 43.9 ], [ -67.539778333, -54.866886667, 43.9 ], [ -67.539778333, -54.866886667, 43.9 ], [ -67.539778333, -54.866886667, 43.9 ], [ -67.539778333, -54.866886667, 43.9 ], [ -67.539778333, -54.866886667, 43.9 ], [ -67.539778333, -54.866886667, 43.9 ], [ -67.539781667, -54.866931667, 44.5 ], [ -67.539798333, -54.86693, 44.5 ], [ -67.539815, -54.866931667, 44.3 ], [ -67.539835, -54.866935, 44.2 ], [ -67.539853333, -54.86694, 44.1 ], [ -67.539863333, -54.866948333, 44.2 ], [ -67.53987, -54.866953333, 44.0 ], [ -67.53988, -54.866958333, 43.9 ], [ -67.539891667, -54.866965, 43.6 ], [ -67.539901667, -54.866965, 43.3 ], [ -67.539916667, -54.866966667, 43.1 ], [ -67.539941667, -54.866966667, 43.1 ], [ -67.539961667, -54.86697, 42.7 ], [ -67.539975, -54.86697, 42.4 ], [ -67.53998, -54.866971667, 41.9 ], [ -67.539988333, -54.86698, 41.4 ], [ -67.539991667, -54.866983333, 41.0 ], [ -67.539991667, -54.866981667, 40.8 ], [ -67.539998333, -54.866986667, 40.7 ], [ -67.540005, -54.866995, 41.0 ], [ -67.540006667, -54.866998333, 40.8 ], [ -67.539996667, -54.867003333, 41.0 ], [ -67.539991667, -54.867008333, 41.0 ], [ -67.539988333, -54.867011667, 40.8 ], [ -67.539993333, -54.867016667, 40.8 ], [ -67.540006667, -54.867023333, 40.6 ], [ -67.540018333, -54.867025, 39.9 ], [ -67.540028333, -54.867028333, 40.2 ], [ -67.540038333, -54.867031667, 40.1 ], [ -67.540045, -54.867038333, 39.9 ], [ -67.540048333, -54.867038333, 39.9 ], [ -67.540101667, -54.867046667, 39.8 ], [ -67.54013, -54.867041667, 39.8 ], [ -67.540306667, -54.867028333, 39.9 ], [ -67.540373333, -54.866985, 39.9 ], [ -67.540401667, -54.866925, 39.9 ], [ -67.540111667, -54.866993333, 39.9 ], [ -67.54004, -54.867043333, 39.9 ], [ -67.540065, -54.867071667, 39.9 ], [ -67.54002, -54.867096667, 39.9 ], [ -67.539976667, -54.867103333, 39.9 ], [ -67.539886667, -54.867121667, 39.9 ], [ -67.539801667, -54.867151667, 39.9 ], [ -67.539878333, -54.867206667, 39.9 ], [ -67.539721667, -54.867278333, 39.9 ], [ -67.539495, -54.8672, 40.0 ], [ -67.53924, -54.867155, 40.2 ], [ -67.539138333, -54.867133333, 40.3 ], [ -67.539116667, -54.86703, 40.4 ], [ -67.539071667, -54.866966667, 40.5 ], [ -67.539225, -54.867095, 40.6 ], [ -67.539906667, -54.867236667, 40.5 ], [ -67.540061667, -54.86728, 40.6 ], [ -67.540065, -54.867103333, 40.6 ], [ -67.540081667, -54.867075, 40.7 ], [ -67.540098333, -54.867071667, 40.7 ], [ -67.54008, -54.867066667, 40.6 ], [ -67.54017, -54.867055, 40.6 ], [ -67.540245, -54.867068333, 40.6 ], [ -67.540261667, -54.867083333, 40.5 ], [ -67.540256667, -54.867086667, 40.4 ], [ -67.540251667, -54.867081667, 40.6 ], [ -67.54032, -54.867076667, 40.6 ], [ -67.540346667, -54.867083333, 40.8 ], [ -67.540355, -54.867085, 40.6 ], [ -67.540363333, -54.867105, 40.5 ], [ -67.540361667, -54.867115, 40.3 ], [ -67.540365, -54.867138333, 40.3 ], [ -67.540418333, -54.86717, 40.2 ], [ -67.540488333, -54.867186667, 40.2 ], [ -67.540668333, -54.867273333, 40.1 ], [ -67.540696667, -54.867291667, 40.1 ], [ -67.540683333, -54.867296667, 40.0 ], [ -67.540688333, -54.867333333, 39.9 ], [ -67.540625, -54.867356667, 39.9 ], [ -67.540616667, -54.867358333, 40.0 ], [ -67.540605, -54.86736, 40.1 ], [ -67.540581667, -54.867388333, 40.2 ], [ -67.54057, -54.867365, 40.2 ], [ -67.54058, -54.867345, 40.2 ], [ -67.54048, -54.867256667, 40.0 ], [ -67.540443333, -54.867221667, 39.7 ], [ -67.540415, -54.86721, 39.6 ], [ -67.5404, -54.867208333, 39.6 ], [ -67.540393333, -54.867213333, 39.9 ], [ -67.54037, -54.867218333, 39.7 ], [ -67.540346667, -54.867218333, 39.6 ], [ -67.540321667, -54.867225, 39.6 ], [ -67.540266667, -54.867218333, 39.8 ], [ -67.540181667, -54.867201667, 39.8 ], [ -67.540075, -54.867205, 39.8 ], [ -67.540083333, -54.867198333, 39.9 ], [ -67.54001, -54.86719, 39.9 ], [ -67.54, -54.867226667, 39.9 ], [ -67.540001667, -54.8673, 39.4 ], [ -67.539998295397041, -54.866752848169689, 39.4 ], [ -67.539971435063634, -54.866694010440185, 39.2 ], [ -67.539997993428784, -54.866761203797907, 38.7 ], [ -67.540030591121024, -54.866661284582833, 35.8 ], [ -67.540101818549218, -54.866695577878268, 38.0 ], [ -67.540141667, -54.86676, 56.2 ], [ -67.540056667, -54.86693, 64.6 ], [ -67.540228333, -54.86693, 49.2 ], [ -67.540268333, -54.866995, 40.7 ], [ -67.540198333, -54.867068333, 38.0 ], [ -67.54021, -54.867076667, 37.2 ], [ -67.540203333, -54.867101667, 40.6 ], [ -67.540201667, -54.867106667, 40.4 ], [ -67.540213333, -54.8671, 40.7 ], [ -67.54024, -54.867096667, 40.0 ], [ -67.540283333, -54.867106667, 39.3 ], [ -67.540333333, -54.867111667, 39.3 ], [ -67.540361667, -54.867111667, 39.0 ], [ -67.540396667, -54.867108333, 39.1 ], [ -67.54042, -54.867105, 39.1 ], [ -67.540443333, -54.867091667, 38.8 ], [ -67.540536667, -54.867036667, 38.6 ], [ -67.540625, -54.867001667, 38.4 ], [ -67.540735, -54.866956667, 38.3 ], [ -67.540833333, -54.866898333, 38.1 ], [ -67.540671667, -54.866768333, 37.9 ], [ -67.540751667, -54.866686667, 37.8 ], [ -67.540788333, -54.866611667, 37.8 ], [ -67.540823333, -54.866541667, 37.8 ], [ -67.540873333, -54.866461667, 37.8 ], [ -67.54076, -54.866355, 37.7 ], [ -67.540808333, -54.866335, 37.7 ], [ -67.540456667, -54.866055, 36.7 ], [ -67.540615, -54.866275, 36.6 ], [ -67.54072, -54.866515, 36.5 ], [ -67.540788333, -54.866555, 36.4 ], [ -67.540813333, -54.866661667, 36.5 ], [ -67.540788333, -54.86674, 36.5 ], [ -67.540735, -54.866821667, 36.4 ], [ -67.540691667, -54.866903333, 36.4 ], [ -67.540676667, -54.866986667, 36.4 ], [ -67.540645, -54.86706, 36.5 ], [ -67.540648333, -54.867075, 36.6 ], [ -67.54065, -54.867081667, 36.8 ], [ -67.540628333, -54.867128333, 36.9 ], [ -67.5406, -54.867135, 36.9 ], [ -67.540565, -54.867135, 37.1 ], [ -67.540553333, -54.867138333, 37.4 ], [ -67.540555, -54.867141667, 37.4 ], [ -67.540551667, -54.867143333, 37.4 ], [ -67.540546667, -54.867146667, 37.4 ], [ -67.540541667, -54.86715, 37.4 ], [ -67.540535, -54.867153333, 37.5 ], [ -67.540535, -54.867155, 37.5 ], [ -67.54054, -54.867155, 37.4 ], [ -67.54054, -54.867153333, 37.4 ], [ -67.540536667, -54.86715, 37.4 ], [ -67.54054, -54.86715, 37.1 ], [ -67.540535, -54.86715, 37.1 ], [ -67.540533333, -54.867151667, 37.0 ], [ -67.540533333, -54.867153333, 37.0 ], [ -67.540531667, -54.867156667, 37.1 ], [ -67.540531667, -54.86716, 37.0 ], [ -67.54053, -54.867161667, 37.1 ], [ -67.540528333, -54.867161667, 37.0 ], [ -67.540525, -54.867161667, 37.0 ], [ -67.540531667, -54.867165, 37.0 ], [ -67.54053, -54.867171667, 37.0 ], [ -67.540528333, -54.867171667, 37.3 ], [ -67.540531667, -54.867171667, 37.5 ], [ -67.540531667, -54.867171667, 37.5 ], [ -67.540531667, -54.867171667, 37.5 ], [ -67.540531667, -54.867171667, 37.5 ], [ -67.540531667, -54.867171667, 37.5 ], [ -67.540531667, -54.867171667, 37.5 ], [ -67.540531667, -54.867171667, 37.5 ], [ -67.540531667, -54.867171667, 37.5 ], [ -67.540531667, -54.867171667, 37.5 ], [ -67.540531667, -54.867171667, 37.5 ], [ -67.540531667, -54.867171667, 37.5 ], [ -67.540531667, -54.867171667, 37.5 ], [ -67.540531667, -54.867171667, 37.5 ], [ -67.540531667, -54.867171667, 37.5 ], [ -67.540531667, -54.867171667, 37.5 ], [ -67.540531667, -54.867171667, 37.5 ], [ -67.540531667, -54.867171667, 37.5 ], [ -67.540531667, -54.867171667, 37.5 ], [ -67.540531667, -54.867171667, 37.5 ], [ -67.540531667, -54.867171667, 37.5 ], [ -67.540531667, -54.867171667, 37.5 ], [ -67.540531667, -54.867171667, 37.5 ], [ -67.540531667, -54.867171667, 37.5 ], [ -67.540531667, -54.867171667, 37.5 ], [ -67.540531667, -54.867171667, 37.5 ], [ -67.540531667, -54.867171667, 37.5 ], [ -67.540531667, -54.867171667, 37.5 ], [ -67.540531667, -54.867171667, 37.5 ], [ -67.540531667, -54.867171667, 37.5 ], [ -67.540531667, -54.867171667, 37.5 ], [ -67.540531667, -54.867171667, 37.5 ], [ -67.540531667, -54.867171667, 37.5 ], [ -67.540531667, -54.867171667, 37.5 ], [ -67.540531667, -54.867171667, 37.5 ], [ -67.540531667, -54.867171667, 37.5 ], [ -67.540531667, -54.867171667, 37.5 ], [ -67.5405, -54.86717, 37.7 ], [ -67.540506667, -54.86717, 37.6 ], [ -67.54051, -54.86717, 37.4 ], [ -67.540511667, -54.86717, 37.3 ], [ -67.540511667, -54.86717, 37.3 ], [ -67.540511667, -54.86717, 37.3 ], [ -67.540511667, -54.86717, 37.3 ], [ -67.540511667, -54.86717, 37.3 ], [ -67.540511667, -54.86717, 37.3 ], [ -67.540511667, -54.86717, 37.3 ], [ -67.540511667, -54.86717, 37.3 ], [ -67.540511667, -54.86717, 37.3 ], [ -67.540511667, -54.86717, 37.3 ], [ -67.540511667, -54.86717, 37.3 ], [ -67.540503333, -54.867158333, 38.7 ], [ -67.540505, -54.867161667, 39.0 ], [ -67.540495, -54.867158333, 39.0 ], [ -67.540495, -54.867156667, 39.1 ], [ -67.540491667, -54.867158333, 39.0 ], [ -67.540491667, -54.867158333, 39.0 ], [ -67.540491667, -54.867158333, 39.0 ], [ -67.540491667, -54.867158333, 39.0 ], [ -67.540491667, -54.867158333, 39.0 ], [ -67.540491667, -54.867158333, 39.0 ], [ -67.540491667, -54.867158333, 39.0 ], [ -67.540491667, -54.867158333, 39.0 ], [ -67.540491667, -54.867158333, 39.0 ], [ -67.540491667, -54.867158333, 39.0 ], [ -67.540491667, -54.867158333, 39.0 ], [ -67.540491667, -54.867158333, 39.0 ], [ -67.540491667, -54.867158333, 39.0 ], [ -67.540491667, -54.867158333, 39.0 ], [ -67.540491667, -54.867158333, 39.0 ], [ -67.540491667, -54.867158333, 39.0 ], [ -67.540491667, -54.867158333, 39.0 ], [ -67.540491667, -54.867158333, 39.0 ], [ -67.540491667, -54.867158333, 39.0 ], [ -67.540491667, -54.867158333, 39.0 ], [ -67.540491667, -54.867158333, 39.0 ], [ -67.540491667, -54.867158333, 39.0 ], [ -67.540491667, -54.867158333, 39.0 ], [ -67.540491667, -54.867158333, 39.0 ], [ -67.540491667, -54.867158333, 39.0 ], [ -67.540491667, -54.867158333, 39.0 ], [ -67.540491667, -54.867158333, 39.0 ], [ -67.540491667, -54.867158333, 39.0 ], [ -67.540491667, -54.867158333, 39.0 ], [ -67.540491667, -54.867158333, 39.0 ], [ -67.540491667, -54.867158333, 39.0 ], [ -67.540491667, -54.867158333, 39.0 ], [ -67.540491667, -54.867158333, 39.0 ], [ -67.540491667, -54.867158333, 39.0 ], [ -67.540491667, -54.867158333, 39.0 ], [ -67.540491667, -54.867158333, 39.0 ], [ -67.540491667, -54.867158333, 39.0 ], [ -67.540491667, -54.867158333, 39.0 ], [ -67.540491667, -54.867158333, 39.0 ], [ -67.540491667, -54.867158333, 39.0 ], [ -67.540491667, -54.867158333, 39.0 ], [ -67.540491667, -54.867158333, 39.0 ], [ -67.540491667, -54.867158333, 39.0 ], [ -67.540491667, -54.867158333, 39.0 ], [ -67.540491667, -54.867158333, 39.0 ], [ -67.540491667, -54.867158333, 39.0 ], [ -67.540491667, -54.867158333, 39.0 ], [ -67.540491667, -54.867158333, 39.0 ], [ -67.540491667, -54.867158333, 39.0 ], [ -67.540491667, -54.867158333, 39.0 ], [ -67.540491667, -54.867158333, 39.0 ], [ -67.540491667, -54.867158333, 39.0 ], [ -67.540491667, -54.867158333, 39.0 ], [ -67.540491667, -54.867158333, 39.0 ], [ -67.540491667, -54.867158333, 39.0 ], [ -67.540531667, -54.867171667, 44.3 ], [ -67.540536667, -54.867171667, 44.3 ], [ -67.540525, -54.867165, 44.2 ], [ -67.540516667, -54.86717, 44.1 ], [ -67.540498333, -54.867175, 44.2 ], [ -67.540493333, -54.867186667, 44.2 ], [ -67.540486667, -54.867198333, 44.6 ], [ -67.54048, -54.867203333, 44.3 ], [ -67.540483333, -54.867201667, 44.3 ], [ -67.540496667, -54.867193333, 44.4 ], [ -67.540511667, -54.867175, 44.8 ], [ -67.540521667, -54.867161667, 44.7 ], [ -67.54054, -54.867166667, 44.6 ], [ -67.540541667, -54.867168333, 44.6 ], [ -67.540546667, -54.86716, 44.6 ], [ -67.540553333, -54.867153333, 44.5 ], [ -67.540551667, -54.867148333, 44.4 ], [ -67.540548333, -54.867145, 44.1 ], [ -67.540555, -54.867145, 44.0 ], [ -67.54056, -54.867145, 43.9 ], [ -67.540563333, -54.867146667, 43.9 ], [ -67.540566667, -54.867143333, 43.9 ], [ -67.540568333, -54.867136667, 43.8 ], [ -67.540573333, -54.867138333, 43.7 ], [ -67.540575, -54.86714, 43.6 ], [ -67.540583333, -54.867138333, 43.6 ], [ -67.54059, -54.867146667, 43.6 ], [ -67.540603333, -54.867148333, 43.5 ], [ -67.540608333, -54.867151667, 43.5 ], [ -67.540623333, -54.867155, 43.4 ], [ -67.540633333, -54.867161667, 43.2 ], [ -67.540636667, -54.867168333, 43.2 ], [ -67.540643333, -54.867175, 43.2 ], [ -67.540648333, -54.867181667, 43.3 ], [ -67.540651667, -54.867186667, 43.3 ], [ -67.540651667, -54.867198333, 43.2 ], [ -67.540651667, -54.867205, 43.1 ], [ -67.540655, -54.867211667, 43.1 ], [ -67.540661667, -54.867215, 42.9 ], [ -67.540668333, -54.86722, 42.6 ], [ -67.540678333, -54.86722, 42.3 ], [ -67.540688333, -54.867218333, 42.2 ], [ -67.54069, -54.867218333, 42.0 ], [ -67.540696667, -54.867216667, 41.9 ], [ -67.540696667, -54.867216667, 41.9 ], [ -67.540696667, -54.867216667, 41.9 ], [ -67.540733333, -54.86721, 41.1 ], [ -67.540738333, -54.867201667, 40.7 ], [ -67.540743333, -54.867198333, 40.4 ], [ -67.540745, -54.867201667, 39.9 ], [ -67.540745, -54.867205, 39.5 ], [ -67.540741667, -54.867205, 39.3 ], [ -67.540748333, -54.867203333, 39.0 ], [ -67.540756667, -54.867206667, 38.9 ], [ -67.540768333, -54.867203333, 38.5 ], [ -67.540778333, -54.867205, 38.4 ], [ -67.54079, -54.867211667, 38.1 ], [ -67.5408, -54.867216667, 37.9 ], [ -67.54081, -54.867216667, 37.7 ], [ -67.540821667, -54.86722, 37.6 ], [ -67.54083, -54.867218333, 37.4 ], [ -67.54083, -54.867218333, 37.4 ], [ -67.54083, -54.867218333, 37.4 ], [ -67.54083, -54.867218333, 37.4 ], [ -67.540831667, -54.867221667, 36.5 ], [ -67.54083, -54.867218333, 36.1 ], [ -67.540828333, -54.867215, 35.9 ], [ -67.54083, -54.867211667, 35.9 ], [ -67.54083, -54.867211667, 35.9 ], [ -67.54083, -54.867211667, 35.9 ], [ -67.54083, -54.867211667, 35.9 ], [ -67.54083, -54.867211667, 35.9 ], [ -67.54083, -54.867211667, 35.9 ], [ -67.54083, -54.867211667, 35.9 ], [ -67.54083, -54.867211667, 35.9 ], [ -67.54083, -54.867211667, 35.9 ], [ -67.54083, -54.867211667, 35.9 ], [ -67.540845, -54.86721, 36.6 ], [ -67.540838333, -54.867208333, 36.5 ], [ -67.540838333, -54.867208333, 36.5 ], [ -67.54084, -54.867208333, 36.6 ], [ -67.540845, -54.867205, 36.6 ], [ -67.540846667, -54.867203333, 36.7 ], [ -67.540848333, -54.867206667, 36.3 ], [ -67.540848333, -54.867208333, 36.1 ], [ -67.540858333, -54.867208333, 35.9 ], [ -67.540858333, -54.867208333, 35.9 ], [ -67.540858333, -54.867208333, 35.9 ], [ -67.540858333, -54.867208333, 35.9 ], [ -67.540858333, -54.867208333, 35.9 ], [ -67.540858333, -54.867208333, 35.9 ], [ -67.540858333, -54.867208333, 35.9 ], [ -67.540858333, -54.867208333, 35.9 ], [ -67.540858333, -54.867208333, 35.9 ], [ -67.540858333, -54.867208333, 35.9 ], [ -67.540858333, -54.867208333, 35.9 ], [ -67.540858333, -54.867208333, 35.9 ], [ -67.540858333, -54.867208333, 35.9 ], [ -67.540858333, -54.867208333, 35.9 ], [ -67.540858333, -54.867208333, 35.9 ], [ -67.540858333, -54.867208333, 35.9 ], [ -67.540858333, -54.867208333, 35.9 ], [ -67.540858333, -54.867208333, 35.9 ], [ -67.540858333, -54.867208333, 35.9 ], [ -67.540915, -54.867211667, 37.4 ], [ -67.540928333, -54.867213333, 37.3 ], [ -67.540935, -54.867216667, 37.2 ], [ -67.540948333, -54.867225, 37.0 ], [ -67.540953333, -54.867231667, 36.7 ], [ -67.540948333, -54.867238333, 36.9 ], [ -67.540946667, -54.867243333, 37.1 ], [ -67.540948333, -54.867248333, 37.1 ], [ -67.540946667, -54.867255, 37.2 ], [ -67.540945, -54.867258333, 37.5 ], [ -67.540945, -54.86726, 37.8 ], [ -67.540946667, -54.86726, 37.6 ], [ -67.540953333, -54.867258333, 37.2 ], [ -67.540958333, -54.86725, 37.1 ], [ -67.540968333, -54.86725, 37.2 ], [ -67.540971667, -54.867248333, 37.5 ], [ -67.540971667, -54.867248333, 37.5 ], [ -67.540986667, -54.867246667, 38.1 ], [ -67.540998333, -54.867255, 38.2 ], [ -67.541008333, -54.867261667, 38.3 ], [ -67.541015, -54.86726, 38.5 ], [ -67.541025, -54.867255, 38.6 ], [ -67.541033333, -54.867251667, 38.6 ], [ -67.541038333, -54.867251667, 38.4 ], [ -67.541053333, -54.867256667, 38.4 ], [ -67.541063333, -54.867258333, 38.5 ], [ -67.541076667, -54.867256667, 38.2 ], [ -67.541085, -54.867258333, 38.1 ], [ -67.541098333, -54.867258333, 37.8 ], [ -67.541111667, -54.867255, 37.8 ], [ -67.541128333, -54.867253333, 37.5 ], [ -67.541146667, -54.867248333, 37.1 ], [ -67.541146667, -54.86725, 36.7 ], [ -67.541148333, -54.867253333, 36.6 ], [ -67.541148333, -54.867256667, 36.6 ], [ -67.541148333, -54.86726, 36.6 ], [ -67.541148333, -54.867268333, 36.4 ], [ -67.541156667, -54.867275, 36.2 ], [ -67.541161667, -54.86728, 36.0 ], [ -67.54117, -54.867288333, 35.4 ], [ -67.541178333, -54.867291667, 35.1 ], [ -67.541188333, -54.867296667, 34.7 ], [ -67.541195, -54.867291667, 34.5 ], [ -67.541198333, -54.86729, 34.5 ], [ -67.541203333, -54.86729, 34.4 ], [ -67.5412, -54.867296667, 34.3 ], [ -67.541206667, -54.867301667, 34.0 ], [ -67.541208333, -54.8673, 34.0 ], [ -67.541201667, -54.867305, 34.1 ], [ -67.54117, -54.867326667, 34.1 ], [ -67.541136667, -54.867345, 34.1 ], [ -67.541001667, -54.867371667, 34.1 ], [ -67.540953333, -54.86734, 34.2 ], [ -67.540975, -54.86729, 34.5 ], [ -67.541005, -54.867248333, 34.6 ], [ -67.540996667, -54.867235, 34.7 ], [ -67.54106, -54.867243333, 34.5 ], [ -67.541138333, -54.867263333, 34.3 ], [ -67.541188333, -54.867291667, 34.1 ], [ -67.541215, -54.867296667, 33.9 ], [ -67.541228333, -54.867308333, 33.8 ], [ -67.541238333, -54.867316667, 33.8 ], [ -67.541245, -54.867323333, 33.7 ], [ -67.541258333, -54.867326667, 33.5 ], [ -67.541251667, -54.867328333, 33.4 ], [ -67.541238333, -54.86733, 33.3 ], [ -67.541236667, -54.867323333, 33.2 ], [ -67.541238333, -54.86732, 33.3 ], [ -67.541231667, -54.86732, 33.7 ], [ -67.54123, -54.867326667, 33.7 ], [ -67.541231667, -54.867328333, 33.5 ], [ -67.541236667, -54.867333333, 33.4 ], [ -67.541241667, -54.867335, 33.5 ], [ -67.54124, -54.867335, 33.6 ], [ -67.541238333, -54.867335, 33.7 ], [ -67.54124, -54.867336667, 33.6 ], [ -67.541241667, -54.86734, 33.6 ], [ -67.54124, -54.86734, 33.5 ], [ -67.54124, -54.867338333, 33.4 ], [ -67.541246667, -54.867336667, 33.2 ], [ -67.541251667, -54.86734, 33.0 ], [ -67.541253333, -54.867336667, 32.7 ], [ -67.541253333, -54.867336667, 32.5 ], [ -67.541256667, -54.867335, 32.4 ], [ -67.541256667, -54.867335, 32.4 ], [ -67.541256667, -54.867335, 32.4 ], [ -67.541256667, -54.867335, 32.4 ], [ -67.541256667, -54.867335, 32.4 ], [ -67.541256667, -54.867335, 32.4 ], [ -67.541256667, -54.867335, 32.4 ], [ -67.541256667, -54.867335, 32.4 ], [ -67.541256667, -54.867335, 32.4 ], [ -67.541246667, -54.867326667, 31.7 ], [ -67.541241667, -54.867333333, 31.7 ], [ -67.541223333, -54.867341667, 31.7 ], [ -67.541183333, -54.867363333, 31.8 ], [ -67.541205, -54.867348333, 32.0 ], [ -67.541216667, -54.867343333, 32.2 ], [ -67.54122, -54.867333333, 32.3 ], [ -67.541221667, -54.867323333, 32.2 ], [ -67.54122, -54.867318333, 31.9 ], [ -67.541226667, -54.867315, 31.7 ], [ -67.541235, -54.867305, 31.6 ], [ -67.54125, -54.867301667, 31.4 ], [ -67.541246667, -54.867303333, 31.5 ], [ -67.541245, -54.867306667, 31.4 ], [ -67.541238333, -54.867305, 31.6 ], [ -67.54123, -54.867306667, 31.5 ], [ -67.54123, -54.867296667, 31.4 ], [ -67.541231667, -54.867298333, 31.3 ], [ -67.54123, -54.8673, 31.2 ], [ -67.541231667, -54.867303333, 31.3 ], [ -67.541226667, -54.867308333, 31.5 ], [ -67.54123, -54.86731, 31.6 ], [ -67.541231667, -54.867316667, 31.6 ], [ -67.541228333, -54.867326667, 31.7 ], [ -67.541231667, -54.867331667, 31.7 ], [ -67.541231667, -54.867338333, 31.8 ], [ -67.541236667, -54.867333333, 31.7 ], [ -67.54124, -54.867335, 31.8 ], [ -67.541245, -54.867333333, 31.9 ], [ -67.541245, -54.867333333, 31.9 ], [ -67.541251667, -54.867331667, 32.1 ], [ -67.541256667, -54.867331667, 32.2 ], [ -67.541256667, -54.867331667, 32.2 ], [ -67.541256667, -54.867331667, 32.2 ], [ -67.541256667, -54.867331667, 32.2 ], [ -67.541256667, -54.867331667, 32.2 ], [ -67.541256667, -54.867331667, 32.2 ], [ -67.541256667, -54.867331667, 32.2 ], [ -67.541256667, -54.867331667, 32.2 ], [ -67.541256667, -54.867331667, 32.2 ], [ -67.541215, -54.867315, 32.7 ], [ -67.541205, -54.867308333, 33.0 ], [ -67.5412, -54.867301667, 33.3 ], [ -67.541195, -54.867293333, 33.7 ], [ -67.541195, -54.867285, 33.9 ], [ -67.54119, -54.867278333, 34.2 ], [ -67.541186667, -54.867273333, 34.5 ], [ -67.541181667, -54.867266667, 34.6 ], [ -67.54119, -54.867273333, 34.8 ], [ -67.541185, -54.867265, 34.7 ], [ -67.541178333, -54.86726, 35.0 ], [ -67.541175, -54.867253333, 34.7 ], [ -67.541166667, -54.867251667, 34.5 ], [ -67.541151667, -54.867255, 34.5 ], [ -67.541145, -54.867253333, 34.6 ], [ -67.541141667, -54.86725, 34.7 ], [ -67.541133333, -54.867245, 35.4 ], [ -67.541126667, -54.867241667, 35.9 ], [ -67.541121667, -54.867236667, 35.9 ], [ -67.54112, -54.867231667, 36.1 ], [ -67.541116667, -54.867225, 36.1 ], [ -67.541116667, -54.867218333, 36.3 ], [ -67.541113333, -54.867215, 36.6 ], [ -67.541115, -54.867208333, 36.6 ], [ -67.541115, -54.867205, 36.6 ], [ -67.541115, -54.867201667, 36.7 ], [ -67.541111667, -54.867198333, 36.9 ], [ -67.541106667, -54.867196667, 36.9 ], [ -67.541111667, -54.867191667, 37.3 ], [ -67.54111, -54.86719, 37.4 ], [ -67.54111, -54.867186667, 37.9 ], [ -67.541113333, -54.867183333, 37.9 ], [ -67.541111667, -54.867181667, 38.1 ], [ -67.541115, -54.867186667, 38.4 ], [ -67.541121667, -54.86719, 38.3 ], [ -67.541126667, -54.867193333, 38.7 ], [ -67.541136667, -54.867195, 39.2 ], [ -67.541141667, -54.867196667, 39.9 ], [ -67.54115, -54.867195, 40.6 ], [ -67.541153333, -54.867193333, 41.1 ], [ -67.541153333, -54.867188333, 40.9 ], [ -67.541146667, -54.867188333, 41.0 ], [ -67.541146667, -54.867186667, 41.2 ], [ -67.541141667, -54.86719, 41.5 ], [ -67.541151667, -54.867191667, 41.6 ], [ -67.541158333, -54.867191667, 41.5 ], [ -67.541165, -54.867188333, 41.3 ], [ -67.541168333, -54.867188333, 41.3 ], [ -67.541178333, -54.867186667, 41.3 ], [ -67.541186667, -54.867183333, 41.3 ], [ -67.541186667, -54.867178333, 41.3 ], [ -67.541186667, -54.867176667, 41.3 ], [ -67.541193333, -54.867181667, 41.2 ], [ -67.541206667, -54.867178333, 41.0 ], [ -67.541206667, -54.867175, 40.9 ], [ -67.541205, -54.867173333, 40.6 ], [ -67.541205, -54.867173333, 40.6 ], [ -67.541205, -54.867173333, 40.6 ], [ -67.541205, -54.867173333, 40.6 ], [ -67.541205, -54.867173333, 40.6 ], [ -67.541205, -54.867173333, 40.6 ], [ -67.541205, -54.867173333, 40.6 ], [ -67.541205, -54.867173333, 40.6 ], [ -67.541205, -54.867173333, 40.6 ], [ -67.541205, -54.867173333, 40.6 ], [ -67.541205, -54.867173333, 40.6 ], [ -67.541205, -54.867173333, 40.6 ], [ -67.541175, -54.86719, 39.9 ], [ -67.541163333, -54.867188333, 40.1 ], [ -67.541156667, -54.867191667, 40.5 ], [ -67.541151667, -54.867191667, 41.1 ], [ -67.54114, -54.867198333, 41.4 ], [ -67.54113, -54.867195, 41.8 ], [ -67.541126667, -54.867191667, 41.9 ], [ -67.541128333, -54.867186667, 41.8 ], [ -67.541126667, -54.867186667, 41.8 ], [ -67.54112, -54.867181667, 41.7 ], [ -67.541111667, -54.86718, 41.5 ], [ -67.541096667, -54.867175, 41.3 ], [ -67.541093333, -54.867168333, 41.2 ], [ -67.541088333, -54.867156667, 41.2 ], [ -67.541078333, -54.86715, 41.1 ], [ -67.541073333, -54.867143333, 41.2 ], [ -67.541071667, -54.867135, 41.5 ], [ -67.541068333, -54.867125, 41.7 ], [ -67.54107, -54.867121667, 42.0 ], [ -67.541073333, -54.867116667, 42.2 ], [ -67.541076667, -54.867111667, 42.3 ], [ -67.541081667, -54.867106667, 42.3 ], [ -67.541086667, -54.867101667, 42.1 ], [ -67.541086667, -54.867098333, 42.3 ], [ -67.541086667, -54.86709, 42.3 ], [ -67.541091667, -54.867086667, 42.2 ], [ -67.541098333, -54.867083333, 42.1 ], [ -67.541123333, -54.86707, 41.7 ], [ -67.54113, -54.867063333, 41.6 ], [ -67.54114, -54.867061667, 41.4 ], [ -67.54114, -54.867061667, 41.3 ], [ -67.541136667, -54.867066667, 41.3 ], [ -67.541138333, -54.867065, 41.3 ], [ -67.541141667, -54.867061667, 41.4 ], [ -67.541141667, -54.867061667, 41.4 ], [ -67.541141667, -54.867061667, 41.4 ], [ -67.541141667, -54.867061667, 41.4 ], [ -67.541141667, -54.867061667, 41.4 ], [ -67.541141667, -54.867061667, 41.4 ], [ -67.541141667, -54.867061667, 41.4 ], [ -67.541141667, -54.867061667, 41.4 ], [ -67.541141667, -54.867061667, 41.4 ], [ -67.541141667, -54.867061667, 41.4 ], [ -67.541141667, -54.867061667, 41.4 ], [ -67.541141667, -54.867061667, 41.4 ], [ -67.541141667, -54.867061667, 41.4 ], [ -67.541141667, -54.867061667, 41.4 ], [ -67.541141667, -54.867061667, 41.4 ], [ -67.541141667, -54.867061667, 41.4 ], [ -67.541141667, -54.867061667, 41.4 ], [ -67.541141667, -54.867061667, 41.4 ], [ -67.541141667, -54.867061667, 41.4 ], [ -67.541141667, -54.867061667, 41.4 ], [ -67.541141667, -54.867061667, 41.4 ], [ -67.541196667, -54.86712, 40.4 ], [ -67.541203333, -54.867121667, 40.4 ], [ -67.541211667, -54.867123333, 40.5 ], [ -67.54122, -54.867123333, 40.6 ], [ -67.54122, -54.867123333, 40.6 ], [ -67.54122, -54.867123333, 40.6 ], [ -67.54122, -54.867123333, 40.6 ], [ -67.54122, -54.867123333, 40.6 ], [ -67.54122, -54.867123333, 40.6 ], [ -67.54122, -54.867123333, 40.6 ], [ -67.54122, -54.867123333, 40.6 ], [ -67.54122, -54.867123333, 40.6 ], [ -67.541198333, -54.86712, 40.7 ], [ -67.541196667, -54.867113333, 40.5 ], [ -67.541191667, -54.86711, 40.5 ], [ -67.541193333, -54.8671, 40.5 ], [ -67.54119, -54.867091667, 40.4 ], [ -67.54119, -54.867085, 40.3 ], [ -67.541193333, -54.867078333, 40.4 ], [ -67.541196667, -54.867076667, 40.2 ], [ -67.541196667, -54.867073333, 40.4 ], [ -67.541191667, -54.867071667, 40.5 ], [ -67.541191667, -54.867066667, 40.5 ], [ -67.541188333, -54.86706, 40.6 ], [ -67.541176667, -54.867053333, 40.7 ], [ -67.541173333, -54.867043333, 40.4 ], [ -67.541171667, -54.867035, 40.4 ], [ -67.541175, -54.867025, 40.4 ], [ -67.541175, -54.867016667, 40.6 ], [ -67.541181667, -54.867008333, 40.8 ], [ -67.541186667, -54.866998333, 40.7 ], [ -67.541195, -54.86699, 40.3 ], [ -67.541203333, -54.866985, 40.2 ], [ -67.541213333, -54.866978333, 40.1 ], [ -67.541221667, -54.866976667, 40.0 ], [ -67.541238333, -54.866976667, 40.2 ], [ -67.54125, -54.866973333, 40.2 ], [ -67.541255, -54.866975, 39.9 ], [ -67.54126, -54.866975, 39.8 ], [ -67.541266667, -54.866968333, 39.6 ], [ -67.54127, -54.866961667, 39.5 ], [ -67.54128, -54.866953333, 39.5 ], [ -67.541291667, -54.866948333, 39.6 ], [ -67.541301667, -54.866943333, 39.6 ], [ -67.541305, -54.86694, 39.5 ], [ -67.541308333, -54.866935, 39.5 ], [ -67.541311667, -54.866928333, 39.5 ], [ -67.541315, -54.866921667, 39.3 ], [ -67.541316667, -54.866916667, 39.4 ], [ -67.541311667, -54.86691, 39.3 ], [ -67.541305, -54.866903333, 39.1 ], [ -67.541301667, -54.866901667, 39.0 ], [ -67.541298333, -54.866891667, 38.8 ], [ -67.541303333, -54.866886667, 38.7 ], [ -67.541305, -54.86688, 38.5 ], [ -67.54131, -54.866873333, 38.4 ], [ -67.541316667, -54.866863333, 38.3 ], [ -67.541321667, -54.866858333, 38.4 ], [ -67.541331667, -54.866851667, 38.4 ], [ -67.54134, -54.866851667, 38.5 ], [ -67.541353333, -54.866846667, 38.6 ], [ -67.541361667, -54.866846667, 38.8 ], [ -67.541371667, -54.866841667, 38.7 ], [ -67.541375, -54.866841667, 38.9 ], [ -67.541375, -54.866841667, 38.9 ], [ -67.541375, -54.866841667, 38.9 ], [ -67.541375, -54.866841667, 38.9 ], [ -67.541375, -54.866841667, 38.9 ], [ -67.541375, -54.866841667, 38.9 ], [ -67.541375, -54.866841667, 38.9 ], [ -67.541375, -54.866841667, 38.9 ], [ -67.541375, -54.866841667, 38.9 ], [ -67.541375, -54.866841667, 38.9 ], [ -67.541331667, -54.866861667, 37.6 ], [ -67.541325, -54.866868333, 37.5 ], [ -67.541323333, -54.866868333, 37.5 ], [ -67.541318333, -54.86687, 37.6 ], [ -67.541311667, -54.866871667, 37.7 ], [ -67.541308333, -54.866871667, 37.8 ], [ -67.541306667, -54.86687, 37.8 ], [ -67.54131, -54.866868333, 37.4 ], [ -67.541313333, -54.866868333, 37.0 ], [ -67.54132, -54.866871667, 37.2 ], [ -67.541321667, -54.866885, 37.4 ], [ -67.541326667, -54.86689, 37.4 ], [ -67.541335, -54.8669, 37.5 ], [ -67.541348333, -54.866903333, 37.6 ], [ -67.541358333, -54.866903333, 38.0 ], [ -67.541365, -54.866908333, 37.8 ], [ -67.54138, -54.866921667, 38.3 ], [ -67.541388333, -54.866935, 38.3 ], [ -67.541391667, -54.866938333, 38.9 ], [ -67.541395, -54.866943333, 39.4 ], [ -67.541395, -54.866943333, 39.4 ], [ -67.541395, -54.866943333, 39.4 ], [ -67.541395, -54.866943333, 39.4 ], [ -67.541395, -54.866943333, 39.4 ], [ -67.541395, -54.866943333, 39.4 ], [ -67.541395, -54.866943333, 39.4 ], [ -67.541395, -54.866943333, 39.4 ], [ -67.541395, -54.866943333, 39.4 ], [ -67.541395, -54.866943333, 39.4 ], [ -67.541395, -54.866943333, 39.4 ], [ -67.541395, -54.866943333, 39.4 ], [ -67.541395, -54.866943333, 39.4 ], [ -67.541395, -54.866943333, 39.4 ], [ -67.541395, -54.866943333, 39.4 ], [ -67.541395, -54.866943333, 39.4 ], [ -67.541488333, -54.866953333, 41.1 ], [ -67.541503333, -54.866953333, 40.7 ], [ -67.541513333, -54.86696, 40.6 ], [ -67.541525, -54.866966667, 40.2 ], [ -67.54153, -54.866971667, 39.8 ], [ -67.541535, -54.866976667, 39.7 ], [ -67.541541667, -54.866975, 39.6 ], [ -67.541543333, -54.866971667, 39.7 ], [ -67.541548333, -54.866968333, 39.6 ], [ -67.541555, -54.866963333, 39.7 ], [ -67.541565, -54.866978333, 39.8 ], [ -67.541571667, -54.866993333, 39.8 ], [ -67.541581667, -54.867001667, 39.6 ], [ -67.541591667, -54.867001667, 39.3 ], [ -67.5416, -54.866996667, 39.4 ], [ -67.541615, -54.866995, 39.5 ], [ -67.541623333, -54.866993333, 39.4 ], [ -67.54163, -54.866993333, 39.3 ], [ -67.541638333, -54.866991667, 39.2 ], [ -67.54165, -54.866988333, 39.0 ], [ -67.541655, -54.866986667, 39.1 ], [ -67.541658333, -54.866981667, 38.8 ], [ -67.541666667, -54.86698, 38.7 ], [ -67.541675, -54.866978333, 38.6 ], [ -67.541675, -54.866978333, 38.6 ], [ -67.541675, -54.866978333, 38.6 ], [ -67.541675, -54.866978333, 38.6 ], [ -67.541675, -54.866978333, 38.6 ], [ -67.541675, -54.866978333, 38.6 ], [ -67.541675, -54.866978333, 38.6 ], [ -67.541675, -54.866978333, 38.6 ], [ -67.541675, -54.866978333, 38.6 ], [ -67.541675, -54.866978333, 38.6 ], [ -67.541675, -54.866978333, 38.6 ], [ -67.541675, -54.866978333, 38.6 ], [ -67.541675, -54.866978333, 38.6 ], [ -67.541675, -54.866978333, 38.6 ], [ -67.541675, -54.866978333, 38.6 ], [ -67.541675, -54.866978333, 38.6 ], [ -67.541675, -54.866978333, 38.6 ], [ -67.541675, -54.866978333, 38.6 ], [ -67.541675, -54.866978333, 38.6 ], [ -67.541675, -54.866978333, 38.6 ], [ -67.541675, -54.866978333, 38.6 ], [ -67.541675, -54.866978333, 38.6 ], [ -67.541675, -54.866978333, 38.6 ], [ -67.541791667, -54.86697, 38.0 ], [ -67.541778333, -54.866973333, 38.0 ], [ -67.541775, -54.866971667, 38.0 ], [ -67.54177, -54.866976667, 38.0 ], [ -67.541765, -54.866995, 38.0 ], [ -67.541778333, -54.867001667, 37.9 ], [ -67.541786667, -54.866998333, 37.8 ], [ -67.541788333, -54.866998333, 37.9 ], [ -67.541785, -54.866996667, 38.0 ], [ -67.541781667, -54.86699, 37.9 ], [ -67.541773333, -54.866983333, 37.8 ], [ -67.54177, -54.866985, 37.7 ], [ -67.541775, -54.866988333, 37.7 ], [ -67.54178, -54.866995, 37.7 ], [ -67.541781667, -54.866996667, 37.7 ], [ -67.541786667, -54.866995, 37.8 ], [ -67.541793333, -54.866993333, 37.8 ], [ -67.541805, -54.866993333, 37.8 ], [ -67.541818333, -54.86698, 37.8 ], [ -67.541825, -54.866971667, 37.7 ], [ -67.54183, -54.866965, 37.8 ], [ -67.541836667, -54.866961667, 37.7 ], [ -67.541846667, -54.866956667, 37.7 ], [ -67.541853333, -54.866953333, 37.6 ], [ -67.541861667, -54.866945, 37.4 ], [ -67.541866667, -54.866936667, 37.3 ], [ -67.54187, -54.866933333, 37.2 ], [ -67.54188, -54.86693, 37.1 ], [ -67.541886667, -54.866931667, 37.0 ], [ -67.541893333, -54.866933333, 37.1 ], [ -67.541895, -54.86694, 36.9 ], [ -67.541901667, -54.866943333, 36.7 ], [ -67.541908333, -54.866948333, 36.5 ], [ -67.541916667, -54.866955, 36.5 ], [ -67.541921667, -54.86696, 36.6 ], [ -67.541925, -54.866963333, 37.3 ], [ -67.541923333, -54.86697, 37.6 ], [ -67.541925, -54.866978333, 37.8 ], [ -67.541928333, -54.86698, 38.0 ], [ -67.54193, -54.866985, 38.0 ], [ -67.541933333, -54.866991667, 37.9 ], [ -67.541933333, -54.866996667, 38.1 ], [ -67.541936667, -54.866995, 38.3 ], [ -67.541936667, -54.866996667, 38.3 ], [ -67.541935, -54.866995, 38.3 ], [ -67.541933333, -54.866996667, 38.4 ], [ -67.541933333, -54.866996667, 38.4 ], [ -67.541933333, -54.866996667, 38.4 ], [ -67.541933333, -54.866996667, 38.4 ], [ -67.541933333, -54.866996667, 38.4 ], [ -67.541933333, -54.866996667, 38.4 ], [ -67.541933333, -54.866996667, 38.4 ], [ -67.541933333, -54.866996667, 38.4 ], [ -67.541933333, -54.866996667, 38.4 ], [ -67.541933333, -54.866996667, 38.4 ], [ -67.541933333, -54.866996667, 38.4 ], [ -67.541933333, -54.866996667, 38.4 ], [ -67.541933333, -54.866996667, 38.4 ], [ -67.541933333, -54.866996667, 38.4 ], [ -67.541933333, -54.866996667, 38.4 ], [ -67.541933333, -54.866996667, 38.4 ], [ -67.541933333, -54.866996667, 38.4 ], [ -67.54196, -54.86701, 39.0 ], [ -67.541968333, -54.867008333, 39.0 ], [ -67.541978333, -54.867003333, 39.1 ], [ -67.541985, -54.867003333, 39.1 ], [ -67.541985, -54.867003333, 39.1 ], [ -67.541985, -54.867003333, 39.1 ], [ -67.542005, -54.866995, 38.9 ], [ -67.542013333, -54.867, 38.9 ], [ -67.542018333, -54.867001667, 38.9 ], [ -67.542023333, -54.867, 39.0 ], [ -67.542023333, -54.867, 39.0 ], [ -67.542023333, -54.867, 39.0 ], [ -67.542023333, -54.867, 39.0 ], [ -67.542023333, -54.867, 39.0 ], [ -67.542023333, -54.867, 39.0 ], [ -67.542023333, -54.867, 39.0 ], [ -67.542023333, -54.867, 39.0 ], [ -67.542023333, -54.867, 39.0 ], [ -67.542023333, -54.867, 39.0 ], [ -67.542023333, -54.867, 39.0 ], [ -67.542023333, -54.867, 39.0 ], [ -67.542023333, -54.867, 39.0 ], [ -67.542023333, -54.867, 39.0 ], [ -67.542023333, -54.867, 39.0 ], [ -67.542023333, -54.867, 39.0 ], [ -67.542023333, -54.867, 39.0 ], [ -67.542023333, -54.867, 39.0 ], [ -67.542023333, -54.867, 39.0 ], [ -67.542023333, -54.867, 39.0 ], [ -67.542023333, -54.867, 39.0 ], [ -67.542023333, -54.867, 39.0 ], [ -67.542023333, -54.867, 39.0 ], [ -67.542023333, -54.867, 39.0 ], [ -67.542023333, -54.867, 39.0 ], [ -67.542023333, -54.867, 39.0 ], [ -67.542023333, -54.867, 39.0 ], [ -67.542176667, -54.86698, 36.4 ], [ -67.542188333, -54.866978333, 36.3 ], [ -67.542195, -54.866978333, 36.5 ], [ -67.5422, -54.866978333, 36.6 ], [ -67.5422, -54.866978333, 36.6 ], [ -67.5422, -54.866978333, 36.6 ], [ -67.5422, -54.866978333, 36.6 ], [ -67.5422, -54.866978333, 36.6 ], [ -67.5422, -54.866978333, 36.6 ], [ -67.5422, -54.866978333, 36.6 ], [ -67.5422, -54.866978333, 36.6 ], [ -67.5422, -54.866978333, 36.6 ], [ -67.5422, -54.866978333, 36.6 ], [ -67.542241667, -54.867021667, 38.8 ], [ -67.542245, -54.867026667, 39.0 ], [ -67.542245, -54.867031667, 39.2 ], [ -67.542246667, -54.867036667, 39.3 ], [ -67.542246667, -54.867045, 39.4 ], [ -67.542243333, -54.86705, 39.3 ], [ -67.542236667, -54.867051667, 39.4 ], [ -67.54224, -54.86705, 39.4 ], [ -67.542238333, -54.867053333, 39.4 ], [ -67.542236667, -54.867056667, 39.6 ], [ -67.542233333, -54.867056667, 39.6 ], [ -67.542228333, -54.867056667, 39.8 ], [ -67.542225, -54.867058333, 39.9 ], [ -67.542221667, -54.867058333, 40.0 ], [ -67.54222, -54.867058333, 39.9 ], [ -67.54222, -54.867061667, 39.7 ], [ -67.54222, -54.867061667, 39.7 ], [ -67.54222, -54.867061667, 39.7 ], [ -67.54222, -54.867061667, 39.7 ], [ -67.54222, -54.867061667, 39.7 ], [ -67.54222, -54.867061667, 39.7 ], [ -67.54222, -54.867061667, 39.7 ], [ -67.54222, -54.867061667, 39.7 ], [ -67.54222, -54.867061667, 39.7 ], [ -67.54222, -54.867061667, 39.7 ], [ -67.54222, -54.867061667, 39.7 ], [ -67.54222, -54.867061667, 39.7 ], [ -67.54222, -54.867061667, 39.7 ], [ -67.542203333, -54.867105, 40.7 ], [ -67.542206667, -54.867105, 40.8 ], [ -67.54221, -54.867106667, 40.8 ], [ -67.542215, -54.867108333, 40.8 ], [ -67.542215, -54.867108333, 40.8 ], [ -67.542215, -54.867108333, 40.8 ], [ -67.54223, -54.867121667, 41.1 ], [ -67.542236667, -54.867128333, 41.0 ], [ -67.542246667, -54.867146667, 41.2 ], [ -67.542245, -54.867153333, 41.1 ], [ -67.542243333, -54.867163333, 40.7 ], [ -67.54224, -54.867175, 40.3 ], [ -67.542245, -54.867178333, 39.9 ], [ -67.54225, -54.867181667, 39.6 ], [ -67.542253333, -54.867185, 39.5 ], [ -67.54226, -54.867188333, 39.2 ], [ -67.542265, -54.86719, 38.9 ], [ -67.542266667, -54.867195, 38.9 ], [ -67.542273333, -54.8672, 38.7 ], [ -67.542281667, -54.867205, 38.5 ], [ -67.542288333, -54.86721, 38.2 ], [ -67.542293333, -54.867215, 38.4 ], [ -67.542298333, -54.867218333, 38.5 ], [ -67.542298333, -54.867225, 38.4 ], [ -67.542296667, -54.867228333, 38.5 ], [ -67.54229, -54.867235, 38.7 ], [ -67.542285, -54.867243333, 38.7 ], [ -67.542285, -54.867246667, 38.6 ], [ -67.542281667, -54.86725, 38.5 ], [ -67.542276667, -54.867256667, 38.4 ], [ -67.542275, -54.867261667, 38.5 ], [ -67.542275, -54.867261667, 38.5 ], [ -67.542275, -54.867261667, 38.5 ], [ -67.542275, -54.867261667, 38.5 ], [ -67.542275, -54.867261667, 38.5 ], [ -67.542238333, -54.867286667, 38.4 ], [ -67.542221667, -54.867293333, 38.6 ], [ -67.542211667, -54.867298333, 38.4 ], [ -67.542206667, -54.867301667, 38.3 ], [ -67.542198333, -54.867305, 38.3 ], [ -67.54219, -54.867306667, 38.3 ], [ -67.542181667, -54.867308333, 38.2 ], [ -67.542175, -54.86731, 37.9 ], [ -67.542173333, -54.867306667, 37.8 ], [ -67.542168333, -54.867305, 37.6 ], [ -67.542161667, -54.867301667, 37.5 ], [ -67.542165, -54.867301667, 37.1 ], [ -67.542166667, -54.867306667, 37.0 ], [ -67.542158333, -54.867313333, 37.3 ], [ -67.54216, -54.867313333, 37.0 ], [ -67.54216, -54.867313333, 37.0 ], [ -67.542158333, -54.867313333, 37.0 ], [ -67.542153333, -54.867311667, 37.1 ], [ -67.542145, -54.867313333, 37.1 ], [ -67.542145, -54.867311667, 37.2 ], [ -67.542138333, -54.86732, 37.1 ], [ -67.54214, -54.867315, 36.9 ], [ -67.542146667, -54.867313333, 36.8 ], [ -67.542145, -54.867315, 36.8 ], [ -67.542153333, -54.867323333, 36.7 ], [ -67.542155, -54.867326667, 36.9 ], [ -67.542155, -54.867321667, 37.1 ], [ -67.54216, -54.867323333, 37.2 ], [ -67.542168333, -54.867328333, 37.3 ], [ -67.542176667, -54.867336667, 37.3 ], [ -67.54219, -54.867341667, 37.2 ], [ -67.542201667, -54.867348333, 37.1 ], [ -67.542206667, -54.867353333, 37.1 ], [ -67.54221, -54.867355, 37.0 ], [ -67.542213333, -54.867358333, 36.9 ], [ -67.542218333, -54.867363333, 36.8 ], [ -67.54222, -54.867361667, 36.9 ], [ -67.542223333, -54.867361667, 36.9 ], [ -67.542223333, -54.86736, 36.9 ], [ -67.54223, -54.867363333, 36.9 ], [ -67.542228333, -54.867361667, 36.9 ], [ -67.542228333, -54.867363333, 36.8 ], [ -67.542226667, -54.867366667, 36.8 ], [ -67.542228333, -54.867368333, 36.8 ], [ -67.542228333, -54.867371667, 36.7 ], [ -67.54223, -54.867373333, 36.6 ], [ -67.54223, -54.867368333, 36.6 ], [ -67.542228333, -54.867365, 36.8 ], [ -67.542228333, -54.867365, 36.8 ], [ -67.542228333, -54.867365, 36.8 ], [ -67.542228333, -54.867365, 36.8 ], [ -67.542228333, -54.867365, 36.8 ], [ -67.542201667, -54.867333333, 36.6 ], [ -67.542201667, -54.867323333, 36.6 ], [ -67.542201667, -54.867313333, 36.4 ], [ -67.542201667, -54.867301667, 36.2 ], [ -67.542211667, -54.867286667, 36.2 ], [ -67.542225, -54.867281667, 36.2 ], [ -67.542228333, -54.867278333, 36.3 ], [ -67.542235, -54.867273333, 36.3 ], [ -67.542236667, -54.867266667, 36.4 ], [ -67.542241667, -54.867263333, 36.4 ], [ -67.542246667, -54.867251667, 36.3 ], [ -67.542251667, -54.86725, 36.4 ], [ -67.542255, -54.867246667, 36.4 ], [ -67.542263333, -54.86724, 36.4 ], [ -67.542275, -54.867228333, 36.2 ], [ -67.542286667, -54.86722, 36.1 ], [ -67.542303333, -54.867215, 36.2 ], [ -67.542311667, -54.867211667, 35.9 ], [ -67.542315, -54.867208333, 36.0 ], [ -67.542321667, -54.867201667, 36.1 ], [ -67.542328333, -54.867195, 36.2 ], [ -67.542338333, -54.867186667, 36.3 ], [ -67.542345, -54.86718, 36.5 ], [ -67.542351667, -54.86717, 37.0 ], [ -67.542355, -54.867163333, 37.3 ], [ -67.542356667, -54.867156667, 37.5 ], [ -67.542356667, -54.867151667, 37.7 ], [ -67.542361667, -54.867145, 37.7 ], [ -67.542361667, -54.867141667, 37.7 ], [ -67.542363333, -54.867136667, 37.7 ], [ -67.542363333, -54.867133333, 37.7 ], [ -67.542366667, -54.867131667, 37.8 ], [ -67.542371667, -54.867128333, 38.1 ], [ -67.542371667, -54.86712, 38.2 ], [ -67.54236, -54.867111667, 38.1 ], [ -67.54236, -54.867103333, 38.4 ], [ -67.542355, -54.867093333, 38.7 ], [ -67.542346667, -54.867088333, 38.8 ], [ -67.54234, -54.867085, 38.9 ], [ -67.542335, -54.867078333, 38.8 ], [ -67.542335, -54.867078333, 38.8 ], [ -67.542335, -54.867078333, 38.8 ], [ -67.542335, -54.867078333, 38.8 ], [ -67.542335, -54.867078333, 38.8 ], [ -67.542335, -54.867078333, 38.8 ], [ -67.542335, -54.867078333, 38.8 ], [ -67.542335, -54.867078333, 38.8 ], [ -67.542335, -54.867078333, 38.8 ], [ -67.542335, -54.867078333, 38.8 ], [ -67.542335, -54.867078333, 38.8 ], [ -67.542335, -54.867078333, 38.8 ], [ -67.542335, -54.867078333, 38.8 ], [ -67.542335, -54.867078333, 38.8 ], [ -67.542335, -54.867078333, 38.8 ], [ -67.542335, -54.867078333, 38.8 ], [ -67.542335, -54.867078333, 38.8 ], [ -67.542335, -54.867078333, 38.8 ], [ -67.542335, -54.867078333, 38.8 ], [ -67.542335, -54.867078333, 38.8 ], [ -67.542335, -54.867078333, 38.8 ], [ -67.542335, -54.867078333, 38.8 ], [ -67.542335, -54.867078333, 38.8 ], [ -67.542335, -54.867078333, 38.8 ], [ -67.542335, -54.867078333, 38.8 ], [ -67.542335, -54.867078333, 38.8 ], [ -67.542335, -54.867078333, 38.8 ], [ -67.542335, -54.867078333, 38.8 ], [ -67.542335, -54.867078333, 38.8 ], [ -67.542335, -54.867078333, 38.8 ], [ -67.542335, -54.867078333, 38.8 ], [ -67.542335, -54.867078333, 38.8 ], [ -67.542335, -54.867078333, 38.8 ], [ -67.542335, -54.867078333, 38.8 ], [ -67.542335, -54.867078333, 38.8 ], [ -67.542335, -54.867078333, 38.8 ], [ -67.542335, -54.867078333, 38.8 ], [ -67.542335, -54.867078333, 38.8 ], [ -67.542335, -54.867078333, 38.8 ], [ -67.542335, -54.867078333, 38.8 ], [ -67.542335, -54.867078333, 38.8 ], [ -67.542335, -54.867078333, 38.8 ], [ -67.542335, -54.867078333, 38.8 ], [ -67.542335, -54.867078333, 38.8 ], [ -67.542335, -54.867078333, 38.8 ], [ -67.542335, -54.867078333, 38.8 ], [ -67.542335, -54.867078333, 38.8 ], [ -67.542335, -54.867078333, 38.8 ], [ -67.542335, -54.867078333, 38.8 ], [ -67.542335, -54.867078333, 38.8 ], [ -67.542368333, -54.86717, 36.5 ], [ -67.542361667, -54.86718, 36.6 ], [ -67.542355, -54.867191667, 36.6 ], [ -67.542353333, -54.867201667, 36.7 ], [ -67.542346667, -54.867208333, 36.5 ], [ -67.542341667, -54.867213333, 36.4 ], [ -67.542331667, -54.867215, 35.8 ], [ -67.542331667, -54.867215, 35.8 ], [ -67.542331667, -54.867215, 35.8 ], [ -67.542331667, -54.867215, 35.8 ], [ -67.542331667, -54.867215, 35.8 ], [ -67.542331667, -54.867215, 35.8 ], [ -67.542331667, -54.867215, 35.8 ], [ -67.542331667, -54.867215, 35.8 ], [ -67.542331667, -54.867215, 35.8 ], [ -67.542331667, -54.867215, 35.8 ], [ -67.542331667, -54.867215, 35.8 ], [ -67.542331667, -54.867215, 35.8 ], [ -67.542331667, -54.867215, 35.8 ], [ -67.542331667, -54.867215, 35.8 ], [ -67.542331667, -54.867215, 35.8 ], [ -67.542331667, -54.867215, 35.8 ], [ -67.542331667, -54.867215, 35.8 ], [ -67.542331667, -54.867215, 35.8 ], [ -67.542331667, -54.867215, 35.8 ], [ -67.542331667, -54.867215, 35.8 ], [ -67.542331667, -54.867215, 35.8 ], [ -67.542331667, -54.867215, 35.8 ], [ -67.542331667, -54.867215, 35.8 ], [ -67.542331667, -54.867215, 35.8 ], [ -67.542331667, -54.867215, 35.8 ], [ -67.542331667, -54.867215, 35.8 ], [ -67.542331667, -54.867215, 35.8 ], [ -67.542331667, -54.867215, 35.8 ], [ -67.542331667, -54.867215, 35.8 ], [ -67.542331667, -54.867215, 35.8 ], [ -67.542331667, -54.867215, 35.8 ], [ -67.542331667, -54.867215, 35.8 ], [ -67.542331667, -54.867215, 35.8 ], [ -67.542331667, -54.867215, 35.8 ], [ -67.542331667, -54.867215, 35.8 ], [ -67.542331667, -54.867215, 35.8 ], [ -67.542331667, -54.867215, 35.8 ], [ -67.542331667, -54.867215, 35.8 ], [ -67.542331667, -54.867215, 35.8 ], [ -67.542331667, -54.867215, 35.8 ], [ -67.542331667, -54.867215, 35.8 ], [ -67.542331667, -54.867215, 35.8 ], [ -67.542331667, -54.867215, 35.8 ], [ -67.542331667, -54.867215, 35.8 ], [ -67.542331667, -54.867215, 35.8 ], [ -67.542331667, -54.867215, 35.8 ], [ -67.542331667, -54.867215, 35.8 ], [ -67.542331667, -54.867215, 35.8 ], [ -67.542331667, -54.867215, 35.8 ], [ -67.542331667, -54.867215, 35.8 ], [ -67.542331667, -54.867215, 35.8 ], [ -67.542331667, -54.867215, 35.8 ], [ -67.542331667, -54.867215, 35.8 ], [ -67.542331667, -54.867215, 35.8 ], [ -67.542331667, -54.867215, 35.8 ], [ -67.542331667, -54.867215, 35.8 ], [ -67.542331667, -54.867215, 35.8 ], [ -67.542331667, -54.867215, 35.8 ], [ -67.542331667, -54.867215, 35.8 ], [ -67.542331667, -54.867215, 35.8 ], [ -67.542331667, -54.867215, 35.8 ], [ -67.542331667, -54.867215, 35.8 ], [ -67.542331667, -54.867215, 35.8 ], [ -67.542331667, -54.867215, 35.8 ], [ -67.542331667, -54.867215, 35.8 ], [ -67.542331667, -54.867215, 35.8 ], [ -67.542331667, -54.867215, 35.8 ], [ -67.542331667, -54.867215, 35.8 ], [ -67.542331667, -54.867215, 35.8 ], [ -67.542331667, -54.867215, 35.8 ], [ -67.542331667, -54.867215, 35.8 ], [ -67.542331667, -54.867215, 35.8 ], [ -67.542331667, -54.867215, 35.8 ], [ -67.542331667, -54.867215, 35.8 ], [ -67.542331667, -54.867215, 35.8 ], [ -67.542331667, -54.867215, 35.8 ], [ -67.542331667, -54.867215, 35.8 ], [ -67.542331667, -54.867215, 35.8 ], [ -67.542331667, -54.867215, 35.8 ], [ -67.542331667, -54.867215, 35.8 ], [ -67.542331667, -54.867215, 35.8 ], [ -67.542331667, -54.867215, 35.8 ], [ -67.542331667, -54.867215, 35.8 ], [ -67.542331667, -54.867215, 35.8 ], [ -67.542331667, -54.867215, 35.8 ], [ -67.542331667, -54.867215, 35.8 ], [ -67.542331667, -54.867215, 35.8 ], [ -67.542331667, -54.867215, 35.8 ], [ -67.542331667, -54.867215, 35.8 ], [ -67.542331667, -54.867215, 35.8 ], [ -67.542331667, -54.867215, 35.8 ], [ -67.542331667, -54.867215, 35.8 ], [ -67.542331667, -54.867215, 35.8 ], [ -67.542331667, -54.867215, 35.8 ], [ -67.542331667, -54.867215, 35.8 ], [ -67.542331667, -54.867215, 35.8 ], [ -67.542331667, -54.867215, 35.8 ], [ -67.542321667, -54.867308333, 36.3 ], [ -67.542316667, -54.867308333, 36.0 ], [ -67.542313333, -54.867306667, 36.0 ], [ -67.542313333, -54.867308333, 36.3 ], [ -67.542313333, -54.867308333, 36.3 ], [ -67.542313333, -54.867308333, 36.3 ], [ -67.542313333, -54.867308333, 36.3 ], [ -67.542313333, -54.867308333, 36.3 ], [ -67.542313333, -54.867308333, 36.3 ], [ -67.542313333, -54.867308333, 36.3 ], [ -67.542313333, -54.867308333, 36.3 ], [ -67.542313333, -54.867308333, 36.3 ], [ -67.542313333, -54.867308333, 36.3 ], [ -67.542313333, -54.867308333, 36.3 ], [ -67.542313333, -54.867308333, 36.3 ], [ -67.542313333, -54.867308333, 36.3 ], [ -67.542313333, -54.867308333, 36.3 ], [ -67.542313333, -54.867308333, 36.3 ], [ -67.542313333, -54.867308333, 36.3 ], [ -67.542313333, -54.867308333, 36.3 ], [ -67.54233, -54.867286667, 37.4 ], [ -67.542328333, -54.867285, 37.4 ], [ -67.542326667, -54.867281667, 37.5 ], [ -67.542301667, -54.867265, 37.5 ], [ -67.542288333, -54.867261667, 37.5 ], [ -67.542286667, -54.867258333, 37.5 ], [ -67.542283333, -54.867261667, 37.4 ], [ -67.542286667, -54.867261667, 37.2 ], [ -67.54229, -54.867265, 37.2 ], [ -67.542291667, -54.867273333, 37.1 ], [ -67.542301667, -54.867281667, 37.0 ], [ -67.542303333, -54.867285, 36.9 ], [ -67.542316667, -54.867293333, 36.9 ], [ -67.542326667, -54.867298333, 36.9 ], [ -67.542343333, -54.867285, 36.7 ], [ -67.54235, -54.867281667, 36.6 ], [ -67.542358333, -54.867281667, 36.6 ], [ -67.542368333, -54.86728, 36.6 ], [ -67.542376667, -54.86728, 36.6 ], [ -67.542386667, -54.867278333, 36.6 ], [ -67.542393333, -54.867276667, 36.6 ], [ -67.542396667, -54.867276667, 36.5 ], [ -67.542403333, -54.867273333, 36.3 ], [ -67.542405, -54.867273333, 36.4 ], [ -67.54241, -54.867276667, 36.6 ], [ -67.542415, -54.867276667, 36.7 ], [ -67.542423333, -54.867278333, 36.9 ], [ -67.542426667, -54.867276667, 37.2 ], [ -67.542425, -54.867283333, 37.3 ], [ -67.542425, -54.86729, 37.2 ], [ -67.542425, -54.867293333, 37.2 ], [ -67.542425, -54.867293333, 37.2 ], [ -67.542431667, -54.86729, 37.2 ], [ -67.542431667, -54.86729, 37.2 ], [ -67.542431667, -54.86729, 37.2 ], [ -67.542431667, -54.86729, 37.2 ], [ -67.542431667, -54.86729, 37.2 ], [ -67.542431667, -54.86729, 37.2 ], [ -67.542431667, -54.86729, 37.2 ], [ -67.542431667, -54.86729, 37.2 ], [ -67.542431667, -54.86729, 37.2 ], [ -67.542431667, -54.86729, 37.2 ], [ -67.542431667, -54.86729, 37.2 ], [ -67.542431667, -54.86729, 37.2 ], [ -67.542431667, -54.86729, 37.2 ], [ -67.542431667, -54.86729, 37.2 ], [ -67.542431667, -54.86729, 37.2 ], [ -67.542501667, -54.867296667, 36.2 ], [ -67.542515, -54.867296667, 36.1 ], [ -67.542523333, -54.867298333, 36.3 ], [ -67.542531667, -54.8673, 36.1 ], [ -67.542531667, -54.867298333, 36.0 ], [ -67.542533333, -54.867298333, 35.8 ], [ -67.542536667, -54.867295, 35.7 ], [ -67.542541667, -54.867293333, 35.8 ], [ -67.542546667, -54.867293333, 35.8 ], [ -67.542548333, -54.867296667, 35.8 ], [ -67.542551667, -54.867303333, 35.7 ], [ -67.542551667, -54.867306667, 35.7 ], [ -67.542551667, -54.867306667, 35.7 ], [ -67.542551667, -54.867306667, 35.7 ], [ -67.542551667, -54.867306667, 35.7 ], [ -67.542551667, -54.867306667, 35.7 ], [ -67.542551667, -54.867306667, 35.7 ], [ -67.542551667, -54.867306667, 35.7 ], [ -67.542551667, -54.867306667, 35.7 ], [ -67.542551667, -54.867306667, 35.7 ], [ -67.542551667, -54.867306667, 35.7 ], [ -67.542551667, -54.867306667, 35.7 ], [ -67.542551667, -54.867306667, 35.7 ], [ -67.542551667, -54.867306667, 35.7 ], [ -67.542556667, -54.867313333, 35.7 ], [ -67.542558333, -54.867308333, 35.4 ], [ -67.542565, -54.8673, 35.3 ], [ -67.542568333, -54.867301667, 35.4 ], [ -67.542566667, -54.867305, 35.6 ], [ -67.542561667, -54.86731, 35.7 ], [ -67.542561667, -54.86731, 35.7 ], [ -67.542561667, -54.86731, 35.7 ], [ -67.542561667, -54.86731, 35.7 ], [ -67.542561667, -54.86731, 35.7 ], [ -67.542561667, -54.86731, 35.7 ], [ -67.542561667, -54.86731, 35.7 ], [ -67.542561667, -54.86731, 35.7 ], [ -67.542561667, -54.86731, 35.7 ], [ -67.542561667, -54.86731, 35.7 ], [ -67.542561667, -54.86731, 35.7 ], [ -67.542561667, -54.867313333, 36.0 ], [ -67.542565, -54.867303333, 35.9 ], [ -67.542561667, -54.867298333, 36.1 ], [ -67.54256, -54.86729, 36.0 ], [ -67.542553333, -54.867281667, 35.9 ], [ -67.542555, -54.867276667, 35.8 ], [ -67.54256, -54.867273333, 35.6 ], [ -67.542566667, -54.867271667, 35.5 ], [ -67.542573333, -54.867266667, 35.3 ], [ -67.542573333, -54.867268333, 34.9 ], [ -67.542575, -54.86727, 34.8 ], [ -67.542578333, -54.867271667, 34.7 ], [ -67.542586667, -54.867273333, 34.7 ], [ -67.542596667, -54.867275, 34.8 ], [ -67.542596667, -54.867275, 34.8 ], [ -67.542611667, -54.867291667, 34.3 ], [ -67.542611667, -54.867301667, 34.4 ], [ -67.542611667, -54.867308333, 34.5 ], [ -67.542616667, -54.867313333, 34.5 ], [ -67.542618333, -54.867318333, 34.6 ], [ -67.542621667, -54.867318333, 34.8 ], [ -67.54263, -54.86732, 35.1 ], [ -67.542636667, -54.867323333, 35.1 ], [ -67.542646667, -54.867328333, 35.0 ], [ -67.542655, -54.867331667, 35.2 ], [ -67.542663333, -54.867335, 35.2 ], [ -67.542675, -54.867335, 35.2 ], [ -67.54268, -54.867335, 35.3 ], [ -67.542685, -54.867338333, 35.2 ], [ -67.542685, -54.867338333, 35.2 ], [ -67.542685, -54.867338333, 35.2 ], [ -67.542711667, -54.867345, 34.9 ], [ -67.542721667, -54.867346667, 34.6 ], [ -67.542731667, -54.867348333, 34.4 ], [ -67.542731667, -54.86735, 34.3 ], [ -67.542731667, -54.86735, 34.3 ], [ -67.542731667, -54.86735, 34.3 ], [ -67.542731667, -54.86735, 34.3 ], [ -67.542731667, -54.86735, 34.3 ], [ -67.542758333, -54.867326667, 34.7 ], [ -67.542761667, -54.867326667, 34.7 ], [ -67.54277, -54.867325, 34.7 ], [ -67.542778333, -54.867323333, 34.9 ], [ -67.542791667, -54.86732, 35.0 ], [ -67.542805, -54.867321667, 34.9 ], [ -67.542816667, -54.867321667, 34.9 ], [ -67.542828333, -54.867325, 34.8 ], [ -67.542833333, -54.867328333, 34.7 ], [ -67.542841667, -54.86733, 34.7 ], [ -67.542851667, -54.867328333, 34.9 ], [ -67.54286, -54.867326667, 34.8 ], [ -67.542873333, -54.867321667, 34.6 ], [ -67.542881667, -54.867313333, 34.1 ], [ -67.542886667, -54.86731, 34.1 ], [ -67.542893333, -54.867303333, 34.1 ], [ -67.542898333, -54.8673, 34.1 ], [ -67.54291, -54.8673, 34.4 ], [ -67.542913333, -54.867298333, 34.6 ], [ -67.542918333, -54.867295, 34.6 ], [ -67.542913333, -54.867291667, 34.5 ], [ -67.542915, -54.86729, 34.4 ], [ -67.542915, -54.867283333, 34.0 ], [ -67.542916667, -54.867278333, 33.6 ], [ -67.542916667, -54.867276667, 33.3 ], [ -67.542913333, -54.867276667, 33.2 ], [ -67.54291, -54.867276667, 33.1 ], [ -67.542913333, -54.867275, 33.0 ], [ -67.542913333, -54.867275, 33.0 ], [ -67.542913333, -54.867275, 33.0 ], [ -67.542913333, -54.867275, 33.0 ], [ -67.542913333, -54.867275, 33.0 ], [ -67.542913333, -54.867275, 33.0 ], [ -67.542913333, -54.867275, 33.0 ], [ -67.542913333, -54.867275, 33.0 ], [ -67.542913333, -54.867275, 33.0 ], [ -67.542913333, -54.867275, 33.0 ], [ -67.542913333, -54.867275, 33.0 ], [ -67.542913333, -54.867275, 33.0 ], [ -67.542913333, -54.867275, 33.0 ], [ -67.542913333, -54.867275, 33.0 ], [ -67.542913333, -54.867275, 33.0 ], [ -67.542913333, -54.867275, 33.0 ], [ -67.542913333, -54.867275, 33.0 ], [ -67.542913333, -54.867275, 33.0 ], [ -67.542913333, -54.867275, 33.0 ], [ -67.542913333, -54.867275, 33.0 ], [ -67.542913333, -54.867275, 33.0 ], [ -67.542913333, -54.867275, 33.0 ], [ -67.542913333, -54.867275, 33.0 ], [ -67.542913333, -54.867275, 33.0 ], [ -67.542913333, -54.867275, 33.0 ], [ -67.542913333, -54.867275, 33.0 ], [ -67.542913333, -54.867275, 33.0 ], [ -67.542913333, -54.867275, 33.0 ], [ -67.542913333, -54.867275, 33.0 ], [ -67.542913333, -54.867275, 33.0 ], [ -67.542913333, -54.867275, 33.0 ], [ -67.542913333, -54.867275, 33.0 ], [ -67.542913333, -54.867275, 33.0 ], [ -67.542886667, -54.86732, 33.1 ], [ -67.542881667, -54.867328333, 33.5 ], [ -67.542886667, -54.867331667, 33.9 ], [ -67.542893333, -54.867336667, 33.9 ], [ -67.542898333, -54.867345, 34.2 ], [ -67.542898333, -54.867346667, 34.3 ], [ -67.542898333, -54.86735, 34.2 ], [ -67.542896667, -54.867351667, 33.9 ], [ -67.542895, -54.867353333, 33.8 ], [ -67.542891667, -54.867355, 33.7 ], [ -67.542891667, -54.867355, 33.6 ], [ -67.542893333, -54.867356667, 33.2 ], [ -67.542893333, -54.867356667, 33.2 ], [ -67.542893333, -54.867356667, 33.2 ], [ -67.542893333, -54.867356667, 33.2 ], [ -67.542893333, -54.867356667, 33.2 ], [ -67.542893333, -54.867356667, 33.2 ], [ -67.542873333, -54.867386667, 32.5 ], [ -67.542873333, -54.867391667, 32.5 ], [ -67.542873333, -54.867393333, 32.5 ], [ -67.542873333, -54.867388333, 32.5 ], [ -67.542875, -54.86738, 32.5 ], [ -67.542861667, -54.867378333, 32.6 ], [ -67.54287, -54.86737, 32.6 ], [ -67.542861667, -54.867365, 32.5 ], [ -67.542855, -54.867371667, 32.5 ], [ -67.542838333, -54.867375, 32.5 ], [ -67.542836667, -54.867373333, 32.5 ], [ -67.54284, -54.867368333, 32.4 ], [ -67.542846667, -54.867368333, 32.4 ], [ -67.542853333, -54.86737, 32.3 ], [ -67.542855, -54.867363333, 32.2 ], [ -67.542858333, -54.86735, 32.1 ], [ -67.54286, -54.867343333, 32.0 ], [ -67.542863333, -54.86734, 31.9 ], [ -67.54286, -54.867336667, 31.9 ], [ -67.54286, -54.867338333, 31.9 ], [ -67.542856667, -54.867336667, 32.0 ], [ -67.542851667, -54.86734, 32.2 ], [ -67.54285, -54.867338333, 31.9 ], [ -67.542855, -54.867336667, 31.9 ], [ -67.542858333, -54.867336667, 31.9 ], [ -67.54286, -54.867336667, 32.0 ], [ -67.542865, -54.867338333, 32.3 ], [ -67.542866667, -54.867338333, 32.2 ], [ -67.54285, -54.867351667, 32.2 ], [ -67.542833333, -54.867361667, 32.3 ], [ -67.542813333, -54.867371667, 32.3 ], [ -67.542803333, -54.867386667, 32.4 ], [ -67.542821667, -54.867396667, 32.5 ], [ -67.542831667, -54.867393333, 32.2 ], [ -67.542841667, -54.867388333, 31.9 ], [ -67.54286, -54.867378333, 31.9 ], [ -67.542868333, -54.867375, 31.9 ], [ -67.542871667, -54.867363333, 31.6 ], [ -67.542876667, -54.867356667, 31.4 ], [ -67.542885, -54.867356667, 31.3 ], [ -67.542881667, -54.86736, 31.2 ], [ -67.54288, -54.867361667, 30.8 ], [ -67.542873333, -54.867361667, 31.0 ], [ -67.542873333, -54.86736, 30.8 ], [ -67.54287, -54.867356667, 30.7 ], [ -67.542866667, -54.867351667, 30.5 ], [ -67.542863333, -54.867348333, 30.4 ], [ -67.542861667, -54.867346667, 30.6 ], [ -67.542858333, -54.867343333, 30.4 ], [ -67.542851667, -54.867341667, 30.4 ], [ -67.542848333, -54.86734, 30.2 ], [ -67.542851667, -54.867338333, 30.1 ], [ -67.542855, -54.867338333, 30.2 ], [ -67.542861667, -54.867335, 30.2 ], [ -67.542865, -54.867335, 30.1 ], [ -67.54287, -54.867335, 30.1 ], [ -67.542875, -54.867335, 30.2 ], [ -67.542883333, -54.867335, 30.3 ], [ -67.542885, -54.867335, 30.2 ], [ -67.542885, -54.867336667, 30.1 ], [ -67.542885, -54.867336667, 30.1 ], [ -67.542885, -54.867336667, 30.1 ], [ -67.542885, -54.867336667, 30.1 ], [ -67.542885, -54.867336667, 30.1 ], [ -67.542885, -54.867336667, 30.1 ], [ -67.542885, -54.867336667, 30.1 ], [ -67.542885, -54.867336667, 30.1 ], [ -67.542885, -54.867336667, 30.1 ], [ -67.542885, -54.867336667, 30.1 ], [ -67.542885, -54.867336667, 30.1 ], [ -67.542885, -54.867336667, 30.1 ], [ -67.542885, -54.867336667, 30.1 ], [ -67.542885, -54.867336667, 30.1 ], [ -67.542885, -54.867336667, 30.1 ], [ -67.542885, -54.867336667, 30.1 ], [ -67.542885, -54.867336667, 30.1 ], [ -67.542885, -54.867336667, 30.1 ], [ -67.542885, -54.867336667, 30.1 ], [ -67.542885, -54.867336667, 30.1 ], [ -67.542885, -54.867336667, 30.1 ], [ -67.542885, -54.867336667, 30.1 ], [ -67.542885, -54.867336667, 30.1 ], [ -67.542885, -54.867336667, 30.1 ], [ -67.542885, -54.867336667, 30.1 ], [ -67.542885, -54.867336667, 30.1 ], [ -67.542885, -54.867336667, 30.1 ], [ -67.542885, -54.867336667, 30.1 ], [ -67.542885, -54.867336667, 30.1 ], [ -67.542885, -54.867336667, 30.1 ], [ -67.542885, -54.867336667, 30.1 ], [ -67.542885, -54.867336667, 30.1 ], [ -67.542885, -54.867336667, 30.1 ], [ -67.542885, -54.867336667, 30.1 ], [ -67.542885, -54.867336667, 30.1 ], [ -67.542885, -54.867336667, 30.1 ], [ -67.542885, -54.867336667, 30.1 ], [ -67.542885, -54.867336667, 30.1 ], [ -67.542885, -54.867336667, 30.1 ], [ -67.542885, -54.867336667, 30.1 ], [ -67.542885, -54.867336667, 30.1 ], [ -67.542885, -54.867336667, 30.1 ], [ -67.542885, -54.867336667, 30.1 ], [ -67.542885, -54.867336667, 30.1 ], [ -67.542885, -54.867336667, 30.1 ], [ -67.542885, -54.867336667, 30.1 ], [ -67.542885, -54.867336667, 30.1 ], [ -67.542885, -54.867336667, 30.1 ], [ -67.542885, -54.867336667, 30.1 ], [ -67.542885, -54.867336667, 30.1 ], [ -67.542885, -54.867336667, 30.1 ], [ -67.542885, -54.867336667, 30.1 ], [ -67.542885, -54.867336667, 30.1 ], [ -67.542885, -54.867336667, 30.1 ], [ -67.542885, -54.867336667, 30.1 ], [ -67.542885, -54.867336667, 30.1 ], [ -67.542885, -54.867336667, 30.1 ], [ -67.542885, -54.867336667, 30.1 ], [ -67.542885, -54.867336667, 30.1 ], [ -67.542885, -54.867336667, 30.1 ], [ -67.542885, -54.867336667, 30.1 ], [ -67.542885, -54.867336667, 30.1 ], [ -67.542885, -54.867336667, 30.1 ], [ -67.542885, -54.867336667, 30.1 ], [ -67.542885, -54.867336667, 30.1 ], [ -67.542885, -54.867336667, 30.1 ], [ -67.542885, -54.867336667, 30.1 ], [ -67.542885, -54.867336667, 30.1 ], [ -67.542885, -54.867336667, 30.1 ], [ -67.542936667, -54.867371667, 34.1 ], [ -67.542933333, -54.867373333, 34.1 ], [ -67.54293, -54.867373333, 34.0 ], [ -67.542925, -54.867373333, 34.1 ], [ -67.542925, -54.867373333, 34.1 ], [ -67.542925, -54.867373333, 34.1 ], [ -67.542925, -54.867373333, 34.1 ], [ -67.542925, -54.867373333, 34.1 ], [ -67.542925, -54.867373333, 34.1 ], [ -67.542925, -54.867373333, 34.1 ], [ -67.542925, -54.867373333, 34.1 ], [ -67.542925, -54.867373333, 34.1 ], [ -67.542925, -54.867373333, 34.1 ], [ -67.542925, -54.867373333, 34.1 ], [ -67.542925, -54.867373333, 34.1 ], [ -67.542925, -54.867373333, 34.1 ], [ -67.542925, -54.867373333, 34.1 ], [ -67.542925, -54.867373333, 34.1 ], [ -67.542925, -54.867373333, 34.1 ], [ -67.542925, -54.867373333, 34.1 ], [ -67.542925, -54.867373333, 34.1 ], [ -67.542925, -54.867373333, 34.1 ], [ -67.542925, -54.867373333, 34.1 ], [ -67.542925, -54.867373333, 34.1 ], [ -67.542925, -54.867373333, 34.1 ], [ -67.542925, -54.867373333, 34.1 ], [ -67.542925, -54.867373333, 34.1 ], [ -67.542925, -54.867373333, 34.1 ], [ -67.542925, -54.867373333, 34.1 ], [ -67.542925, -54.867373333, 34.1 ], [ -67.542925, -54.867373333, 34.1 ], [ -67.542925, -54.867373333, 34.1 ], [ -67.542925, -54.867373333, 34.1 ], [ -67.542925, -54.867373333, 34.1 ], [ -67.542925, -54.867373333, 34.1 ], [ -67.542925, -54.867373333, 34.1 ], [ -67.542925, -54.867373333, 34.1 ], [ -67.542925, -54.867373333, 34.1 ], [ -67.542925, -54.867373333, 34.1 ], [ -67.542925, -54.867373333, 34.1 ], [ -67.542925, -54.867373333, 34.1 ], [ -67.542925, -54.867373333, 34.1 ], [ -67.542925, -54.867373333, 34.1 ], [ -67.542925, -54.867373333, 34.1 ], [ -67.542925, -54.867373333, 34.1 ], [ -67.542925, -54.867373333, 34.1 ], [ -67.542925, -54.867373333, 34.1 ], [ -67.542925, -54.867373333, 34.1 ], [ -67.542925, -54.867373333, 34.1 ], [ -67.542925, -54.867373333, 34.1 ], [ -67.542925, -54.867373333, 34.1 ], [ -67.542925, -54.867373333, 34.1 ], [ -67.542925, -54.867373333, 34.1 ], [ -67.542925, -54.867373333, 34.1 ], [ -67.542925, -54.867373333, 34.1 ], [ -67.543025, -54.867373333, 32.3 ], [ -67.543038333, -54.867378333, 32.5 ], [ -67.543048333, -54.86738, 32.7 ], [ -67.543056667, -54.867381667, 32.6 ], [ -67.543068333, -54.867385, 32.5 ], [ -67.543068333, -54.867386667, 32.3 ], [ -67.543065, -54.867385, 32.4 ], [ -67.543061667, -54.867386667, 33.5 ], [ -67.543063333, -54.867388333, 33.8 ], [ -67.543065, -54.867388333, 34.1 ], [ -67.543065, -54.867388333, 34.4 ], [ -67.543063333, -54.867388333, 34.4 ], [ -67.543063333, -54.867388333, 34.4 ], [ -67.543063333, -54.867388333, 34.4 ], [ -67.543063333, -54.867388333, 34.4 ], [ -67.543063333, -54.867388333, 34.4 ], [ -67.543063333, -54.867388333, 34.4 ], [ -67.543063333, -54.867388333, 34.4 ], [ -67.543063333, -54.867388333, 34.4 ], [ -67.543063333, -54.867388333, 34.4 ], [ -67.543063333, -54.867388333, 34.4 ], [ -67.543063333, -54.867388333, 34.4 ], [ -67.543063333, -54.867388333, 34.4 ], [ -67.543063333, -54.867388333, 34.4 ], [ -67.543063333, -54.867388333, 34.4 ], [ -67.543063333, -54.867388333, 34.4 ], [ -67.543063333, -54.867388333, 34.4 ], [ -67.543063333, -54.867388333, 34.4 ], [ -67.543063333, -54.867388333, 34.4 ], [ -67.543063333, -54.867388333, 34.4 ], [ -67.543063333, -54.867388333, 34.4 ], [ -67.543063333, -54.867388333, 34.4 ], [ -67.543063333, -54.867388333, 34.4 ], [ -67.543063333, -54.867388333, 34.4 ], [ -67.543063333, -54.867388333, 34.4 ], [ -67.543063333, -54.867388333, 34.4 ], [ -67.543063333, -54.867388333, 34.4 ], [ -67.543063333, -54.867388333, 34.4 ], [ -67.543126667, -54.867428333, 32.8 ], [ -67.543133333, -54.867433333, 32.4 ], [ -67.54314, -54.867436667, 32.3 ], [ -67.543145, -54.86744, 32.3 ], [ -67.54315, -54.867441667, 32.4 ], [ -67.543156667, -54.867441667, 32.5 ], [ -67.543156667, -54.86744, 32.2 ], [ -67.543158333, -54.867438333, 32.0 ], [ -67.543158333, -54.867436667, 31.4 ], [ -67.543161667, -54.867436667, 31.4 ], [ -67.543175, -54.867433333, 31.4 ], [ -67.543135, -54.867438333, 30.9 ], [ -67.54312, -54.867438333, 30.8 ], [ -67.543103333, -54.867441667, 31.0 ], [ -67.543098333, -54.867436667, 30.9 ], [ -67.543056667, -54.867451667, 31.0 ], [ -67.543068333, -54.867446667, 31.0 ], [ -67.543116667, -54.867381667, 30.0 ], [ -67.543111667, -54.867375, 30.0 ], [ -67.543115, -54.867375, 29.8 ], [ -67.543121667, -54.867378333, 29.5 ], [ -67.543136667, -54.867385, 29.2 ], [ -67.543145, -54.867391667, 29.1 ], [ -67.543148333, -54.867395, 28.9 ], [ -67.543153333, -54.8674, 28.9 ], [ -67.54316, -54.867406667, 28.9 ], [ -67.543165, -54.867408333, 28.9 ], [ -67.543168333, -54.867413333, 28.9 ], [ -67.543171667, -54.867413333, 28.8 ], [ -67.543173333, -54.867413333, 28.8 ], [ -67.543183333, -54.867415, 29.0 ], [ -67.543191667, -54.867415, 28.9 ], [ -67.543193333, -54.867416667, 29.1 ], [ -67.543191667, -54.86742, 29.3 ], [ -67.54319, -54.867423333, 29.3 ], [ -67.543191667, -54.867428333, 29.3 ], [ -67.543188333, -54.867428333, 29.4 ], [ -67.543186667, -54.86743, 29.4 ], [ -67.543185, -54.867431667, 29.4 ], [ -67.543186667, -54.867435, 29.4 ], [ -67.543186667, -54.867436667, 29.3 ], [ -67.54318, -54.867436667, 29.3 ], [ -67.543175, -54.867435, 29.4 ], [ -67.543173333, -54.867433333, 29.4 ], [ -67.543173333, -54.867431667, 29.5 ], [ -67.543173333, -54.867431667, 29.6 ], [ -67.543175, -54.86743, 29.7 ], [ -67.543175, -54.86743, 29.7 ], [ -67.543175, -54.86743, 29.7 ], [ -67.543175, -54.86743, 29.7 ], [ -67.543175, -54.86743, 29.7 ], [ -67.543175, -54.86743, 29.7 ], [ -67.543175, -54.86743, 29.7 ], [ -67.543175, -54.86743, 29.7 ], [ -67.543175, -54.86743, 29.7 ], [ -67.543175, -54.86743, 29.7 ], [ -67.543175, -54.86743, 29.7 ], [ -67.543175, -54.86743, 29.7 ], [ -67.543175, -54.86743, 29.7 ], [ -67.543175, -54.86743, 29.7 ], [ -67.543175, -54.86743, 29.7 ], [ -67.543175, -54.86743, 29.7 ], [ -67.543175, -54.86743, 29.7 ], [ -67.543175, -54.86743, 29.7 ], [ -67.543175, -54.86743, 29.7 ], [ -67.543175, -54.86743, 29.7 ], [ -67.543175, -54.86743, 29.7 ], [ -67.543175, -54.86743, 29.7 ], [ -67.543175, -54.86743, 29.7 ], [ -67.543175, -54.86743, 29.7 ], [ -67.543175, -54.86743, 29.7 ], [ -67.543175, -54.86743, 29.7 ], [ -67.543175, -54.86743, 29.7 ], [ -67.543175, -54.86743, 29.7 ], [ -67.543175, -54.86743, 29.7 ], [ -67.543175, -54.86743, 29.7 ], [ -67.543175, -54.86743, 29.7 ], [ -67.543175, -54.86743, 29.7 ], [ -67.543175, -54.86743, 29.7 ], [ -67.543175, -54.86743, 29.7 ], [ -67.543175, -54.86743, 29.7 ], [ -67.543175, -54.86743, 29.7 ], [ -67.543175, -54.86743, 29.7 ], [ -67.543175, -54.86743, 29.7 ], [ -67.543175, -54.86743, 29.7 ], [ -67.543175, -54.86743, 29.7 ], [ -67.54322, -54.867433333, 32.5 ], [ -67.543216667, -54.867428333, 32.6 ], [ -67.54322, -54.867426667, 32.5 ], [ -67.543216667, -54.867421667, 32.7 ], [ -67.543216667, -54.867421667, 32.7 ], [ -67.543216667, -54.867421667, 32.7 ], [ -67.543216667, -54.867421667, 32.7 ], [ -67.543216667, -54.867421667, 32.7 ], [ -67.543216667, -54.867421667, 32.7 ], [ -67.543218333, -54.867408333, 32.2 ], [ -67.543215, -54.867401667, 32.2 ], [ -67.543213333, -54.867395, 32.2 ], [ -67.543213333, -54.867386667, 32.3 ], [ -67.543215, -54.867383333, 32.2 ], [ -67.54321, -54.867375, 32.1 ], [ -67.543208333, -54.867368333, 32.8 ], [ -67.543213333, -54.867366667, 33.3 ], [ -67.543228333, -54.867368333, 33.6 ], [ -67.543243333, -54.867376667, 33.7 ], [ -67.54325, -54.867381667, 33.6 ], [ -67.543261667, -54.867385, 33.5 ], [ -67.543271667, -54.867388333, 33.6 ], [ -67.543288333, -54.86739, 33.6 ], [ -67.5433, -54.867391667, 33.5 ], [ -67.543308333, -54.867393333, 33.8 ], [ -67.543315, -54.867398333, 34.0 ], [ -67.543318333, -54.867401667, 34.0 ], [ -67.543318333, -54.867401667, 33.9 ], [ -67.543325, -54.867403333, 33.4 ], [ -67.543328333, -54.867403333, 33.4 ], [ -67.543331667, -54.867403333, 33.1 ], [ -67.543331667, -54.867403333, 33.1 ], [ -67.543331667, -54.8674, 33.1 ], [ -67.543303333, -54.867398333, 33.0 ], [ -67.543321667, -54.867385, 32.2 ], [ -67.543326667, -54.867373333, 32.4 ], [ -67.543336667, -54.867368333, 32.7 ], [ -67.54333, -54.867361667, 33.0 ], [ -67.543326667, -54.867356667, 33.5 ], [ -67.543326667, -54.867356667, 33.5 ], [ -67.543333333, -54.867351667, 33.4 ], [ -67.543326667, -54.867378333, 33.3 ], [ -67.54332, -54.867355, 33.2 ], [ -67.543316667, -54.86731, 32.7 ], [ -67.5433, -54.867286667, 32.5 ], [ -67.543306667, -54.867286667, 32.6 ], [ -67.543325, -54.867291667, 32.6 ], [ -67.543333333, -54.867296667, 32.5 ], [ -67.543341667, -54.867306667, 32.6 ], [ -67.543341667, -54.867328333, 32.7 ], [ -67.543346667, -54.867341667, 32.7 ], [ -67.543353333, -54.867348333, 32.7 ], [ -67.543353333, -54.867356667, 32.7 ], [ -67.543355, -54.867365, 32.6 ], [ -67.54336, -54.867368333, 32.7 ], [ -67.543365, -54.86737, 32.7 ], [ -67.543363333, -54.867368333, 32.6 ], [ -67.543371667, -54.867373333, 32.6 ], [ -67.543371667, -54.867376667, 32.6 ], [ -67.543371667, -54.867381667, 32.6 ], [ -67.543373333, -54.867385, 32.7 ], [ -67.543375, -54.867386667, 32.8 ], [ -67.543378333, -54.867386667, 32.9 ], [ -67.543376667, -54.86739, 32.9 ], [ -67.54338, -54.867391667, 32.8 ], [ -67.54338, -54.867393333, 32.7 ], [ -67.54338, -54.867393333, 32.7 ], [ -67.543378333, -54.867396667, 32.7 ], [ -67.543383333, -54.867395, 32.7 ], [ -67.543385, -54.867395, 32.7 ], [ -67.543383333, -54.867395, 32.6 ], [ -67.543385, -54.867393333, 32.6 ], [ -67.543385, -54.867393333, 32.6 ], [ -67.543385, -54.867393333, 32.6 ], [ -67.5434, -54.867396667, 32.4 ], [ -67.543405, -54.8674, 32.2 ], [ -67.54341, -54.867401667, 32.3 ], [ -67.543416667, -54.8674, 32.3 ], [ -67.543426667, -54.867398333, 32.3 ], [ -67.54343, -54.867391667, 32.3 ], [ -67.543445, -54.86739, 32.3 ], [ -67.543451667, -54.867386667, 32.3 ], [ -67.543451667, -54.867388333, 32.2 ], [ -67.543456667, -54.867388333, 32.4 ], [ -67.543451667, -54.867383333, 32.2 ], [ -67.543453333, -54.867366667, 31.9 ], [ -67.543445, -54.867356667, 31.7 ], [ -67.543436667, -54.867351667, 31.8 ], [ -67.543436667, -54.867338333, 31.4 ], [ -67.543433333, -54.867335, 31.2 ], [ -67.54344, -54.867338333, 31.3 ], [ -67.54345, -54.867353333, 31.2 ], [ -67.543461667, -54.867366667, 31.1 ], [ -67.543475, -54.867371667, 31.0 ], [ -67.543485, -54.867375, 30.9 ], [ -67.543496667, -54.867378333, 30.9 ], [ -67.543501667, -54.867378333, 31.0 ], [ -67.543501667, -54.867378333, 30.9 ], [ -67.5435, -54.867378333, 30.8 ], [ -67.543506667, -54.867383333, 30.9 ], [ -67.543506667, -54.867388333, 30.9 ], [ -67.543506667, -54.867393333, 31.0 ], [ -67.54351, -54.867395, 31.1 ], [ -67.543511667, -54.867398333, 31.1 ], [ -67.543518333, -54.867403333, 31.2 ], [ -67.543528333, -54.867406667, 31.1 ], [ -67.543541667, -54.86741, 31.0 ], [ -67.54355, -54.867416667, 30.8 ], [ -67.543555, -54.867423333, 30.7 ], [ -67.543551667, -54.867428333, 30.5 ], [ -67.543553333, -54.867431667, 30.5 ], [ -67.543555, -54.867436667, 30.5 ], [ -67.543558333, -54.867441667, 30.4 ], [ -67.54357, -54.86744, 30.0 ], [ -67.543585, -54.867438333, 29.5 ], [ -67.543576667, -54.867441667, 29.4 ], [ -67.543575, -54.867438333, 29.3 ], [ -67.54358, -54.867433333, 29.0 ], [ -67.543578333, -54.867436667, 29.0 ], [ -67.543571667, -54.867436667, 28.9 ], [ -67.543566667, -54.86744, 29.1 ], [ -67.543563333, -54.867445, 29.3 ], [ -67.543553333, -54.867446667, 29.4 ], [ -67.543553333, -54.867446667, 29.4 ], [ -67.543553333, -54.867446667, 29.4 ], [ -67.543553333, -54.867446667, 29.4 ], [ -67.543553333, -54.867446667, 29.4 ], [ -67.543553333, -54.867446667, 29.4 ], [ -67.543553333, -54.867446667, 29.4 ], [ -67.543553333, -54.867446667, 29.4 ], [ -67.543553333, -54.867446667, 29.4 ], [ -67.543553333, -54.867446667, 29.4 ], [ -67.543553333, -54.867446667, 29.4 ], [ -67.543553333, -54.867446667, 29.4 ], [ -67.543553333, -54.867446667, 29.4 ], [ -67.543553333, -54.867446667, 29.4 ], [ -67.543553333, -54.867446667, 29.4 ], [ -67.543553333, -54.867446667, 29.4 ], [ -67.543553333, -54.867446667, 29.4 ], [ -67.543553333, -54.867446667, 29.4 ], [ -67.543553333, -54.867446667, 29.4 ], [ -67.543553333, -54.867446667, 29.4 ], [ -67.543553333, -54.867446667, 29.4 ], [ -67.543553333, -54.867446667, 29.4 ], [ -67.543553333, -54.867446667, 29.4 ], [ -67.543553333, -54.867446667, 29.4 ], [ -67.543553333, -54.867446667, 29.4 ], [ -67.543553333, -54.867446667, 29.4 ], [ -67.543553333, -54.867446667, 29.4 ], [ -67.543553333, -54.867446667, 29.4 ], [ -67.543553333, -54.867446667, 29.4 ], [ -67.543553333, -54.867446667, 29.4 ], [ -67.543553333, -54.867446667, 29.4 ], [ -67.543553333, -54.867446667, 29.4 ], [ -67.543553333, -54.867446667, 29.4 ], [ -67.543553333, -54.867446667, 29.4 ], [ -67.543553333, -54.867446667, 29.4 ], [ -67.543553333, -54.867446667, 29.4 ], [ -67.543553333, -54.867446667, 29.4 ], [ -67.543553333, -54.867446667, 29.4 ], [ -67.543553333, -54.867446667, 29.4 ], [ -67.543553333, -54.867446667, 29.4 ], [ -67.543553333, -54.867446667, 29.4 ], [ -67.543553333, -54.867446667, 29.4 ], [ -67.543553333, -54.867446667, 29.4 ], [ -67.543553333, -54.867446667, 29.4 ], [ -67.543553333, -54.867446667, 29.4 ], [ -67.543553333, -54.867446667, 29.4 ], [ -67.543553333, -54.867446667, 29.4 ], [ -67.543553333, -54.867446667, 29.4 ], [ -67.543553333, -54.867446667, 29.4 ], [ -67.543553333, -54.867446667, 29.4 ], [ -67.543553333, -54.867446667, 29.4 ], [ -67.543553333, -54.867446667, 29.4 ], [ -67.543553333, -54.867446667, 29.4 ], [ -67.543553333, -54.867446667, 29.4 ], [ -67.543596667, -54.867468333, 33.8 ], [ -67.543605, -54.867476667, 34.1 ], [ -67.543603333, -54.86748, 34.4 ], [ -67.543601667, -54.867481667, 34.7 ], [ -67.5436, -54.867481667, 35.0 ], [ -67.5436, -54.867481667, 35.0 ], [ -67.5436, -54.867481667, 35.0 ], [ -67.5436, -54.867481667, 35.0 ], [ -67.5436, -54.867481667, 35.0 ], [ -67.5436, -54.867481667, 35.0 ], [ -67.5436, -54.867481667, 35.0 ], [ -67.5436, -54.867481667, 35.0 ], [ -67.5436, -54.867481667, 35.0 ], [ -67.5436, -54.867481667, 35.0 ], [ -67.5436, -54.867481667, 35.0 ], [ -67.5436, -54.867481667, 35.0 ], [ -67.5436, -54.867481667, 35.0 ], [ -67.5436, -54.867481667, 35.0 ], [ -67.5436, -54.867481667, 35.0 ], [ -67.5436, -54.867481667, 35.0 ], [ -67.5436, -54.867481667, 35.0 ], [ -67.543568333, -54.867471667, 34.4 ], [ -67.543568333, -54.867466667, 34.0 ], [ -67.543563333, -54.867465, 33.5 ], [ -67.543561667, -54.86746, 33.1 ], [ -67.543556667, -54.867455, 32.7 ], [ -67.543558333, -54.867453333, 32.2 ], [ -67.54356, -54.86745, 32.0 ], [ -67.543558333, -54.867446667, 31.6 ], [ -67.543558333, -54.867446667, 31.5 ], [ -67.543556667, -54.867446667, 31.5 ], [ -67.543555, -54.867451667, 31.7 ], [ -67.543551667, -54.867451667, 31.5 ], [ -67.54355, -54.867455, 31.5 ], [ -67.543546667, -54.867458333, 31.4 ], [ -67.543546667, -54.867458333, 31.4 ], [ -67.543546667, -54.867458333, 31.4 ], [ -67.543546667, -54.867458333, 31.4 ], [ -67.543546667, -54.867458333, 31.4 ], [ -67.543546667, -54.867458333, 31.4 ], [ -67.543546667, -54.867458333, 31.4 ], [ -67.543546667, -54.867458333, 31.4 ], [ -67.543546667, -54.867458333, 31.4 ], [ -67.543546667, -54.867458333, 31.4 ], [ -67.543546667, -54.867458333, 31.4 ], [ -67.543546667, -54.867458333, 31.4 ], [ -67.543546667, -54.867458333, 31.4 ], [ -67.543546667, -54.867458333, 31.4 ], [ -67.543546667, -54.867458333, 31.4 ], [ -67.543546667, -54.867458333, 31.4 ], [ -67.543546667, -54.867458333, 31.4 ], [ -67.543546667, -54.867458333, 31.4 ], [ -67.543546667, -54.867458333, 31.4 ], [ -67.543546667, -54.867458333, 31.4 ], [ -67.543546667, -54.867458333, 31.4 ], [ -67.543546667, -54.867458333, 31.4 ], [ -67.543546667, -54.867458333, 31.4 ], [ -67.543546667, -54.867458333, 31.4 ], [ -67.543546667, -54.867458333, 31.4 ], [ -67.543546667, -54.867458333, 31.4 ], [ -67.543546667, -54.867458333, 31.4 ], [ -67.543546667, -54.867458333, 31.4 ], [ -67.543546667, -54.867458333, 31.4 ], [ -67.543546667, -54.867458333, 31.4 ], [ -67.543546667, -54.867458333, 31.4 ], [ -67.543546667, -54.867458333, 31.4 ], [ -67.543546667, -54.867458333, 31.4 ], [ -67.543546667, -54.867458333, 31.4 ], [ -67.543546667, -54.867458333, 31.4 ], [ -67.543546667, -54.867458333, 31.4 ], [ -67.543546667, -54.867458333, 31.4 ], [ -67.543546667, -54.867458333, 31.4 ], [ -67.543546667, -54.867458333, 31.4 ], [ -67.543546667, -54.867458333, 31.4 ], [ -67.543546667, -54.867458333, 31.4 ], [ -67.543546667, -54.867458333, 31.4 ], [ -67.543546667, -54.867458333, 31.4 ], [ -67.543546667, -54.867458333, 31.4 ], [ -67.543546667, -54.867458333, 31.4 ], [ -67.543546667, -54.867458333, 31.4 ], [ -67.543546667, -54.867458333, 31.4 ], [ -67.543546667, -54.867458333, 31.4 ], [ -67.543546667, -54.867458333, 31.4 ], [ -67.543546667, -54.867458333, 31.4 ], [ -67.543546667, -54.867458333, 31.4 ], [ -67.543546667, -54.867458333, 31.4 ], [ -67.543546667, -54.867458333, 31.4 ], [ -67.543546667, -54.867458333, 31.4 ], [ -67.543546667, -54.867458333, 31.4 ], [ -67.543546667, -54.867458333, 31.4 ], [ -67.543546667, -54.867458333, 31.4 ], [ -67.543546667, -54.867458333, 31.4 ], [ -67.543546667, -54.867458333, 31.4 ], [ -67.543546667, -54.867458333, 31.4 ], [ -67.543546667, -54.867458333, 31.4 ], [ -67.543546667, -54.867458333, 31.4 ], [ -67.54356, -54.867463333, 34.2 ], [ -67.543561667, -54.867463333, 34.2 ], [ -67.543541667, -54.867468333, 34.2 ], [ -67.543533333, -54.867485, 34.2 ], [ -67.543536667, -54.867483333, 33.9 ], [ -67.543535, -54.867483333, 33.7 ], [ -67.543533333, -54.867485, 33.6 ], [ -67.543538333, -54.867486667, 33.3 ], [ -67.543538333, -54.867488333, 32.8 ], [ -67.543538333, -54.86749, 32.3 ], [ -67.543535, -54.86749, 32.0 ], [ -67.543531667, -54.867493333, 31.6 ], [ -67.543531667, -54.867495, 31.4 ], [ -67.543531667, -54.867495, 31.1 ], [ -67.54353, -54.867495, 30.9 ], [ -67.54353, -54.867496667, 30.8 ], [ -67.543528333, -54.867495, 30.6 ], [ -67.54353, -54.867495, 30.3 ], [ -67.543535, -54.867493333, 30.1 ], [ -67.543536667, -54.867493333, 30.0 ], [ -67.543538333, -54.867491667, 29.8 ], [ -67.543535, -54.867491667, 29.7 ], [ -67.543533333, -54.86749, 29.5 ], [ -67.543533333, -54.867485, 29.3 ], [ -67.543531667, -54.86748, 29.2 ], [ -67.54353, -54.867476667, 29.1 ], [ -67.543528333, -54.867473333, 29.0 ], [ -67.543525, -54.867471667, 29.0 ], [ -67.543523333, -54.867468333, 29.0 ], [ -67.543521667, -54.867466667, 29.1 ], [ -67.543518333, -54.867465, 29.1 ], [ -67.543518333, -54.867465, 29.2 ], [ -67.54352, -54.867465, 29.6 ], [ -67.54352, -54.867465, 29.6 ], [ -67.54352, -54.867465, 29.6 ], [ -67.54352, -54.867465, 29.6 ], [ -67.54352, -54.867465, 29.6 ], [ -67.54352, -54.867465, 29.6 ], [ -67.543516667, -54.86748, 29.5 ], [ -67.543511667, -54.867481667, 29.4 ], [ -67.543501667, -54.867486667, 29.3 ], [ -67.543498333, -54.867493333, 29.3 ], [ -67.543493333, -54.8675, 29.3 ], [ -67.543488333, -54.867501667, 29.4 ], [ -67.543485, -54.867505, 29.1 ], [ -67.543481667, -54.86751, 29.2 ], [ -67.543485, -54.867518333, 29.0 ], [ -67.543481667, -54.867523333, 29.0 ], [ -67.543485, -54.867523333, 28.6 ], [ -67.543485, -54.86753, 28.5 ], [ -67.543486667, -54.867533333, 28.4 ], [ -67.543491667, -54.86754, 28.2 ], [ -67.543493333, -54.867546667, 28.0 ], [ -67.543495, -54.867551667, 27.9 ], [ -67.5435, -54.867555, 27.7 ], [ -67.543503333, -54.86756, 27.7 ], [ -67.543508333, -54.867563333, 27.5 ], [ -67.543515, -54.867566667, 27.5 ], [ -67.543525, -54.86757, 27.3 ], [ -67.543533333, -54.867571667, 27.3 ], [ -67.54354, -54.867568333, 27.2 ], [ -67.543548333, -54.867566667, 27.1 ], [ -67.543561667, -54.867563333, 27.0 ], [ -67.543573333, -54.867558333, 26.9 ], [ -67.543578333, -54.867555, 26.9 ], [ -67.54358, -54.867555, 26.9 ], [ -67.543583333, -54.867553333, 26.8 ], [ -67.54359, -54.86755, 26.8 ], [ -67.543585, -54.867546667, 26.7 ], [ -67.5436, -54.867538333, 26.7 ], [ -67.543598333, -54.867538333, 26.3 ], [ -67.543608333, -54.867538333, 26.2 ], [ -67.543606667, -54.867538333, 26.2 ], [ -67.543573333, -54.86752, 26.3 ], [ -67.543583333, -54.867513333, 26.1 ], [ -67.543585, -54.867506667, 25.8 ], [ -67.543588333, -54.867501667, 25.7 ], [ -67.54359, -54.867511667, 25.2 ], [ -67.543601667, -54.867518333, 25.6 ], [ -67.543603333, -54.867526667, 26.1 ], [ -67.543596667, -54.867535, 26.1 ], [ -67.543596667, -54.867535, 26.1 ], [ -67.543581667, -54.867535, 26.1 ], [ -67.543558333, -54.867513333, 26.6 ], [ -67.543555, -54.867506667, 26.9 ], [ -67.543556667, -54.867506667, 27.1 ], [ -67.543561667, -54.867503333, 27.5 ], [ -67.543573333, -54.867506667, 27.2 ], [ -67.543571667, -54.867506667, 26.5 ], [ -67.543575, -54.867515, 26.1 ], [ -67.54358, -54.86752, 25.7 ], [ -67.543593333, -54.867521667, 25.4 ], [ -67.543605, -54.867525, 25.4 ], [ -67.543613333, -54.867528333, 25.5 ], [ -67.543623333, -54.867528333, 25.7 ], [ -67.543625, -54.867531667, 26.1 ], [ -67.543628333, -54.867531667, 26.4 ], [ -67.54363, -54.867533333, 26.7 ], [ -67.543633333, -54.867533333, 26.8 ], [ -67.543638333, -54.867531667, 26.8 ], [ -67.54364, -54.86753, 27.0 ], [ -67.543636667, -54.867531667, 27.0 ], [ -67.543643333, -54.867535, 27.1 ], [ -67.543648333, -54.867535, 27.5 ], [ -67.54365, -54.867533333, 27.8 ], [ -67.543643333, -54.867531667, 28.1 ], [ -67.543638333, -54.86753, 28.4 ], [ -67.543638333, -54.867526667, 28.6 ], [ -67.543636667, -54.867526667, 28.5 ], [ -67.543633333, -54.867523333, 28.5 ], [ -67.543631667, -54.867526667, 28.4 ], [ -67.54363, -54.867531667, 28.1 ], [ -67.543628333, -54.867538333, 28.0 ], [ -67.543626667, -54.867541667, 27.9 ], [ -67.543628333, -54.867546667, 27.8 ], [ -67.543626667, -54.867556667, 27.6 ], [ -67.543633333, -54.867563333, 27.2 ], [ -67.543645, -54.867565, 27.0 ], [ -67.54366, -54.867568333, 26.9 ], [ -67.54366, -54.86757, 26.7 ], [ -67.543666667, -54.867571667, 26.8 ], [ -67.543681667, -54.867571667, 26.8 ], [ -67.543691667, -54.867573333, 26.6 ], [ -67.543708333, -54.86757, 26.7 ], [ -67.543728333, -54.867566667, 26.7 ], [ -67.543743333, -54.867563333, 26.5 ], [ -67.543755, -54.867561667, 26.4 ], [ -67.543761667, -54.86756, 26.6 ], [ -67.54377, -54.867558333, 26.5 ], [ -67.543781667, -54.867556667, 26.7 ], [ -67.543791667, -54.86756, 26.9 ], [ -67.543805, -54.867561667, 27.0 ], [ -67.543813333, -54.867561667, 27.3 ], [ -67.543825, -54.867561667, 27.6 ], [ -67.54384, -54.867568333, 28.1 ], [ -67.543851667, -54.867575, 28.3 ], [ -67.54386, -54.867576667, 28.9 ], [ -67.543865, -54.867573333, 29.1 ], [ -67.543861667, -54.867575, 29.0 ], [ -67.543853333, -54.867575, 29.4 ], [ -67.543855, -54.867573333, 29.4 ], [ -67.54386, -54.86757, 29.5 ], [ -67.543855, -54.867566667, 29.6 ], [ -67.543853333, -54.86756, 29.8 ], [ -67.543846667, -54.867553333, 30.0 ], [ -67.543841667, -54.867545, 30.0 ], [ -67.543848333, -54.867538333, 29.8 ], [ -67.543851667, -54.867538333, 29.6 ], [ -67.543856667, -54.86754, 29.5 ], [ -67.543868333, -54.867543333, 29.7 ], [ -67.543878333, -54.867546667, 29.8 ], [ -67.543885, -54.86755, 30.1 ], [ -67.543893333, -54.867553333, 30.3 ], [ -67.5439, -54.867556667, 30.5 ], [ -67.543901667, -54.867563333, 30.6 ], [ -67.5439, -54.867565, 30.5 ], [ -67.543905, -54.867563333, 30.2 ], [ -67.543911667, -54.867558333, 30.5 ], [ -67.543911667, -54.867558333, 30.5 ], [ -67.543911667, -54.867558333, 30.5 ], [ -67.543911667, -54.867558333, 30.5 ], [ -67.543911667, -54.867558333, 30.5 ], [ -67.543911667, -54.867558333, 30.5 ], [ -67.543911667, -54.867558333, 30.5 ], [ -67.543911667, -54.867558333, 30.5 ], [ -67.543911667, -54.867558333, 30.5 ], [ -67.543911667, -54.867558333, 30.5 ], [ -67.543911667, -54.867558333, 30.5 ], [ -67.543911667, -54.867558333, 30.5 ], [ -67.543911667, -54.867558333, 30.5 ], [ -67.543911667, -54.867558333, 30.5 ], [ -67.543868333, -54.867548333, 30.6 ], [ -67.543865, -54.867543333, 30.9 ], [ -67.543861667, -54.867538333, 31.1 ], [ -67.54386, -54.867531667, 31.4 ], [ -67.543855, -54.867523333, 31.5 ], [ -67.543846667, -54.867518333, 31.6 ], [ -67.54384, -54.86751, 31.6 ], [ -67.543835, -54.867501667, 31.5 ], [ -67.543831667, -54.86749, 31.6 ], [ -67.543825, -54.86748, 31.5 ], [ -67.543818333, -54.867476667, 31.7 ], [ -67.543808333, -54.867471667, 31.8 ], [ -67.54381, -54.867466667, 32.0 ], [ -67.543813333, -54.867463333, 32.3 ], [ -67.543818333, -54.867458333, 32.5 ], [ -67.54382, -54.86745, 32.5 ], [ -67.543823333, -54.867448333, 32.6 ], [ -67.543823333, -54.867436667, 32.3 ], [ -67.543821667, -54.86743, 32.2 ], [ -67.543823333, -54.867423333, 32.3 ], [ -67.543831667, -54.867413333, 32.5 ], [ -67.543836667, -54.867408333, 33.0 ], [ -67.543836667, -54.867401667, 33.3 ], [ -67.543841667, -54.867398333, 33.8 ], [ -67.543853333, -54.867396667, 34.4 ], [ -67.543858333, -54.867391667, 34.6 ], [ -67.54386, -54.86739, 34.7 ], [ -67.543868333, -54.867388333, 34.9 ], [ -67.543873333, -54.867383333, 35.2 ], [ -67.543876667, -54.86738, 35.4 ], [ -67.543875, -54.867371667, 33.5 ], [ -67.543875, -54.867361667, 32.6 ], [ -67.543878333, -54.867353333, 31.8 ], [ -67.543881667, -54.867348333, 31.1 ], [ -67.543881667, -54.867343333, 30.3 ], [ -67.543883333, -54.867338333, 28.9 ], [ -67.543891667, -54.867335, 28.4 ], [ -67.5439, -54.867333333, 28.2 ], [ -67.543905, -54.867333333, 28.0 ], [ -67.543908333, -54.867331667, 27.9 ], [ -67.543916667, -54.867331667, 27.9 ], [ -67.543931667, -54.86733, 27.8 ], [ -67.543955, -54.86733, 27.6 ], [ -67.543973333, -54.867333333, 27.5 ], [ -67.543986667, -54.86733, 27.4 ], [ -67.544005, -54.867333333, 27.5 ], [ -67.544016667, -54.86733, 27.5 ], [ -67.54403, -54.867328333, 27.5 ], [ -67.544036667, -54.867326667, 27.4 ], [ -67.544045, -54.867326667, 27.4 ], [ -67.544058333, -54.867323333, 27.3 ], [ -67.544068333, -54.867321667, 27.1 ], [ -67.544085, -54.86732, 26.8 ], [ -67.544091667, -54.867318333, 26.9 ], [ -67.544096667, -54.867318333, 27.1 ], [ -67.544103333, -54.867318333, 27.3 ], [ -67.544103333, -54.86732, 27.5 ], [ -67.544108333, -54.86732, 27.5 ], [ -67.544106667, -54.86732, 27.5 ], [ -67.544106667, -54.86732, 27.7 ], [ -67.544105, -54.867321667, 28.0 ], [ -67.544105, -54.867321667, 28.0 ], [ -67.544105, -54.867321667, 28.0 ], [ -67.544105, -54.867321667, 28.0 ], [ -67.544105, -54.867321667, 28.0 ], [ -67.544105, -54.867321667, 28.0 ], [ -67.544105, -54.867321667, 28.0 ], [ -67.544105, -54.867321667, 28.0 ], [ -67.544145, -54.867308333, 31.1 ], [ -67.544158333, -54.867306667, 31.2 ], [ -67.544161667, -54.8673, 31.4 ], [ -67.544163333, -54.867296667, 31.4 ], [ -67.54417, -54.867288333, 31.4 ], [ -67.54417, -54.867285, 31.5 ], [ -67.544171667, -54.867278333, 31.6 ], [ -67.544171667, -54.867275, 31.9 ], [ -67.544175, -54.867271667, 32.2 ], [ -67.544175, -54.86727, 32.4 ], [ -67.54418, -54.867268333, 32.3 ], [ -67.544185, -54.867266667, 32.3 ], [ -67.544185, -54.867266667, 32.2 ], [ -67.544178333, -54.867275, 32.0 ], [ -67.544183333, -54.867275, 32.0 ], [ -67.544203333, -54.86727, 32.0 ], [ -67.54419, -54.867261667, 32.0 ], [ -67.544198333, -54.86727, 32.0 ], [ -67.544198333, -54.867301667, 31.7 ], [ -67.5442, -54.867283333, 31.8 ], [ -67.5442, -54.867285, 31.8 ], [ -67.544206667, -54.867276667, 32.0 ], [ -67.544205, -54.86727, 31.9 ], [ -67.544208333, -54.867266667, 32.0 ], [ -67.544206667, -54.867263333, 32.6 ], [ -67.544208333, -54.867265, 32.4 ], [ -67.544203333, -54.867263333, 31.8 ], [ -67.54419, -54.867265, 32.0 ], [ -67.544191667, -54.867271667, 31.7 ], [ -67.544191667, -54.867278333, 32.0 ], [ -67.544198333, -54.867281667, 32.2 ], [ -67.544205, -54.867285, 31.7 ], [ -67.544203333, -54.867286667, 31.6 ], [ -67.544206667, -54.867286667, 31.8 ], [ -67.54421, -54.867286667, 31.9 ], [ -67.54421, -54.867286667, 32.0 ], [ -67.544213333, -54.867288333, 32.1 ], [ -67.544215, -54.867286667, 32.2 ], [ -67.544218333, -54.867285, 32.6 ], [ -67.544218333, -54.867283333, 33.1 ], [ -67.544218333, -54.867278333, 33.5 ], [ -67.544225, -54.867273333, 34.2 ], [ -67.544221667, -54.867271667, 34.5 ], [ -67.544218333, -54.86727, 34.8 ], [ -67.544218333, -54.86727, 35.0 ], [ -67.544218333, -54.867268333, 35.2 ], [ -67.544218333, -54.867266667, 35.5 ], [ -67.544218333, -54.867266667, 35.5 ], [ -67.544218333, -54.867266667, 35.5 ], [ -67.54422, -54.867253333, 36.3 ], [ -67.544216667, -54.867248333, 36.5 ], [ -67.54422, -54.867241667, 36.6 ], [ -67.544221667, -54.867236667, 36.6 ], [ -67.544221667, -54.867233333, 36.7 ], [ -67.54422, -54.867228333, 36.6 ], [ -67.544223333, -54.867225, 36.6 ], [ -67.544226667, -54.867223333, 36.7 ], [ -67.544228333, -54.867221667, 36.7 ], [ -67.544228333, -54.867221667, 36.7 ], [ -67.544233333, -54.867218333, 36.6 ], [ -67.544238333, -54.867213333, 36.6 ], [ -67.544238333, -54.867208333, 36.6 ], [ -67.544248333, -54.867206667, 36.6 ], [ -67.544253333, -54.867206667, 36.5 ], [ -67.544258333, -54.867206667, 36.4 ], [ -67.544271667, -54.867196667, 36.7 ], [ -67.544283333, -54.867188333, 36.9 ], [ -67.544285, -54.86718, 37.1 ], [ -67.54429, -54.867176667, 37.4 ], [ -67.544286667, -54.867176667, 37.3 ], [ -67.54429, -54.867178333, 37.3 ], [ -67.544291667, -54.867185, 37.3 ], [ -67.54429, -54.867193333, 37.3 ], [ -67.544365, -54.867181667, 37.1 ], [ -67.54438, -54.867173333, 36.4 ], [ -67.544366667, -54.867158333, 36.2 ], [ -67.544358333, -54.867148333, 36.2 ], [ -67.544351667, -54.867143333, 36.1 ], [ -67.544338333, -54.867135, 35.8 ], [ -67.544326667, -54.867131667, 35.3 ], [ -67.544331667, -54.86712, 35.1 ], [ -67.544343333, -54.867113333, 34.9 ], [ -67.54436, -54.867106667, 34.6 ], [ -67.544378333, -54.867105, 34.4 ], [ -67.544391667, -54.867101667, 34.3 ], [ -67.544403333, -54.867098333, 33.9 ], [ -67.54441, -54.867098333, 33.6 ], [ -67.54442, -54.8671, 34.0 ], [ -67.544423333, -54.867101667, 34.0 ], [ -67.544428333, -54.867105, 34.0 ], [ -67.544438333, -54.867105, 34.0 ], [ -67.544445, -54.867105, 33.6 ], [ -67.544448333, -54.86711, 33.5 ], [ -67.544455, -54.86711, 33.3 ], [ -67.54447, -54.867103333, 33.1 ], [ -67.544481667, -54.867096667, 32.8 ], [ -67.544491667, -54.867093333, 32.7 ], [ -67.544503333, -54.867091667, 32.8 ], [ -67.544511667, -54.86709, 32.9 ], [ -67.544525, -54.867086667, 33.0 ], [ -67.544533333, -54.867085, 33.0 ], [ -67.544538333, -54.867088333, 33.0 ], [ -67.544538333, -54.867088333, 33.0 ], [ -67.544538333, -54.867088333, 33.0 ], [ -67.544553333, -54.867118333, 32.5 ], [ -67.54455, -54.867125, 32.5 ], [ -67.54452, -54.86711, 32.6 ], [ -67.544508333, -54.867106667, 32.5 ], [ -67.544503333, -54.867105, 32.7 ], [ -67.544505, -54.867103333, 32.8 ], [ -67.544503333, -54.867085, 32.9 ], [ -67.544463333, -54.867075, 32.6 ], [ -67.54446, -54.867065, 32.4 ], [ -67.54446, -54.86705, 32.3 ], [ -67.544463333, -54.867041667, 32.2 ], [ -67.544463333, -54.867036667, 32.1 ], [ -67.544473333, -54.867036667, 32.0 ], [ -67.544495, -54.867028333, 32.0 ], [ -67.544508333, -54.867031667, 32.0 ], [ -67.544525, -54.867028333, 32.2 ], [ -67.54454, -54.867028333, 32.5 ], [ -67.54456, -54.867028333, 32.3 ], [ -67.544586667, -54.867026667, 32.3 ], [ -67.5446, -54.867033333, 32.5 ], [ -67.544611667, -54.867033333, 32.9 ], [ -67.544623333, -54.867031667, 33.1 ], [ -67.54463, -54.867041667, 33.4 ], [ -67.544635, -54.867046667, 33.6 ], [ -67.54464, -54.86705, 33.7 ], [ -67.544648333, -54.867055, 34.1 ], [ -67.544661667, -54.867055, 34.5 ], [ -67.544678333, -54.867051667, 34.9 ], [ -67.54469, -54.867055, 35.5 ], [ -67.5447, -54.867055, 35.8 ], [ -67.544708333, -54.867056667, 36.2 ], [ -67.544713333, -54.867058333, 36.5 ], [ -67.544721667, -54.867055, 36.8 ], [ -67.544731667, -54.867048333, 36.7 ], [ -67.544735, -54.867046667, 36.6 ], [ -67.544743333, -54.867045, 36.6 ], [ -67.544745, -54.867046667, 36.5 ], [ -67.544743333, -54.867048333, 36.6 ], [ -67.544745, -54.86705, 36.5 ], [ -67.544746667, -54.867053333, 36.4 ], [ -67.544746667, -54.867053333, 36.4 ], [ -67.544746667, -54.867053333, 36.4 ], [ -67.544746667, -54.867053333, 36.4 ], [ -67.544746667, -54.867053333, 36.4 ], [ -67.544746667, -54.867053333, 36.4 ], [ -67.544746667, -54.867053333, 36.4 ], [ -67.544746667, -54.867053333, 36.4 ], [ -67.544746667, -54.867053333, 36.4 ], [ -67.544746667, -54.867053333, 36.4 ], [ -67.544746667, -54.867053333, 36.4 ], [ -67.544746667, -54.867053333, 36.4 ], [ -67.544746667, -54.867053333, 36.4 ], [ -67.544746667, -54.867053333, 36.4 ], [ -67.54475, -54.867035, 35.0 ], [ -67.544761667, -54.867035, 35.2 ], [ -67.544785, -54.86703, 35.3 ], [ -67.544801667, -54.867025, 35.5 ], [ -67.544815, -54.867025, 35.6 ], [ -67.544823333, -54.867025, 35.6 ], [ -67.544833333, -54.867025, 35.7 ], [ -67.544843333, -54.867021667, 36.0 ], [ -67.544853333, -54.867015, 36.2 ], [ -67.544861667, -54.867008333, 36.5 ], [ -67.544865, -54.867003333, 36.9 ], [ -67.54487, -54.866996667, 37.1 ], [ -67.544873333, -54.866991667, 37.2 ], [ -67.544878333, -54.866985, 37.4 ], [ -67.544881667, -54.86698, 37.6 ], [ -67.544883333, -54.866976667, 37.8 ], [ -67.544886667, -54.866976667, 38.2 ], [ -67.54489, -54.866971667, 38.3 ], [ -67.54489, -54.866965, 38.8 ], [ -67.54489, -54.866955, 39.0 ], [ -67.54489, -54.866946667, 38.9 ], [ -67.544888333, -54.866935, 38.9 ], [ -67.544878333, -54.866926667, 39.0 ], [ -67.544878333, -54.866918333, 39.2 ], [ -67.544876667, -54.86691, 39.2 ], [ -67.544881667, -54.866906667, 39.4 ], [ -67.544885, -54.866901667, 39.5 ], [ -67.5449, -54.866901667, 40.0 ], [ -67.544913333, -54.8669, 40.4 ], [ -67.544925, -54.8669, 40.6 ], [ -67.544925, -54.866898333, 40.6 ], [ -67.54492, -54.866896667, 40.6 ], [ -67.544901667, -54.866886667, 40.6 ], [ -67.544913333, -54.866846667, 40.2 ], [ -67.544923333, -54.866833333, 40.0 ], [ -67.544916667, -54.866826667, 39.7 ], [ -67.54491, -54.866831667, 39.8 ], [ -67.544901667, -54.866818333, 40.1 ], [ -67.544895, -54.866816667, 40.1 ], [ -67.544908333, -54.866831667, 39.9 ], [ -67.544945, -54.866855, 39.5 ], [ -67.544961667, -54.866878333, 39.4 ], [ -67.544955, -54.866906667, 39.0 ], [ -67.544958333, -54.866906667, 38.9 ], [ -67.54496, -54.866898333, 38.9 ], [ -67.544966667, -54.866896667, 38.9 ], [ -67.544976667, -54.86689, 39.0 ], [ -67.544983333, -54.866886667, 39.0 ], [ -67.54499, -54.86688, 39.0 ], [ -67.545, -54.86687, 39.1 ], [ -67.545001667, -54.866853333, 39.2 ], [ -67.545006667, -54.866846667, 39.3 ], [ -67.545015, -54.866843333, 39.3 ], [ -67.545028333, -54.866841667, 39.1 ], [ -67.545048333, -54.866838333, 38.8 ], [ -67.545061667, -54.86684, 39.0 ], [ -67.545076667, -54.86684, 39.2 ], [ -67.545095, -54.866841667, 39.3 ], [ -67.545105, -54.866845, 39.5 ], [ -67.54511, -54.866845, 39.8 ], [ -67.545113333, -54.866848333, 39.8 ], [ -67.545115, -54.86685, 39.5 ], [ -67.545113333, -54.866851667, 39.4 ], [ -67.545116667, -54.866851667, 39.2 ], [ -67.54512, -54.866855, 39.0 ], [ -67.545125, -54.86685, 38.5 ], [ -67.545136667, -54.866841667, 38.6 ], [ -67.545135, -54.86684, 38.3 ], [ -67.545136667, -54.866838333, 38.0 ], [ -67.545135, -54.866838333, 38.0 ], [ -67.545135, -54.866838333, 38.0 ], [ -67.545135, -54.866838333, 38.0 ], [ -67.545135, -54.866838333, 38.0 ], [ -67.545135, -54.866838333, 38.0 ], [ -67.545135, -54.866838333, 38.0 ], [ -67.545135, -54.866838333, 38.0 ], [ -67.545135, -54.866838333, 38.0 ], [ -67.545135, -54.866838333, 38.0 ], [ -67.545135, -54.866838333, 38.0 ], [ -67.545135, -54.866838333, 38.0 ], [ -67.545135, -54.866838333, 38.0 ], [ -67.545135, -54.866838333, 38.0 ], [ -67.545135, -54.866838333, 38.0 ], [ -67.545135, -54.866838333, 38.0 ], [ -67.545135, -54.866838333, 38.0 ], [ -67.545135, -54.866838333, 38.0 ], [ -67.545135, -54.866838333, 38.0 ], [ -67.545135, -54.866838333, 38.0 ], [ -67.545135, -54.866838333, 38.0 ], [ -67.545135, -54.866838333, 38.0 ], [ -67.545123333, -54.866838333, 37.1 ], [ -67.54513, -54.86684, 37.1 ], [ -67.545135, -54.866843333, 37.0 ], [ -67.54514, -54.866841667, 36.9 ], [ -67.545146667, -54.866843333, 37.0 ], [ -67.545155, -54.866845, 37.1 ], [ -67.545168333, -54.866848333, 37.3 ], [ -67.545173333, -54.86685, 37.4 ], [ -67.545178333, -54.866853333, 37.4 ], [ -67.545185, -54.866856667, 37.6 ], [ -67.545188333, -54.866863333, 37.7 ], [ -67.545188333, -54.866863333, 37.7 ], [ -67.545193333, -54.866855, 37.7 ], [ -67.545193333, -54.866853333, 37.7 ], [ -67.545188333, -54.866883333, 37.6 ], [ -67.545178333, -54.866901667, 37.7 ], [ -67.545171667, -54.866915, 37.7 ], [ -67.545168333, -54.866925, 37.7 ], [ -67.54517, -54.866941667, 37.7 ], [ -67.545176667, -54.866941667, 37.9 ], [ -67.545185, -54.866946667, 37.8 ], [ -67.545191667, -54.866946667, 37.8 ], [ -67.5452, -54.866945, 37.8 ], [ -67.545211667, -54.866945, 37.9 ], [ -67.545216667, -54.866941667, 38.0 ], [ -67.54522, -54.86694, 37.9 ], [ -67.545225, -54.866931667, 37.8 ], [ -67.545226667, -54.866923333, 37.7 ], [ -67.545221667, -54.866918333, 37.5 ], [ -67.54522, -54.866915, 37.7 ], [ -67.545216667, -54.866911667, 37.8 ], [ -67.545213333, -54.866908333, 38.0 ], [ -67.545206667, -54.866905, 38.2 ], [ -67.5452, -54.8669, 38.2 ], [ -67.545188333, -54.866896667, 38.2 ], [ -67.545181667, -54.866893333, 38.3 ], [ -67.54517, -54.866888333, 38.6 ], [ -67.545158333, -54.866886667, 38.7 ], [ -67.545151667, -54.866886667, 38.9 ], [ -67.545156667, -54.866883333, 39.3 ], [ -67.545153333, -54.866881667, 39.5 ], [ -67.545151667, -54.866881667, 39.9 ], [ -67.545141667, -54.86688, 40.4 ], [ -67.545131667, -54.866876667, 40.7 ], [ -67.545125, -54.866876667, 40.9 ], [ -67.545121667, -54.866878333, 40.9 ], [ -67.545116667, -54.866881667, 41.1 ], [ -67.545113333, -54.866885, 41.5 ], [ -67.545111667, -54.866881667, 41.8 ], [ -67.545116667, -54.866878333, 42.0 ], [ -67.545121667, -54.866875, 42.2 ], [ -67.545121667, -54.866875, 42.2 ], [ -67.545121667, -54.866875, 42.2 ], [ -67.545155, -54.866886667, 43.9 ], [ -67.545173333, -54.86689, 44.4 ], [ -67.545185, -54.866891667, 44.7 ], [ -67.5452, -54.866888333, 44.9 ], [ -67.545213333, -54.866888333, 45.1 ], [ -67.545228333, -54.866891667, 45.3 ], [ -67.545246667, -54.866895, 45.5 ], [ -67.54526, -54.866896667, 45.5 ], [ -67.545261667, -54.866896667, 45.9 ], [ -67.545258333, -54.866896667, 45.9 ], [ -67.54526, -54.866898333, 45.6 ], [ -67.545256667, -54.866896667, 45.8 ], [ -67.545258333, -54.866903333, 45.5 ], [ -67.545263333, -54.866905, 45.5 ], [ -67.545275, -54.866913333, 45.3 ], [ -67.545281667, -54.866921667, 45.3 ], [ -67.545293333, -54.866923333, 45.3 ], [ -67.545296667, -54.866926667, 45.2 ], [ -67.545306667, -54.86693, 44.8 ], [ -67.545306667, -54.86693, 44.8 ], [ -67.545305, -54.866935, 44.7 ], [ -67.54531, -54.86694, 44.8 ], [ -67.54532, -54.866943333, 45.0 ], [ -67.545336667, -54.866948333, 45.1 ], [ -67.545351667, -54.866953333, 45.2 ], [ -67.54537, -54.86696, 45.4 ], [ -67.545385, -54.866968333, 45.5 ], [ -67.545385, -54.866971667, 45.1 ], [ -67.545383333, -54.866976667, 44.8 ], [ -67.545385, -54.866981667, 44.9 ], [ -67.545391667, -54.866988333, 44.7 ], [ -67.545403333, -54.866996667, 44.4 ], [ -67.545423333, -54.867001667, 44.3 ], [ -67.545443333, -54.867011667, 44.1 ], [ -67.545455, -54.86702, 43.5 ], [ -67.545463333, -54.867028333, 43.1 ], [ -67.545478333, -54.867031667, 42.6 ], [ -67.545483333, -54.867036667, 42.2 ], [ -67.545485, -54.867036667, 42.0 ], [ -67.545483333, -54.867035, 42.0 ], [ -67.545485, -54.867035, 41.7 ], [ -67.545486667, -54.867035, 41.5 ], [ -67.545491667, -54.867033333, 41.4 ], [ -67.54549, -54.867035, 41.4 ], [ -67.545485, -54.867033333, 41.5 ], [ -67.545541667, -54.867023333, 41.5 ], [ -67.545561667, -54.867036667, 41.7 ], [ -67.545568333, -54.867055, 41.8 ], [ -67.545576667, -54.867061667, 41.4 ], [ -67.545583333, -54.867066667, 41.2 ], [ -67.54559, -54.86707, 40.9 ], [ -67.545591667, -54.867071667, 40.3 ], [ -67.545601667, -54.867068333, 39.7 ], [ -67.545601667, -54.867068333, 39.3 ], [ -67.545593333, -54.867073333, 39.1 ], [ -67.545575, -54.867076667, 38.7 ], [ -67.54556, -54.867081667, 38.7 ], [ -67.545545, -54.86709, 38.7 ], [ -67.545538333, -54.867093333, 38.8 ], [ -67.545528333, -54.867095, 38.4 ], [ -67.545521667, -54.8671, 38.5 ], [ -67.545518333, -54.867101667, 38.5 ], [ -67.545516667, -54.867105, 38.9 ], [ -67.54552, -54.867106667, 39.2 ], [ -67.545526667, -54.867108333, 39.2 ], [ -67.545528333, -54.867111667, 39.4 ], [ -67.54553, -54.867113333, 39.5 ], [ -67.545528333, -54.867115, 39.7 ], [ -67.545525, -54.867116667, 39.9 ], [ -67.545523333, -54.867118333, 39.9 ], [ -67.545521667, -54.867118333, 39.8 ], [ -67.54552, -54.867121667, 39.8 ], [ -67.545521667, -54.867123333, 39.8 ], [ -67.545515, -54.867126667, 39.6 ], [ -67.54551, -54.867126667, 39.6 ], [ -67.545506667, -54.867123333, 39.6 ], [ -67.545506667, -54.867123333, 39.6 ], [ -67.545506667, -54.867123333, 39.6 ], [ -67.545506667, -54.867123333, 39.6 ], [ -67.545506667, -54.867123333, 39.6 ], [ -67.545506667, -54.867123333, 39.6 ], [ -67.545506667, -54.867123333, 39.6 ], [ -67.545506667, -54.867123333, 39.6 ], [ -67.545506667, -54.867123333, 39.6 ], [ -67.545506667, -54.867123333, 39.6 ], [ -67.545506667, -54.867123333, 39.6 ], [ -67.545506667, -54.867123333, 39.6 ], [ -67.545506667, -54.867123333, 39.6 ], [ -67.545506667, -54.867123333, 39.6 ], [ -67.545506667, -54.867123333, 39.6 ], [ -67.545506667, -54.867123333, 39.6 ], [ -67.545506667, -54.867123333, 39.6 ], [ -67.545506667, -54.867123333, 39.6 ], [ -67.545506667, -54.867123333, 39.6 ], [ -67.545506667, -54.867123333, 39.6 ], [ -67.545506667, -54.867123333, 39.6 ], [ -67.545506667, -54.867123333, 39.6 ], [ -67.545506667, -54.867123333, 39.6 ], [ -67.545506667, -54.867123333, 39.6 ], [ -67.545506667, -54.867123333, 39.6 ], [ -67.545506667, -54.867123333, 39.6 ], [ -67.545506667, -54.867123333, 39.6 ], [ -67.545506667, -54.867123333, 39.6 ], [ -67.545506667, -54.867123333, 39.6 ], [ -67.545506667, -54.867123333, 39.6 ], [ -67.545506667, -54.867123333, 39.6 ], [ -67.545506667, -54.867123333, 39.6 ], [ -67.545506667, -54.867123333, 39.6 ], [ -67.545506667, -54.867123333, 39.6 ], [ -67.545506667, -54.867123333, 39.6 ], [ -67.545506667, -54.867123333, 39.6 ], [ -67.545506667, -54.867123333, 39.6 ], [ -67.545506667, -54.867123333, 39.6 ], [ -67.545506667, -54.867123333, 39.6 ], [ -67.545506667, -54.867123333, 39.6 ], [ -67.545506667, -54.867123333, 39.6 ], [ -67.545506667, -54.867123333, 39.6 ], [ -67.545506667, -54.867123333, 39.6 ], [ -67.545506667, -54.867123333, 39.6 ], [ -67.545506667, -54.867123333, 39.6 ], [ -67.545506667, -54.867123333, 39.6 ], [ -67.545506667, -54.867123333, 39.6 ], [ -67.545506667, -54.867123333, 39.6 ], [ -67.545506667, -54.867123333, 39.6 ], [ -67.545506667, -54.867123333, 39.6 ], [ -67.545576667, -54.867113333, 40.6 ], [ -67.545576667, -54.867108333, 40.6 ], [ -67.545573333, -54.867101667, 40.3 ], [ -67.545568333, -54.8671, 40.1 ], [ -67.54557, -54.867098333, 40.3 ], [ -67.545568333, -54.8671, 40.5 ], [ -67.545568333, -54.8671, 40.5 ], [ -67.545568333, -54.8671, 40.5 ], [ -67.545568333, -54.8671, 40.5 ], [ -67.545568333, -54.8671, 40.5 ], [ -67.545568333, -54.8671, 40.5 ], [ -67.545568333, -54.8671, 40.5 ], [ -67.545568333, -54.8671, 40.5 ], [ -67.545568333, -54.8671, 40.5 ], [ -67.545568333, -54.8671, 40.5 ], [ -67.545568333, -54.8671, 40.5 ], [ -67.545568333, -54.8671, 40.5 ], [ -67.545568333, -54.8671, 40.5 ], [ -67.545568333, -54.8671, 40.5 ], [ -67.545568333, -54.8671, 40.5 ], [ -67.545556667, -54.867055, 38.5 ], [ -67.545556667, -54.867055, 38.4 ], [ -67.545548333, -54.867045, 38.4 ], [ -67.545538333, -54.867043333, 38.4 ], [ -67.545513333, -54.867066667, 38.5 ], [ -67.54552, -54.867073333, 38.1 ], [ -67.54552, -54.867085, 38.1 ], [ -67.54553, -54.86709, 37.7 ], [ -67.545528333, -54.8671, 38.0 ], [ -67.545545, -54.867103333, 38.5 ], [ -67.545541667, -54.86712, 38.5 ], [ -67.545533333, -54.867173333, 38.3 ], [ -67.545558333, -54.867203333, 37.5 ], [ -67.54555, -54.867218333, 36.6 ], [ -67.545536667, -54.867235, 35.7 ], [ -67.54552, -54.867238333, 35.0 ], [ -67.545508333, -54.86724, 34.6 ], [ -67.545495, -54.867245, 34.0 ], [ -67.54548, -54.867246667, 34.0 ], [ -67.545466667, -54.867251667, 34.2 ], [ -67.545461667, -54.867263333, 34.7 ], [ -67.545456667, -54.86727, 34.2 ], [ -67.545458333, -54.867273333, 33.7 ], [ -67.54546, -54.867278333, 32.8 ], [ -67.545451667, -54.867288333, 32.4 ], [ -67.54545, -54.867303333, 33.1 ], [ -67.545445, -54.867316667, 33.5 ], [ -67.545446667, -54.86733, 34.0 ], [ -67.545445, -54.86733, 34.0 ], [ -67.54542, -54.86733, 33.9 ], [ -67.545455, -54.867366667, 33.6 ], [ -67.545435, -54.867395, 34.1 ], [ -67.545421667, -54.867401667, 33.7 ], [ -67.545398333, -54.867415, 33.5 ], [ -67.545386667, -54.867423333, 32.9 ], [ -67.54539, -54.867426667, 32.0 ], [ -67.545398333, -54.867428333, 31.0 ], [ -67.545403333, -54.86743, 29.9 ], [ -67.545408333, -54.867428333, 29.1 ], [ -67.545416667, -54.86742, 28.5 ], [ -67.545418333, -54.86741, 28.4 ], [ -67.545421667, -54.867398333, 28.8 ], [ -67.545421667, -54.867383333, 28.9 ], [ -67.54543, -54.867371667, 28.7 ], [ -67.545438333, -54.867363333, 28.7 ], [ -67.545438333, -54.867355, 29.1 ], [ -67.54544, -54.867345, 29.4 ], [ -67.545443333, -54.867335, 29.7 ], [ -67.545448333, -54.867321667, 30.0 ], [ -67.54545, -54.867308333, 30.3 ], [ -67.545446667, -54.867298333, 30.3 ], [ -67.545446667, -54.86729, 30.7 ], [ -67.545441667, -54.867281667, 30.9 ], [ -67.545441667, -54.867275, 31.5 ], [ -67.545446667, -54.86727, 31.9 ], [ -67.545451667, -54.867263333, 32.2 ], [ -67.54546, -54.867256667, 32.6 ], [ -67.54547, -54.86725, 33.2 ], [ -67.545475, -54.867245, 33.8 ], [ -67.545485, -54.867238333, 34.2 ], [ -67.545496667, -54.86723, 34.6 ], [ -67.545503333, -54.867228333, 35.0 ], [ -67.545508333, -54.867226667, 35.5 ], [ -67.545513333, -54.86722, 35.5 ], [ -67.545516667, -54.867211667, 35.7 ], [ -67.545521667, -54.867208333, 36.1 ], [ -67.54552, -54.867208333, 36.2 ], [ -67.545515, -54.867203333, 36.2 ], [ -67.545511667, -54.867196667, 36.2 ], [ -67.54551, -54.867193333, 36.2 ], [ -67.545515, -54.867188333, 36.2 ], [ -67.545521667, -54.86718, 36.2 ], [ -67.545528333, -54.867171667, 36.1 ], [ -67.545531667, -54.867168333, 36.0 ], [ -67.54553, -54.867165, 36.0 ], [ -67.54553, -54.867165, 36.0 ], [ -67.54553, -54.867165, 36.0 ], [ -67.54553, -54.867165, 36.0 ], [ -67.54553, -54.867165, 36.0 ], [ -67.54553, -54.867165, 36.0 ], [ -67.545531667, -54.867141667, 35.8 ], [ -67.545545, -54.867136667, 35.6 ], [ -67.545541667, -54.867133333, 35.3 ], [ -67.545546667, -54.867135, 35.3 ], [ -67.545548333, -54.867135, 35.3 ], [ -67.545548333, -54.867135, 35.3 ], [ -67.545565, -54.867138333, 34.8 ], [ -67.545565, -54.867145, 34.7 ], [ -67.545558333, -54.867153333, 34.8 ], [ -67.545555, -54.86716, 34.7 ], [ -67.545548333, -54.86717, 34.8 ], [ -67.545546667, -54.867181667, 34.8 ], [ -67.545543333, -54.867191667, 34.9 ], [ -67.545535, -54.867198333, 35.0 ], [ -67.545526667, -54.867205, 35.2 ], [ -67.545518333, -54.86721, 35.5 ], [ -67.545511667, -54.867218333, 35.9 ], [ -67.545503333, -54.867226667, 36.3 ], [ -67.545498333, -54.867236667, 36.5 ], [ -67.545491667, -54.867243333, 36.7 ], [ -67.545485, -54.867251667, 36.9 ], [ -67.54548, -54.867261667, 36.8 ], [ -67.545476667, -54.867273333, 36.9 ], [ -67.54548, -54.867285, 36.9 ], [ -67.545483333, -54.867293333, 36.5 ], [ -67.545486667, -54.867301667, 36.4 ], [ -67.545488333, -54.867308333, 36.0 ], [ -67.545488333, -54.867316667, 35.6 ], [ -67.545486667, -54.867326667, 35.4 ], [ -67.545486667, -54.867336667, 35.3 ], [ -67.545486667, -54.867345, 35.3 ], [ -67.545491667, -54.867356667, 35.3 ], [ -67.545498333, -54.867368333, 35.6 ], [ -67.545498333, -54.867378333, 35.6 ], [ -67.545495, -54.867388333, 35.5 ], [ -67.545491667, -54.867398333, 35.3 ], [ -67.545493333, -54.86741, 35.3 ], [ -67.545495, -54.867423333, 35.1 ], [ -67.545491667, -54.867433333, 34.6 ], [ -67.545486667, -54.867443333, 34.3 ], [ -67.545476667, -54.867451667, 33.4 ], [ -67.54547, -54.867461667, 32.9 ], [ -67.545466667, -54.867471667, 32.7 ], [ -67.545466667, -54.867486667, 32.6 ], [ -67.545466667, -54.8675, 32.5 ], [ -67.545463333, -54.867511667, 32.4 ], [ -67.545458333, -54.86752, 32.8 ], [ -67.545458333, -54.867526667, 33.1 ], [ -67.545456667, -54.867533333, 33.4 ], [ -67.54546, -54.867545, 33.8 ], [ -67.545463333, -54.867555, 34.1 ], [ -67.545468333, -54.867565, 34.3 ], [ -67.545475, -54.867571667, 34.3 ], [ -67.545473333, -54.867578333, 34.4 ], [ -67.545473333, -54.867585, 34.4 ], [ -67.545471667, -54.867588333, 34.5 ], [ -67.545468333, -54.867591667, 34.7 ], [ -67.545471667, -54.867595, 34.9 ], [ -67.545473333, -54.867598333, 35.0 ], [ -67.545473333, -54.867596667, 35.1 ], [ -67.545476667, -54.867595, 35.0 ], [ -67.545476667, -54.867595, 35.0 ], [ -67.545553333, -54.867576667, 34.6 ], [ -67.545491667, -54.867618333, 34.6 ], [ -67.545445, -54.867643333, 33.8 ], [ -67.545453333, -54.86764, 33.6 ], [ -67.545461667, -54.867636667, 33.3 ], [ -67.54548, -54.867626667, 32.7 ], [ -67.545485, -54.867616667, 31.6 ], [ -67.545495, -54.86761, 31.4 ], [ -67.545501667, -54.867605, 31.3 ], [ -67.545508333, -54.867601667, 31.2 ], [ -67.545513333, -54.867596667, 31.2 ], [ -67.54552, -54.867593333, 31.2 ], [ -67.545523333, -54.86759, 31.2 ], [ -67.545526667, -54.867586667, 31.3 ], [ -67.54553, -54.867585, 31.3 ], [ -67.54553, -54.867581667, 31.3 ], [ -67.545528333, -54.867581667, 31.7 ], [ -67.545525, -54.86758, 32.1 ], [ -67.545526667, -54.867578333, 32.2 ], [ -67.545528333, -54.867578333, 32.3 ], [ -67.545528333, -54.867576667, 32.4 ], [ -67.54553, -54.86758, 32.4 ], [ -67.545531667, -54.867581667, 32.2 ], [ -67.545533333, -54.867581667, 32.3 ], [ -67.545533333, -54.867583333, 32.4 ], [ -67.545538333, -54.867583333, 32.5 ], [ -67.545545, -54.867583333, 32.7 ], [ -67.545553333, -54.867585, 32.9 ], [ -67.54557, -54.867585, 32.9 ], [ -67.545586667, -54.867586667, 33.1 ], [ -67.545596667, -54.867588333, 33.3 ], [ -67.54561, -54.867586667, 33.4 ], [ -67.545625, -54.867586667, 33.6 ], [ -67.545638333, -54.86759, 33.6 ], [ -67.545645, -54.867593333, 33.3 ], [ -67.545651667, -54.867598333, 33.3 ], [ -67.545658333, -54.8676, 33.2 ], [ -67.545671667, -54.8676, 33.3 ], [ -67.545688333, -54.867601667, 33.0 ], [ -67.5457, -54.867601667, 32.9 ], [ -67.545713333, -54.867601667, 32.7 ], [ -67.54573, -54.867603333, 32.7 ], [ -67.545753333, -54.867603333, 32.9 ], [ -67.545783333, -54.867605, 33.2 ], [ -67.545796667, -54.867605, 33.2 ], [ -67.545803333, -54.8676, 33.0 ], [ -67.54581, -54.8676, 32.7 ], [ -67.545818333, -54.8676, 32.7 ], [ -67.545831667, -54.867598333, 32.3 ], [ -67.54584, -54.8676, 32.2 ], [ -67.54584, -54.867601667, 32.2 ], [ -67.545848333, -54.867606667, 32.2 ], [ -67.545848333, -54.867606667, 32.2 ], [ -67.545858333, -54.86761, 32.0 ], [ -67.545878333, -54.86762, 32.4 ], [ -67.54592, -54.867646667, 32.0 ], [ -67.545926667, -54.867653333, 31.8 ], [ -67.545945, -54.867666667, 31.0 ], [ -67.545955, -54.86767, 30.4 ], [ -67.545965, -54.867675, 29.4 ], [ -67.545966667, -54.867675, 28.2 ], [ -67.545978333, -54.867676667, 27.1 ], [ -67.545996667, -54.867676667, 26.9 ], [ -67.546018333, -54.867678333, 27.6 ], [ -67.546033333, -54.86768, 28.0 ], [ -67.546048333, -54.867681667, 28.8 ], [ -67.546068333, -54.867683333, 29.2 ], [ -67.546093333, -54.867685, 29.6 ], [ -67.546116667, -54.867691667, 30.0 ], [ -67.546133333, -54.867693333, 30.5 ], [ -67.546143333, -54.867696667, 30.9 ], [ -67.546156667, -54.867698333, 31.0 ], [ -67.546171667, -54.8677, 30.7 ], [ -67.546191667, -54.867701667, 30.5 ], [ -67.546205, -54.867708333, 30.6 ], [ -67.546218333, -54.86771, 30.7 ], [ -67.54624, -54.867706667, 30.5 ], [ -67.546248333, -54.867703333, 30.1 ], [ -67.54625, -54.867701667, 29.9 ], [ -67.546261667, -54.867701667, 30.1 ], [ -67.546268333, -54.867703333, 30.1 ], [ -67.546296667, -54.867716667, 30.1 ], [ -67.546291667, -54.867716667, 30.1 ], [ -67.546293333, -54.867708333, 30.7 ], [ -67.546275, -54.867708333, 30.4 ], [ -67.54627, -54.867705, 30.5 ], [ -67.546256667, -54.867703333, 30.3 ], [ -67.546248333, -54.867701667, 30.4 ], [ -67.54624, -54.867695, 29.9 ], [ -67.546235, -54.86769, 29.5 ], [ -67.546231667, -54.867686667, 29.1 ], [ -67.546228333, -54.867686667, 29.0 ], [ -67.546228333, -54.867688333, 28.7 ], [ -67.546226667, -54.86769, 28.6 ], [ -67.546225, -54.867691667, 28.6 ], [ -67.546225, -54.867691667, 28.6 ], [ -67.546226667, -54.867691667, 28.5 ], [ -67.546226667, -54.867693333, 28.4 ], [ -67.546225, -54.867693333, 28.4 ], [ -67.546226667, -54.867691667, 28.3 ], [ -67.546226667, -54.867691667, 28.1 ], [ -67.546228333, -54.86769, 28.0 ], [ -67.546228333, -54.86769, 28.0 ], [ -67.546226667, -54.867691667, 27.9 ], [ -67.546228333, -54.867691667, 27.9 ], [ -67.546228333, -54.86769, 27.9 ], [ -67.546226667, -54.86769, 27.8 ], [ -67.546226667, -54.867688333, 27.7 ], [ -67.546226667, -54.867691667, 27.8 ], [ -67.546223333, -54.867693333, 27.8 ], [ -67.546223333, -54.867696667, 27.8 ], [ -67.546223333, -54.8677, 27.9 ], [ -67.546223333, -54.867703333, 27.9 ], [ -67.546223333, -54.867703333, 27.9 ], [ -67.546223333, -54.867703333, 27.9 ], [ -67.546223333, -54.867703333, 27.9 ], [ -67.546223333, -54.867703333, 27.9 ], [ -67.546223333, -54.867703333, 27.9 ], [ -67.546223333, -54.867703333, 27.9 ], [ -67.546223333, -54.867703333, 27.9 ], [ -67.546223333, -54.867703333, 27.9 ], [ -67.546223333, -54.867703333, 27.9 ], [ -67.546223333, -54.867703333, 27.9 ], [ -67.546223333, -54.867703333, 27.9 ], [ -67.546223333, -54.867703333, 27.9 ], [ -67.546223333, -54.867703333, 27.9 ], [ -67.546223333, -54.867703333, 27.9 ], [ -67.546223333, -54.867703333, 27.9 ], [ -67.546223333, -54.867703333, 27.9 ], [ -67.546223333, -54.867703333, 27.9 ], [ -67.546223333, -54.867703333, 27.9 ], [ -67.546223333, -54.867703333, 27.9 ], [ -67.546223333, -54.867703333, 27.9 ], [ -67.546223333, -54.867703333, 27.9 ], [ -67.546223333, -54.867703333, 27.9 ], [ -67.546223333, -54.867703333, 27.9 ], [ -67.546223333, -54.867703333, 27.9 ], [ -67.546223333, -54.867703333, 27.9 ], [ -67.546223333, -54.867703333, 27.9 ], [ -67.546223333, -54.867703333, 27.9 ], [ -67.546223333, -54.867703333, 27.9 ], [ -67.546223333, -54.867703333, 27.9 ], [ -67.546223333, -54.867703333, 27.9 ], [ -67.546223333, -54.867703333, 27.9 ], [ -67.546223333, -54.867703333, 27.9 ], [ -67.546223333, -54.867703333, 27.9 ], [ -67.546223333, -54.867703333, 27.9 ], [ -67.546223333, -54.867703333, 27.9 ], [ -67.546223333, -54.867703333, 27.9 ], [ -67.546223333, -54.867703333, 27.9 ], [ -67.546223333, -54.867703333, 27.9 ], [ -67.546223333, -54.867703333, 27.9 ], [ -67.546223333, -54.867703333, 27.9 ], [ -67.546223333, -54.867703333, 27.9 ], [ -67.546223333, -54.867703333, 27.9 ], [ -67.546223333, -54.867703333, 27.9 ], [ -67.546223333, -54.867703333, 27.9 ], [ -67.546223333, -54.867703333, 27.9 ], [ -67.546223333, -54.867703333, 27.9 ], [ -67.546223333, -54.867703333, 27.9 ], [ -67.546223333, -54.867703333, 27.9 ], [ -67.546223333, -54.867703333, 27.9 ], [ -67.546223333, -54.867703333, 27.9 ], [ -67.546223333, -54.867703333, 27.9 ], [ -67.546223333, -54.867703333, 27.9 ], [ -67.546223333, -54.867703333, 27.9 ], [ -67.546223333, -54.867703333, 27.9 ], [ -67.546223333, -54.867703333, 27.9 ], [ -67.546223333, -54.867703333, 27.9 ], [ -67.546223333, -54.867703333, 27.9 ], [ -67.546223333, -54.867703333, 27.9 ], [ -67.546223333, -54.867703333, 27.9 ], [ -67.546223333, -54.867703333, 27.9 ], [ -67.546223333, -54.867703333, 27.9 ], [ -67.546223333, -54.867703333, 27.9 ], [ -67.546223333, -54.867703333, 27.9 ], [ -67.546223333, -54.867703333, 27.9 ], [ -67.546223333, -54.867703333, 27.9 ], [ -67.546223333, -54.867703333, 27.9 ], [ -67.546223333, -54.867703333, 27.9 ], [ -67.546223333, -54.867703333, 27.9 ], [ -67.546223333, -54.867703333, 27.9 ], [ -67.546223333, -54.867703333, 27.9 ], [ -67.546223333, -54.867703333, 27.9 ], [ -67.546223333, -54.867703333, 27.9 ], [ -67.546223333, -54.867703333, 27.9 ], [ -67.546223333, -54.867703333, 27.9 ], [ -67.546223333, -54.867703333, 27.9 ], [ -67.546223333, -54.867703333, 27.9 ], [ -67.546223333, -54.867703333, 27.9 ], [ -67.546223333, -54.867703333, 27.9 ], [ -67.546223333, -54.867703333, 27.9 ], [ -67.546223333, -54.867703333, 27.9 ], [ -67.546223333, -54.867703333, 27.9 ], [ -67.546223333, -54.867703333, 27.9 ], [ -67.546223333, -54.867703333, 27.9 ], [ -67.546223333, -54.867703333, 27.9 ], [ -67.546223333, -54.867703333, 27.9 ], [ -67.546223333, -54.867703333, 27.9 ], [ -67.546223333, -54.867703333, 27.9 ], [ -67.546223333, -54.867703333, 27.9 ], [ -67.546223333, -54.867703333, 27.9 ], [ -67.546223333, -54.867703333, 27.9 ], [ -67.546223333, -54.867703333, 27.9 ], [ -67.546223333, -54.867703333, 27.9 ], [ -67.546223333, -54.867703333, 27.9 ], [ -67.546223333, -54.867703333, 27.9 ], [ -67.546223333, -54.867703333, 27.9 ], [ -67.546223333, -54.867703333, 27.9 ], [ -67.546223333, -54.867703333, 27.9 ], [ -67.546223333, -54.867703333, 27.9 ], [ -67.546223333, -54.867703333, 27.9 ], [ -67.546223333, -54.867703333, 27.9 ], [ -67.546223333, -54.867703333, 27.9 ], [ -67.546223333, -54.867703333, 27.9 ], [ -67.546223333, -54.867703333, 27.9 ], [ -67.546223333, -54.867703333, 27.9 ], [ -67.546223333, -54.867703333, 27.9 ], [ -67.546223333, -54.867703333, 27.9 ], [ -67.546223333, -54.867703333, 27.9 ], [ -67.546223333, -54.867703333, 27.9 ], [ -67.546223333, -54.867703333, 27.9 ], [ -67.546223333, -54.867703333, 27.9 ], [ -67.546223333, -54.867703333, 27.9 ], [ -67.546223333, -54.867703333, 27.9 ], [ -67.546223333, -54.867703333, 27.9 ], [ -67.546223333, -54.867703333, 27.9 ], [ -67.546223333, -54.867703333, 27.9 ], [ -67.546223333, -54.867703333, 27.9 ], [ -67.546223333, -54.867703333, 27.9 ], [ -67.546223333, -54.867703333, 27.9 ], [ -67.546223333, -54.867703333, 27.9 ], [ -67.546223333, -54.867703333, 27.9 ], [ -67.546223333, -54.867703333, 27.9 ], [ -67.546223333, -54.867703333, 27.9 ], [ -67.546223333, -54.867703333, 27.9 ], [ -67.546223333, -54.867703333, 27.9 ], [ -67.546223333, -54.867703333, 27.9 ], [ -67.546223333, -54.867703333, 27.9 ], [ -67.546223333, -54.867703333, 27.9 ], [ -67.546223333, -54.867703333, 27.9 ], [ -67.546268333, -54.867711667, 32.4 ], [ -67.546281667, -54.86771, 32.8 ], [ -67.546286667, -54.867708333, 33.1 ], [ -67.546286667, -54.867706667, 33.3 ], [ -67.54629, -54.867708333, 33.1 ], [ -67.54629, -54.867708333, 33.1 ], [ -67.54629, -54.867708333, 33.1 ], [ -67.54629, -54.867708333, 33.1 ], [ -67.546315, -54.867716667, 32.6 ], [ -67.546325, -54.867715, 32.6 ], [ -67.546333333, -54.867715, 32.9 ], [ -67.546341667, -54.867711667, 33.1 ], [ -67.546345, -54.867708333, 33.1 ], [ -67.546355, -54.867703333, 33.3 ], [ -67.546358333, -54.867701667, 33.3 ], [ -67.546366667, -54.8677, 33.4 ], [ -67.546376667, -54.867698333, 33.3 ], [ -67.546386667, -54.8677, 33.1 ], [ -67.546398333, -54.867706667, 32.9 ], [ -67.546408333, -54.867708333, 32.8 ], [ -67.54642, -54.867711667, 33.2 ], [ -67.546418333, -54.86771, 33.2 ], [ -67.54642, -54.867713333, 33.1 ], [ -67.546426667, -54.867711667, 33.1 ], [ -67.546463333, -54.867716667, 33.6 ], [ -67.546475, -54.867713333, 33.8 ], [ -67.546475, -54.867716667, 33.8 ], [ -67.546478333, -54.867723333, 33.6 ], [ -67.546513333, -54.867705, 33.5 ], [ -67.546541667, -54.867708333, 33.4 ], [ -67.546545, -54.86771, 33.1 ], [ -67.546558333, -54.867723333, 33.0 ], [ -67.546575, -54.867725, 32.9 ], [ -67.546603333, -54.867721667, 32.8 ], [ -67.546631667, -54.867718333, 32.6 ], [ -67.546653333, -54.867718333, 32.2 ], [ -67.546676667, -54.867713333, 32.1 ], [ -67.546701667, -54.867708333, 32.2 ], [ -67.546716667, -54.867703333, 32.4 ], [ -67.54673, -54.867701667, 32.6 ], [ -67.546746667, -54.8677, 32.9 ], [ -67.546765, -54.867696667, 33.5 ], [ -67.546776667, -54.867691667, 33.9 ], [ -67.546796667, -54.86769, 34.3 ], [ -67.54681, -54.867691667, 34.4 ], [ -67.546821667, -54.867695, 34.7 ], [ -67.54683, -54.8677, 34.7 ], [ -67.546836667, -54.867703333, 34.8 ], [ -67.54684, -54.867705, 35.0 ], [ -67.546846667, -54.86771, 35.0 ], [ -67.546851667, -54.867713333, 34.9 ], [ -67.54686, -54.867716667, 35.0 ], [ -67.54687, -54.867718333, 35.0 ], [ -67.546873333, -54.867718333, 35.1 ], [ -67.546876667, -54.867721667, 35.1 ], [ -67.546888333, -54.867721667, 35.4 ], [ -67.546901667, -54.86772, 35.4 ], [ -67.546911667, -54.867718333, 35.5 ], [ -67.546913333, -54.867718333, 35.6 ], [ -67.546911667, -54.86772, 35.5 ], [ -67.546925, -54.86772, 35.5 ], [ -67.54694, -54.86772, 35.5 ], [ -67.546955, -54.867718333, 35.6 ], [ -67.546966667, -54.867716667, 35.5 ], [ -67.546976667, -54.867718333, 35.2 ], [ -67.546986667, -54.867715, 35.0 ], [ -67.546995, -54.867711667, 34.8 ], [ -67.547008333, -54.86771, 34.8 ], [ -67.54702, -54.86771, 34.8 ], [ -67.547035, -54.86771, 34.9 ], [ -67.547048333, -54.86771, 34.9 ], [ -67.547061667, -54.867708333, 34.9 ], [ -67.547085, -54.867713333, 34.9 ], [ -67.547101667, -54.867718333, 34.6 ], [ -67.547116667, -54.867716667, 34.4 ], [ -67.547131667, -54.867715, 34.2 ], [ -67.547143333, -54.867713333, 34.1 ], [ -67.547148333, -54.867711667, 34.1 ], [ -67.547158333, -54.867713333, 34.1 ], [ -67.547165, -54.867711667, 34.1 ], [ -67.547173333, -54.867716667, 34.1 ], [ -67.547175, -54.867718333, 34.1 ], [ -67.54719, -54.86771, 34.1 ], [ -67.547208333, -54.86772, 33.9 ], [ -67.547238333, -54.867715, 33.8 ], [ -67.547248333, -54.867715, 33.8 ], [ -67.547255, -54.867716667, 34.0 ], [ -67.547271667, -54.86772, 33.9 ], [ -67.547286667, -54.867731667, 33.9 ], [ -67.547301667, -54.867733333, 33.8 ], [ -67.547316667, -54.86774, 33.7 ], [ -67.547336667, -54.867743333, 33.7 ], [ -67.547353333, -54.867745, 33.8 ], [ -67.547356667, -54.867741667, 33.8 ], [ -67.547356667, -54.867738333, 33.8 ], [ -67.547365, -54.867741667, 33.5 ], [ -67.547375, -54.86774, 33.5 ], [ -67.547383333, -54.867741667, 33.5 ], [ -67.547388333, -54.867741667, 33.2 ], [ -67.547398333, -54.867745, 33.0 ], [ -67.547411667, -54.867746667, 32.9 ], [ -67.547421667, -54.86775, 32.7 ], [ -67.547436667, -54.867753333, 32.6 ], [ -67.547448333, -54.867753333, 32.5 ], [ -67.547458333, -54.867755, 32.5 ], [ -67.547463333, -54.867758333, 32.5 ], [ -67.547466667, -54.867763333, 32.7 ], [ -67.547471667, -54.867763333, 32.5 ], [ -67.547475, -54.867765, 32.5 ], [ -67.54748, -54.867765, 32.6 ], [ -67.547475, -54.867765, 32.5 ], [ -67.547476667, -54.867763333, 32.6 ], [ -67.547483333, -54.867763333, 32.6 ], [ -67.547478333, -54.867761667, 32.7 ], [ -67.547478333, -54.867763333, 32.6 ], [ -67.547485, -54.867761667, 32.6 ], [ -67.547491667, -54.867746667, 32.5 ], [ -67.547471667, -54.867773333, 32.2 ], [ -67.54747, -54.867778333, 32.1 ], [ -67.547465, -54.867786667, 32.0 ], [ -67.54745, -54.867808333, 32.1 ], [ -67.547441667, -54.867813333, 32.3 ], [ -67.547446667, -54.867803333, 32.2 ], [ -67.547445, -54.867798333, 32.1 ], [ -67.547451667, -54.867798333, 31.9 ], [ -67.547451667, -54.867791667, 31.9 ], [ -67.547455, -54.867793333, 31.7 ], [ -67.547458333, -54.867795, 31.0 ], [ -67.547461667, -54.867793333, 30.6 ], [ -67.547463333, -54.867791667, 30.2 ], [ -67.547461667, -54.86779, 29.9 ], [ -67.54747, -54.867791667, 29.7 ], [ -67.547476667, -54.86779, 29.3 ], [ -67.547475, -54.867786667, 29.0 ], [ -67.547475, -54.867785, 28.7 ], [ -67.547476667, -54.867783333, 28.4 ], [ -67.54748, -54.867783333, 28.4 ], [ -67.547485, -54.867781667, 28.5 ], [ -67.547491667, -54.867778333, 28.3 ], [ -67.547496667, -54.867775, 28.2 ], [ -67.547496667, -54.867775, 28.2 ], [ -67.547496667, -54.86777, 28.1 ], [ -67.547496667, -54.867768333, 28.0 ], [ -67.547495, -54.867766667, 27.9 ], [ -67.547485, -54.867765, 27.7 ], [ -67.547486667, -54.86776, 27.4 ], [ -67.547491667, -54.867758333, 27.4 ], [ -67.547496667, -54.867758333, 27.6 ], [ -67.547496667, -54.867758333, 27.6 ], [ -67.547496667, -54.867758333, 27.6 ], [ -67.547496667, -54.867758333, 27.6 ], [ -67.547496667, -54.867758333, 27.6 ], [ -67.547496667, -54.867758333, 27.6 ], [ -67.547496667, -54.867758333, 27.6 ], [ -67.547496667, -54.867758333, 27.6 ], [ -67.547496667, -54.867758333, 27.6 ], [ -67.547496667, -54.867758333, 27.6 ], [ -67.547496667, -54.867758333, 27.6 ], [ -67.547496667, -54.867758333, 27.6 ], [ -67.547496667, -54.867758333, 27.6 ], [ -67.547496667, -54.867758333, 27.6 ], [ -67.547496667, -54.867758333, 27.6 ], [ -67.547496667, -54.867758333, 27.6 ], [ -67.547496667, -54.867758333, 27.6 ], [ -67.547496667, -54.867758333, 27.6 ], [ -67.547496667, -54.867758333, 27.6 ], [ -67.547496667, -54.867758333, 27.6 ], [ -67.547496667, -54.867758333, 27.6 ], [ -67.547496667, -54.867758333, 27.6 ], [ -67.547496667, -54.867758333, 27.6 ], [ -67.547496667, -54.867758333, 27.6 ], [ -67.547496667, -54.867758333, 27.6 ], [ -67.547496667, -54.867758333, 27.6 ], [ -67.547496667, -54.867758333, 27.6 ], [ -67.547496667, -54.867758333, 27.6 ], [ -67.547496667, -54.867758333, 27.6 ], [ -67.547496667, -54.867758333, 27.6 ], [ -67.547496667, -54.867758333, 27.6 ], [ -67.547496667, -54.867758333, 27.6 ], [ -67.547496667, -54.867758333, 27.6 ], [ -67.547496667, -54.867758333, 27.6 ], [ -67.547496667, -54.867758333, 27.6 ], [ -67.547496667, -54.867758333, 27.6 ], [ -67.547496667, -54.867758333, 27.6 ], [ -67.547496667, -54.867758333, 27.6 ], [ -67.547496667, -54.867758333, 27.6 ], [ -67.547496667, -54.867758333, 27.6 ], [ -67.547496667, -54.867758333, 27.6 ], [ -67.547496667, -54.867758333, 27.6 ], [ -67.547496667, -54.867758333, 27.6 ], [ -67.547496667, -54.867758333, 27.6 ], [ -67.547496667, -54.867758333, 27.6 ], [ -67.547496667, -54.867758333, 27.6 ], [ -67.547496667, -54.867758333, 27.6 ], [ -67.547496667, -54.867758333, 27.6 ], [ -67.547496667, -54.867758333, 27.6 ], [ -67.547496667, -54.867758333, 27.6 ], [ -67.547496667, -54.867758333, 27.6 ], [ -67.547496667, -54.867758333, 27.6 ], [ -67.547496667, -54.867758333, 27.6 ], [ -67.547496667, -54.867758333, 27.6 ], [ -67.547496667, -54.867758333, 27.6 ], [ -67.547496667, -54.867758333, 27.6 ], [ -67.547496667, -54.867758333, 27.6 ], [ -67.547496667, -54.867758333, 27.6 ], [ -67.547496667, -54.867758333, 27.6 ], [ -67.547488333, -54.867753333, 28.1 ], [ -67.54749, -54.86775, 28.2 ], [ -67.547488333, -54.867748333, 28.1 ], [ -67.547488333, -54.867746667, 28.0 ], [ -67.54749, -54.867746667, 28.1 ], [ -67.54749, -54.867746667, 28.1 ], [ -67.54749, -54.867746667, 28.1 ], [ -67.54749, -54.867746667, 28.1 ], [ -67.54749, -54.867746667, 28.1 ], [ -67.54749, -54.867746667, 28.1 ], [ -67.54749, -54.867746667, 28.1 ], [ -67.54749, -54.867746667, 28.1 ], [ -67.54749, -54.867746667, 28.1 ], [ -67.54749, -54.867746667, 28.1 ], [ -67.54749, -54.867746667, 28.1 ], [ -67.54749, -54.867746667, 28.1 ], [ -67.54749, -54.867746667, 28.1 ], [ -67.54749, -54.867746667, 28.1 ], [ -67.54749, -54.867746667, 28.1 ], [ -67.54749, -54.867746667, 28.1 ], [ -67.54749, -54.867746667, 28.1 ], [ -67.54749, -54.867746667, 28.1 ], [ -67.54749, -54.867746667, 28.1 ], [ -67.54749, -54.867746667, 28.1 ], [ -67.54749, -54.867746667, 28.1 ], [ -67.54749, -54.867746667, 28.1 ], [ -67.54749, -54.867746667, 28.1 ], [ -67.54749, -54.867746667, 28.1 ], [ -67.54749, -54.867746667, 28.1 ], [ -67.54749, -54.867746667, 28.1 ], [ -67.54749, -54.867746667, 28.1 ], [ -67.54749, -54.867746667, 28.1 ], [ -67.54749, -54.867746667, 28.1 ], [ -67.54749, -54.867746667, 28.1 ], [ -67.54749, -54.867746667, 28.1 ], [ -67.54749, -54.867746667, 28.1 ], [ -67.54749, -54.867746667, 28.1 ], [ -67.54749, -54.867746667, 28.1 ], [ -67.54749, -54.867746667, 28.1 ], [ -67.547498333, -54.86776, 31.2 ], [ -67.547501667, -54.867748333, 31.1 ], [ -67.547503333, -54.867738333, 31.2 ], [ -67.547501667, -54.867731667, 31.1 ], [ -67.547501667, -54.867723333, 31.3 ], [ -67.547503333, -54.867716667, 31.3 ], [ -67.547516667, -54.867715, 31.3 ], [ -67.547523333, -54.867711667, 31.5 ], [ -67.547528333, -54.867708333, 31.7 ], [ -67.547535, -54.867703333, 31.4 ], [ -67.547533333, -54.8677, 31.4 ], [ -67.547531667, -54.867698333, 31.5 ], [ -67.547526667, -54.8677, 31.7 ], [ -67.547516667, -54.867701667, 31.7 ], [ -67.547508333, -54.8677, 31.8 ], [ -67.547508333, -54.8677, 31.8 ], [ -67.547508333, -54.8677, 31.8 ], [ -67.547508333, -54.8677, 31.8 ], [ -67.547508333, -54.8677, 31.8 ], [ -67.547508333, -54.8677, 31.8 ], [ -67.547508333, -54.8677, 31.8 ], [ -67.547508333, -54.8677, 31.8 ], [ -67.547508333, -54.8677, 31.8 ], [ -67.547508333, -54.8677, 31.8 ], [ -67.547508333, -54.8677, 31.8 ], [ -67.547508333, -54.8677, 31.8 ], [ -67.547508333, -54.8677, 31.8 ], [ -67.547508333, -54.8677, 31.8 ], [ -67.547508333, -54.8677, 31.8 ], [ -67.547508333, -54.8677, 31.8 ], [ -67.547508333, -54.8677, 31.8 ], [ -67.547508333, -54.8677, 31.8 ], [ -67.547508333, -54.8677, 31.8 ], [ -67.547508333, -54.8677, 31.8 ], [ -67.547508333, -54.8677, 31.8 ], [ -67.547508333, -54.8677, 31.8 ], [ -67.547508333, -54.8677, 31.8 ], [ -67.547508333, -54.8677, 31.8 ], [ -67.547508333, -54.8677, 31.8 ], [ -67.547508333, -54.8677, 31.8 ], [ -67.547508333, -54.8677, 31.8 ], [ -67.547508333, -54.8677, 31.8 ], [ -67.547508333, -54.8677, 31.8 ], [ -67.547508333, -54.8677, 31.8 ], [ -67.547508333, -54.8677, 31.8 ], [ -67.547508333, -54.8677, 31.8 ], [ -67.547508333, -54.8677, 31.8 ], [ -67.547508333, -54.8677, 31.8 ], [ -67.547508333, -54.8677, 31.8 ], [ -67.547508333, -54.8677, 31.8 ], [ -67.547508333, -54.8677, 31.8 ], [ -67.547508333, -54.8677, 31.8 ], [ -67.547508333, -54.8677, 31.8 ], [ -67.547508333, -54.8677, 31.8 ], [ -67.547508333, -54.8677, 31.8 ], [ -67.547508333, -54.8677, 31.8 ], [ -67.547508333, -54.8677, 31.8 ], [ -67.547535, -54.867708333, 31.4 ], [ -67.547526667, -54.867701667, 31.2 ], [ -67.547523333, -54.86769, 30.9 ], [ -67.547508333, -54.86768, 30.8 ], [ -67.54749, -54.86767, 31.1 ], [ -67.547478333, -54.867656667, 31.4 ], [ -67.547478333, -54.867648333, 32.0 ], [ -67.547481667, -54.86764, 32.2 ], [ -67.547483333, -54.867633333, 32.6 ], [ -67.547485, -54.867625, 32.7 ], [ -67.547481667, -54.86761, 33.1 ], [ -67.547476667, -54.867596667, 33.9 ], [ -67.54748, -54.867583333, 34.5 ], [ -67.547483333, -54.867575, 35.2 ], [ -67.547483333, -54.867568333, 35.9 ], [ -67.547485, -54.867561667, 36.1 ], [ -67.54749, -54.867553333, 36.2 ], [ -67.547493333, -54.867541667, 36.4 ], [ -67.547491667, -54.867531667, 36.4 ], [ -67.547495, -54.867528333, 36.2 ], [ -67.547498333, -54.86753, 35.9 ], [ -67.547503333, -54.867526667, 35.8 ], [ -67.547503333, -54.867528333, 35.8 ], [ -67.547486667, -54.867526667, 35.8 ], [ -67.54747, -54.867518333, 35.8 ], [ -67.547455, -54.867506667, 35.7 ], [ -67.547441667, -54.867503333, 35.8 ], [ -67.547423333, -54.86785, 35.8 ], [ -67.5475, -54.867525, 35.7 ], [ -67.547503333, -54.867528333, 35.7 ], [ -67.547523333, -54.867536667, 35.9 ], [ -67.547523333, -54.867551667, 35.7 ], [ -67.547528333, -54.867563333, 35.7 ], [ -67.547523333, -54.867555, 35.8 ], [ -67.547541667, -54.867565, 35.8 ], [ -67.547553333, -54.86757, 35.7 ], [ -67.547558333, -54.867583333, 35.5 ], [ -67.547558333, -54.867563333, 35.8 ], [ -67.547555, -54.867541667, 35.8 ], [ -67.547553333, -54.86753, 35.9 ], [ -67.547545, -54.867528333, 36.0 ], [ -67.547541667, -54.867526667, 36.0 ], [ -67.547533333, -54.86753, 36.1 ], [ -67.547528333, -54.867526667, 36.2 ], [ -67.547526667, -54.867526667, 36.4 ], [ -67.547523333, -54.867528333, 36.5 ], [ -67.547521667, -54.867533333, 36.4 ], [ -67.547518333, -54.867535, 36.3 ], [ -67.547523333, -54.86754, 36.2 ], [ -67.547521667, -54.867543333, 36.2 ], [ -67.547516667, -54.867548333, 36.2 ], [ -67.547508333, -54.867546667, 36.0 ], [ -67.54751, -54.867548333, 35.9 ], [ -67.547506667, -54.867546667, 36.0 ], [ -67.547506667, -54.867545, 35.6 ], [ -67.547503333, -54.86755, 35.6 ], [ -67.547495, -54.867556667, 35.5 ], [ -67.547488333, -54.867563333, 35.3 ], [ -67.547485, -54.867568333, 35.2 ], [ -67.547485, -54.867576667, 35.2 ], [ -67.547486667, -54.867583333, 35.3 ], [ -67.547488333, -54.86759, 35.4 ], [ -67.54749, -54.867601667, 35.5 ], [ -67.547488333, -54.867611667, 35.4 ], [ -67.547486667, -54.86762, 35.1 ], [ -67.547488333, -54.867623333, 34.6 ], [ -67.547488333, -54.86763, 34.2 ], [ -67.547483333, -54.867638333, 34.1 ], [ -67.547483333, -54.86765, 33.9 ], [ -67.547483333, -54.867663333, 33.9 ], [ -67.547481667, -54.867676667, 34.1 ], [ -67.547491667, -54.867685, 34.5 ], [ -67.547488333, -54.86769, 34.8 ], [ -67.547488333, -54.867695, 34.7 ], [ -67.547496667, -54.867698333, 34.7 ], [ -67.547496667, -54.867705, 34.7 ], [ -67.5475, -54.867711667, 34.4 ], [ -67.547505, -54.86772, 34.4 ], [ -67.547505, -54.867726667, 34.1 ], [ -67.5475, -54.867735, 34.0 ], [ -67.547495, -54.867743333, 33.7 ], [ -67.547493333, -54.867753333, 33.5 ], [ -67.547495, -54.86776, 33.4 ], [ -67.547491667, -54.867765, 33.1 ], [ -67.547488333, -54.867766667, 32.9 ], [ -67.547486667, -54.86777, 32.9 ], [ -67.547486667, -54.86777, 32.9 ], [ -67.54749, -54.86777, 32.9 ], [ -67.54749, -54.867766667, 32.8 ], [ -67.54749, -54.867768333, 32.7 ], [ -67.547491667, -54.867771667, 32.6 ], [ -67.547496667, -54.867775, 32.4 ], [ -67.547503333, -54.867778333, 32.3 ], [ -67.547503333, -54.867778333, 32.3 ], [ -67.547503333, -54.867778333, 32.3 ], [ -67.547503333, -54.867778333, 32.3 ], [ -67.547503333, -54.867778333, 32.3 ], [ -67.547503333, -54.867778333, 32.3 ], [ -67.547503333, -54.867778333, 32.3 ], [ -67.547503333, -54.867778333, 32.3 ], [ -67.547503333, -54.867778333, 32.3 ], [ -67.547503333, -54.867778333, 32.3 ], [ -67.547503333, -54.867778333, 32.3 ], [ -67.547503333, -54.867778333, 32.3 ], [ -67.547503333, -54.867778333, 32.3 ], [ -67.547545, -54.867786667, 34.5 ], [ -67.547553333, -54.867786667, 34.6 ], [ -67.547561667, -54.86779, 35.0 ], [ -67.54757, -54.867793333, 35.1 ], [ -67.547583333, -54.867788333, 35.3 ], [ -67.547596667, -54.867786667, 35.5 ], [ -67.547611667, -54.867788333, 35.6 ], [ -67.547623333, -54.867786667, 35.4 ], [ -67.547635, -54.867781667, 35.1 ], [ -67.547641667, -54.867781667, 35.0 ], [ -67.547648333, -54.867775, 35.0 ], [ -67.547655, -54.867771667, 34.8 ], [ -67.547668333, -54.867768333, 34.6 ], [ -67.54768, -54.867765, 34.1 ], [ -67.547691667, -54.867761667, 33.7 ], [ -67.547705, -54.867758333, 33.6 ], [ -67.547716667, -54.867758333, 33.2 ], [ -67.54772, -54.867761667, 33.1 ], [ -67.547728333, -54.867765, 33.2 ], [ -67.54774, -54.867771667, 33.3 ], [ -67.547746667, -54.867776667, 33.1 ], [ -67.547756667, -54.86778, 33.0 ], [ -67.54777, -54.867781667, 32.8 ], [ -67.547778333, -54.867786667, 32.4 ], [ -67.547783333, -54.867793333, 32.3 ], [ -67.547791667, -54.867798333, 32.3 ], [ -67.547793333, -54.867801667, 32.3 ], [ -67.547796667, -54.867805, 32.2 ], [ -67.547798333, -54.867808333, 32.2 ], [ -67.5478, -54.867808333, 32.2 ], [ -67.5478, -54.867808333, 32.1 ], [ -67.547796667, -54.867808333, 32.1 ], [ -67.547796667, -54.867808333, 32.1 ], [ -67.547796667, -54.867808333, 32.1 ], [ -67.547796667, -54.867808333, 32.1 ], [ -67.547796667, -54.867808333, 32.1 ], [ -67.547796667, -54.867808333, 32.1 ], [ -67.547781667, -54.867813333, 31.8 ], [ -67.547778333, -54.867815, 31.8 ], [ -67.54777, -54.86782, 31.8 ], [ -67.547801667, -54.867826667, 31.8 ], [ -67.547816667, -54.867818333, 31.7 ], [ -67.54782, -54.867808333, 32.0 ], [ -67.547816667, -54.867805, 32.2 ], [ -67.547806667, -54.867798333, 32.1 ], [ -67.547793333, -54.8678, 31.9 ], [ -67.54778, -54.8678, 31.7 ], [ -67.54778, -54.867796667, 31.6 ], [ -67.547775, -54.867798333, 31.6 ], [ -67.547766667, -54.867798333, 31.3 ], [ -67.547766667, -54.867801667, 31.1 ], [ -67.54776, -54.867801667, 30.7 ], [ -67.547758333, -54.867801667, 30.4 ], [ -67.547756667, -54.867803333, 30.1 ], [ -67.54776, -54.867803333, 29.7 ], [ -67.547758333, -54.867806667, 29.5 ], [ -67.547756667, -54.867806667, 29.4 ], [ -67.547758333, -54.867808333, 29.2 ], [ -67.547761667, -54.867808333, 29.2 ], [ -67.54776, -54.86781, 29.1 ], [ -67.547763333, -54.867806667, 28.9 ], [ -67.54777, -54.867803333, 28.6 ], [ -67.54777, -54.867798333, 28.9 ], [ -67.547773333, -54.867795, 29.1 ], [ -67.547778333, -54.867795, 29.3 ], [ -67.547775, -54.867795, 29.5 ], [ -67.54778, -54.867793333, 29.7 ], [ -67.547785, -54.867793333, 29.8 ], [ -67.547788333, -54.867793333, 29.9 ], [ -67.54779, -54.867791667, 30.0 ], [ -67.54779, -54.867791667, 30.1 ], [ -67.54779, -54.867791667, 30.1 ], [ -67.54779, -54.867791667, 30.1 ], [ -67.54779, -54.867791667, 30.1 ], [ -67.54779, -54.867791667, 30.1 ], [ -67.54779, -54.867791667, 30.1 ], [ -67.54779, -54.867791667, 30.1 ], [ -67.54779, -54.867791667, 30.1 ], [ -67.54779, -54.867791667, 30.1 ], [ -67.54779, -54.867791667, 30.1 ], [ -67.54779, -54.867791667, 30.1 ], [ -67.54779, -54.867791667, 30.1 ], [ -67.54779, -54.867791667, 30.1 ], [ -67.54779, -54.867791667, 30.1 ], [ -67.54779, -54.867791667, 30.1 ], [ -67.54779, -54.867791667, 30.1 ], [ -67.54779, -54.867791667, 30.1 ], [ -67.54779, -54.867791667, 30.1 ], [ -67.54779, -54.867791667, 30.1 ], [ -67.54779, -54.867791667, 30.1 ], [ -67.54779, -54.867791667, 30.1 ], [ -67.54779, -54.867791667, 30.1 ], [ -67.54779, -54.867791667, 30.1 ], [ -67.54779, -54.867791667, 30.1 ], [ -67.54779, -54.867791667, 30.1 ], [ -67.54779, -54.867791667, 30.1 ], [ -67.54779, -54.867791667, 30.1 ], [ -67.54779, -54.867791667, 30.1 ], [ -67.54779, -54.867791667, 30.1 ], [ -67.54779, -54.867791667, 30.1 ], [ -67.54779, -54.867791667, 30.1 ], [ -67.54779, -54.867791667, 30.1 ], [ -67.54779, -54.867791667, 30.1 ], [ -67.54779, -54.867791667, 30.1 ], [ -67.54779, -54.867791667, 30.1 ], [ -67.54779, -54.867791667, 30.1 ], [ -67.54779, -54.867791667, 30.1 ], [ -67.54779, -54.867791667, 30.1 ], [ -67.54779, -54.867791667, 30.1 ], [ -67.54779, -54.867791667, 30.1 ], [ -67.54779, -54.867791667, 30.1 ], [ -67.54779, -54.867791667, 30.1 ], [ -67.54779, -54.867791667, 30.1 ], [ -67.54779, -54.867791667, 30.1 ], [ -67.54779, -54.867791667, 30.1 ], [ -67.54779, -54.867791667, 30.1 ], [ -67.54779, -54.867791667, 30.1 ], [ -67.54779, -54.867791667, 30.1 ], [ -67.54779, -54.867791667, 30.1 ], [ -67.54779, -54.867791667, 30.1 ], [ -67.54779, -54.867791667, 30.1 ], [ -67.54779, -54.867791667, 30.1 ], [ -67.54779, -54.867791667, 30.1 ], [ -67.54779, -54.867791667, 30.1 ], [ -67.54779, -54.867791667, 30.1 ], [ -67.54779, -54.867791667, 30.1 ], [ -67.54779, -54.867791667, 30.1 ], [ -67.54779, -54.867791667, 30.1 ], [ -67.54779, -54.867791667, 30.1 ], [ -67.54779, -54.867791667, 30.1 ], [ -67.54779, -54.867791667, 30.1 ], [ -67.54779, -54.867791667, 30.1 ], [ -67.54779, -54.867791667, 30.1 ], [ -67.54779, -54.867791667, 30.1 ], [ -67.54779, -54.867791667, 30.1 ], [ -67.547805, -54.867776667, 30.8 ], [ -67.547811667, -54.867771667, 31.1 ], [ -67.547818333, -54.867773333, 31.2 ], [ -67.547828333, -54.867766667, 31.5 ], [ -67.547838333, -54.867766667, 31.5 ], [ -67.547848333, -54.867763333, 31.9 ], [ -67.54786, -54.86776, 32.1 ], [ -67.547861667, -54.867758333, 32.2 ], [ -67.547861667, -54.867758333, 32.4 ], [ -67.547863333, -54.867756667, 32.5 ], [ -67.547875, -54.867756667, 32.8 ], [ -67.54788, -54.867756667, 33.1 ], [ -67.547888333, -54.867755, 33.4 ], [ -67.547893333, -54.867755, 33.5 ], [ -67.5479, -54.867753333, 33.7 ], [ -67.547908333, -54.867751667, 33.9 ], [ -67.547908333, -54.867755, 34.1 ], [ -67.547908333, -54.867755, 34.1 ], [ -67.547908333, -54.867755, 34.1 ], [ -67.547908333, -54.867755, 34.1 ], [ -67.547908333, -54.867755, 34.1 ], [ -67.547908333, -54.867755, 34.1 ], [ -67.547908333, -54.867755, 34.1 ], [ -67.547908333, -54.867755, 34.1 ], [ -67.547943333, -54.867763333, 34.2 ], [ -67.54795, -54.867753333, 33.9 ], [ -67.547955, -54.86775, 34.0 ], [ -67.547961667, -54.867746667, 34.0 ], [ -67.547966667, -54.867743333, 33.9 ], [ -67.547973333, -54.867733333, 33.4 ], [ -67.547975, -54.86773, 33.3 ], [ -67.547975, -54.867728333, 33.3 ], [ -67.547986667, -54.867728333, 33.5 ], [ -67.547996667, -54.867726667, 33.8 ], [ -67.548003333, -54.867728333, 34.2 ], [ -67.548008333, -54.867728333, 34.3 ], [ -67.54801, -54.867728333, 34.6 ], [ -67.548011667, -54.867728333, 35.2 ], [ -67.548015, -54.867733333, 35.5 ], [ -67.548018333, -54.867736667, 35.6 ], [ -67.548023333, -54.86774, 35.9 ], [ -67.548023333, -54.86774, 35.9 ], [ -67.548023333, -54.86774, 35.9 ], [ -67.548023333, -54.86774, 35.9 ], [ -67.548023333, -54.86774, 35.9 ], [ -67.548023333, -54.86774, 35.9 ], [ -67.548023333, -54.86774, 35.9 ], [ -67.548023333, -54.86774, 35.9 ], [ -67.548023333, -54.86774, 35.9 ], [ -67.548023333, -54.86774, 35.9 ], [ -67.548023333, -54.86774, 35.9 ], [ -67.548023333, -54.86774, 35.9 ], [ -67.548066667, -54.86773, 37.0 ], [ -67.548075, -54.867726667, 37.2 ], [ -67.548086667, -54.867718333, 37.3 ], [ -67.548091667, -54.867711667, 37.4 ], [ -67.548095, -54.86771, 37.7 ], [ -67.54809, -54.867706667, 37.6 ], [ -67.548091667, -54.867703333, 37.2 ], [ -67.548091667, -54.867701667, 37.2 ], [ -67.548083333, -54.867701667, 37.1 ], [ -67.548081667, -54.8677, 37.0 ], [ -67.54808, -54.8677, 36.7 ], [ -67.548083333, -54.867701667, 36.6 ], [ -67.548083333, -54.867701667, 36.6 ], [ -67.548083333, -54.867701667, 36.6 ], [ -67.548083333, -54.867701667, 36.6 ], [ -67.548083333, -54.867701667, 36.6 ], [ -67.548083333, -54.867701667, 36.6 ], [ -67.548083333, -54.867701667, 36.6 ], [ -67.548083333, -54.867701667, 36.6 ], [ -67.548083333, -54.867701667, 36.6 ], [ -67.548083333, -54.867701667, 36.6 ], [ -67.548083333, -54.867701667, 36.6 ], [ -67.548083333, -54.867701667, 36.6 ], [ -67.548083333, -54.867701667, 36.6 ], [ -67.548068333, -54.867676667, 37.3 ], [ -67.548063333, -54.867675, 37.3 ], [ -67.548066667, -54.867668333, 37.6 ], [ -67.548076667, -54.867663333, 38.1 ], [ -67.548086667, -54.867653333, 38.7 ], [ -67.548096667, -54.867646667, 39.0 ], [ -67.5481, -54.86764, 39.3 ], [ -67.548108333, -54.867635, 39.7 ], [ -67.548111667, -54.86763, 40.3 ], [ -67.548116667, -54.867623333, 40.4 ], [ -67.548118333, -54.86762, 40.5 ], [ -67.548121667, -54.867615, 40.5 ], [ -67.548125, -54.867611667, 40.5 ], [ -67.548131667, -54.867606667, 40.6 ], [ -67.548131667, -54.867606667, 40.6 ], [ -67.548133333, -54.86761, 41.0 ], [ -67.548141667, -54.867613333, 41.3 ], [ -67.548151667, -54.867615, 41.9 ], [ -67.548161667, -54.867615, 42.2 ], [ -67.548163333, -54.867615, 42.4 ], [ -67.548166667, -54.867615, 42.4 ], [ -67.548171667, -54.867611667, 42.2 ], [ -67.548171667, -54.867611667, 42.2 ], [ -67.548171667, -54.867611667, 42.2 ], [ -67.548171667, -54.867611667, 42.2 ], [ -67.548171667, -54.867611667, 42.2 ], [ -67.548171667, -54.867611667, 42.2 ], [ -67.548171667, -54.867611667, 42.2 ], [ -67.548171667, -54.867611667, 42.2 ], [ -67.548171667, -54.867611667, 42.2 ], [ -67.548171667, -54.867611667, 42.2 ], [ -67.548171667, -54.867611667, 42.2 ], [ -67.548171667, -54.867611667, 42.2 ], [ -67.548171667, -54.867611667, 42.2 ], [ -67.548171667, -54.867611667, 42.2 ], [ -67.548171667, -54.867611667, 42.2 ], [ -67.548171667, -54.867611667, 42.2 ], [ -67.548171667, -54.867611667, 42.2 ], [ -67.548171667, -54.867611667, 42.2 ], [ -67.548171667, -54.867611667, 42.2 ], [ -67.548171667, -54.867611667, 42.2 ], [ -67.548171667, -54.867611667, 42.2 ], [ -67.548171667, -54.867611667, 42.2 ], [ -67.548155, -54.867541667, 40.0 ], [ -67.548153333, -54.867536667, 40.0 ], [ -67.548155, -54.867531667, 40.3 ], [ -67.548158333, -54.867526667, 40.5 ], [ -67.548165, -54.86752, 40.9 ], [ -67.548166667, -54.867511667, 41.4 ], [ -67.548161667, -54.867503333, 41.8 ], [ -67.548171667, -54.867498333, 42.1 ], [ -67.54818, -54.867498333, 42.3 ], [ -67.548191667, -54.86749, 42.6 ], [ -67.548195, -54.867486667, 43.1 ], [ -67.548193333, -54.867485, 43.4 ], [ -67.54819, -54.867485, 43.4 ], [ -67.548181667, -54.867486667, 43.6 ], [ -67.548181667, -54.867485, 43.7 ], [ -67.548178333, -54.867483333, 43.9 ], [ -67.548186667, -54.867485, 44.0 ], [ -67.548186667, -54.867485, 44.0 ], [ -67.548186667, -54.867485, 44.0 ], [ -67.548186667, -54.867485, 44.0 ], [ -67.548186667, -54.867485, 44.0 ], [ -67.548186667, -54.867485, 44.0 ], [ -67.548186667, -54.867485, 44.0 ], [ -67.548186667, -54.867485, 44.0 ], [ -67.548225, -54.867488333, 43.4 ], [ -67.548235, -54.867488333, 43.5 ], [ -67.548243333, -54.867483333, 43.4 ], [ -67.548255, -54.867483333, 43.3 ], [ -67.548263333, -54.86748, 43.3 ], [ -67.548276667, -54.867478333, 43.1 ], [ -67.548291667, -54.867476667, 42.8 ], [ -67.548301667, -54.867478333, 42.2 ], [ -67.548315, -54.867476667, 42.0 ], [ -67.548335, -54.867478333, 41.4 ], [ -67.548346667, -54.867475, 41.1 ], [ -67.548345, -54.867475, 41.1 ], [ -67.548355, -54.867471667, 41.0 ], [ -67.54837, -54.86746, 40.7 ], [ -67.548376667, -54.867458333, 40.6 ], [ -67.548375, -54.86746, 40.6 ], [ -67.548381667, -54.867463333, 40.6 ], [ -67.548365, -54.867461667, 40.5 ], [ -67.548378333, -54.867471667, 40.5 ], [ -67.548386667, -54.867476667, 40.7 ], [ -67.548403333, -54.867485, 40.7 ], [ -67.548405, -54.867488333, 40.8 ], [ -67.548406667, -54.867488333, 41.0 ], [ -67.548406667, -54.867476667, 40.7 ], [ -67.548406667, -54.867478333, 40.7 ], [ -67.548416667, -54.86748, 40.8 ], [ -67.548476667, -54.867475, 40.8 ], [ -67.548495, -54.867475, 40.6 ], [ -67.548493333, -54.86748, 40.3 ], [ -67.548455, -54.867503333, 39.9 ], [ -67.548473333, -54.867498333, 39.5 ], [ -67.54849, -54.867488333, 38.7 ], [ -67.548506667, -54.86748, 38.2 ], [ -67.548523333, -54.867475, 38.3 ], [ -67.548536667, -54.867476667, 38.6 ], [ -67.548545, -54.867478333, 38.6 ], [ -67.548555, -54.867473333, 38.4 ], [ -67.548558333, -54.86747, 38.3 ], [ -67.548563333, -54.867468333, 38.4 ], [ -67.54857, -54.86746, 38.6 ], [ -67.548576667, -54.867453333, 39.0 ], [ -67.548593333, -54.86745, 39.3 ], [ -67.5486, -54.867448333, 39.7 ], [ -67.548606667, -54.86745, 39.9 ], [ -67.548613333, -54.867451667, 39.8 ], [ -67.548625, -54.86745, 39.5 ], [ -67.548631667, -54.867451667, 39.3 ], [ -67.548638333, -54.867448333, 39.3 ], [ -67.548648333, -54.867446667, 39.4 ], [ -67.548656667, -54.867445, 39.6 ], [ -67.548665, -54.867443333, 39.7 ], [ -67.548675, -54.867441667, 39.8 ], [ -67.548683333, -54.867441667, 39.7 ], [ -67.54869, -54.86744, 39.5 ], [ -67.548696667, -54.86744, 39.4 ], [ -67.5487, -54.867441667, 39.2 ], [ -67.548705, -54.867438333, 39.1 ], [ -67.548705, -54.867438333, 39.1 ], [ -67.548705, -54.867438333, 39.1 ], [ -67.548705, -54.867438333, 39.1 ], [ -67.548705, -54.867438333, 39.1 ], [ -67.548705, -54.867438333, 39.1 ], [ -67.548705, -54.867438333, 39.1 ], [ -67.548705, -54.867438333, 39.1 ], [ -67.548705, -54.867438333, 39.1 ], [ -67.548705, -54.867438333, 39.1 ], [ -67.548705, -54.867438333, 39.1 ], [ -67.548705, -54.867438333, 39.1 ], [ -67.548705, -54.867438333, 39.1 ], [ -67.548705, -54.867438333, 39.1 ], [ -67.548705, -54.867438333, 39.1 ], [ -67.548705, -54.867438333, 39.1 ], [ -67.548705, -54.867438333, 39.1 ], [ -67.548705, -54.867438333, 39.1 ], [ -67.548705, -54.867438333, 39.1 ], [ -67.548705, -54.867438333, 39.1 ], [ -67.548705, -54.867438333, 39.1 ], [ -67.548705, -54.867438333, 39.1 ], [ -67.548705, -54.867438333, 39.1 ], [ -67.548705, -54.867438333, 39.1 ], [ -67.548705, -54.867438333, 39.1 ], [ -67.548705, -54.867438333, 39.1 ], [ -67.548705, -54.867438333, 39.1 ], [ -67.548705, -54.867438333, 39.1 ], [ -67.548705, -54.867438333, 39.1 ], [ -67.548705, -54.867438333, 39.1 ], [ -67.548705, -54.867438333, 39.1 ], [ -67.548705, -54.867438333, 39.1 ], [ -67.548765, -54.867473333, 41.3 ], [ -67.548768333, -54.867468333, 41.2 ], [ -67.54877, -54.867463333, 41.2 ], [ -67.548778333, -54.86746, 41.0 ], [ -67.548788333, -54.867455, 41.0 ], [ -67.548791667, -54.86745, 41.0 ], [ -67.548801667, -54.867443333, 41.0 ], [ -67.548811667, -54.867436667, 40.8 ], [ -67.548816667, -54.867433333, 40.7 ], [ -67.54883, -54.86743, 40.8 ], [ -67.548841667, -54.867426667, 40.9 ], [ -67.548853333, -54.867428333, 41.1 ], [ -67.54887, -54.86743, 41.1 ], [ -67.548885, -54.867435, 41.3 ], [ -67.548908333, -54.867438333, 41.3 ], [ -67.548921667, -54.86744, 41.3 ], [ -67.548933333, -54.867443333, 41.3 ], [ -67.548946667, -54.867443333, 41.2 ], [ -67.548965, -54.867443333, 41.4 ], [ -67.548983333, -54.867443333, 41.3 ], [ -67.548998333, -54.867446667, 41.3 ], [ -67.549016667, -54.867446667, 41.1 ], [ -67.549031667, -54.867448333, 41.0 ], [ -67.549045, -54.86746, 41.1 ], [ -67.549065, -54.867468333, 40.9 ], [ -67.549078333, -54.867471667, 41.0 ], [ -67.54909, -54.86748, 41.0 ], [ -67.549101667, -54.867486667, 41.1 ], [ -67.549105, -54.867493333, 41.0 ], [ -67.549108333, -54.867498333, 40.9 ], [ -67.549118333, -54.867501667, 40.7 ], [ -67.54912, -54.867508333, 40.5 ], [ -67.549126667, -54.867513333, 40.6 ], [ -67.549131667, -54.867521667, 40.2 ], [ -67.54913, -54.867523333, 40.0 ], [ -67.549136667, -54.867531667, 39.6 ], [ -67.549146667, -54.867538333, 39.8 ], [ -67.54915, -54.867538333, 39.7 ], [ -67.549161667, -54.867541667, 39.6 ], [ -67.549175, -54.867545, 39.4 ], [ -67.549188333, -54.867551667, 39.2 ], [ -67.549198333, -54.86756, 38.9 ], [ -67.549208333, -54.867563333, 39.0 ], [ -67.549216667, -54.867568333, 38.7 ], [ -67.54922, -54.867566667, 38.9 ], [ -67.549228333, -54.867566667, 39.1 ], [ -67.549235, -54.867573333, 39.3 ], [ -67.549236667, -54.867583333, 39.3 ], [ -67.549253333, -54.86759, 39.6 ], [ -67.54927, -54.8676, 39.8 ], [ -67.549278333, -54.867608333, 39.9 ], [ -67.549288333, -54.867615, 39.5 ], [ -67.549296667, -54.867618333, 38.9 ], [ -67.54931, -54.867621667, 38.6 ], [ -67.549323333, -54.867625, 38.4 ], [ -67.54933, -54.867628333, 38.3 ], [ -67.549336667, -54.867636667, 39.1 ], [ -67.549345, -54.867641667, 39.6 ], [ -67.549351667, -54.867646667, 39.9 ], [ -67.549355, -54.867656667, 39.9 ], [ -67.549355, -54.867665, 39.9 ], [ -67.54935, -54.867671667, 39.8 ], [ -67.54935, -54.867675, 39.8 ], [ -67.54935, -54.867676667, 39.8 ], [ -67.549356667, -54.867678333, 39.8 ], [ -67.549363333, -54.867676667, 40.0 ], [ -67.549376667, -54.867676667, 40.0 ], [ -67.54939, -54.867676667, 40.1 ], [ -67.549395, -54.867675, 40.2 ], [ -67.549405, -54.867673333, 40.2 ], [ -67.549411667, -54.86767, 40.3 ], [ -67.54942, -54.86767, 40.4 ], [ -67.549428333, -54.86767, 40.5 ], [ -67.549428333, -54.867671667, 40.6 ], [ -67.54943, -54.867671667, 40.7 ], [ -67.549435, -54.867668333, 40.8 ], [ -67.54944, -54.867668333, 40.8 ], [ -67.549453333, -54.86767, 40.9 ], [ -67.549468333, -54.867671667, 41.1 ], [ -67.54948, -54.867671667, 41.1 ], [ -67.549495, -54.867673333, 41.2 ], [ -67.549511667, -54.867675, 41.4 ], [ -67.549523333, -54.867683333, 41.6 ], [ -67.549538333, -54.867688333, 41.7 ], [ -67.549551667, -54.867691667, 41.8 ], [ -67.549563333, -54.867691667, 41.7 ], [ -67.549563333, -54.867698333, 41.7 ], [ -67.549573333, -54.867708333, 41.5 ], [ -67.549578333, -54.867715, 41.1 ], [ -67.54959, -54.867718333, 40.8 ], [ -67.549601667, -54.867723333, 40.4 ], [ -67.5496, -54.867725, 40.3 ], [ -67.5496, -54.867725, 40.3 ], [ -67.549593333, -54.86772, 40.4 ], [ -67.549598333, -54.867735, 41.3 ], [ -67.549606667, -54.867731667, 41.5 ], [ -67.5496, -54.867735, 41.7 ], [ -67.549596667, -54.867736667, 41.4 ], [ -67.54959, -54.867735, 41.5 ], [ -67.549581667, -54.867736667, 41.7 ], [ -67.54958, -54.867735, 41.6 ], [ -67.549581667, -54.867731667, 41.5 ], [ -67.549583333, -54.867726667, 41.2 ], [ -67.549581667, -54.867725, 40.7 ], [ -67.549585, -54.867725, 40.2 ], [ -67.54959, -54.867723333, 39.9 ], [ -67.549595, -54.867723333, 40.1 ], [ -67.549596667, -54.867723333, 39.9 ], [ -67.5496, -54.867725, 39.5 ], [ -67.549605, -54.867725, 39.6 ], [ -67.549616667, -54.867728333, 39.5 ], [ -67.549623333, -54.867731667, 39.6 ], [ -67.549626667, -54.867735, 39.4 ], [ -67.549628333, -54.867738333, 39.1 ], [ -67.54964, -54.867741667, 38.9 ], [ -67.549648333, -54.867748333, 38.7 ], [ -67.54966, -54.867751667, 38.6 ], [ -67.549668333, -54.867758333, 38.4 ], [ -67.549668333, -54.867761667, 38.2 ], [ -67.549671667, -54.867766667, 37.9 ], [ -67.549678333, -54.867771667, 37.4 ], [ -67.549673333, -54.867773333, 36.7 ], [ -67.549675, -54.867775, 36.0 ], [ -67.549673333, -54.867778333, 35.5 ], [ -67.54967, -54.86778, 35.1 ], [ -67.549665, -54.867781667, 35.0 ], [ -67.549665, -54.867785, 34.8 ], [ -67.549665, -54.867785, 34.8 ], [ -67.549665, -54.867785, 34.8 ], [ -67.549665, -54.867785, 34.8 ], [ -67.549665, -54.867785, 34.8 ], [ -67.549665, -54.867785, 34.8 ], [ -67.549665, -54.867785, 34.8 ], [ -67.549665, -54.867785, 34.8 ], [ -67.549665, -54.867785, 34.8 ], [ -67.549665, -54.867785, 34.8 ], [ -67.549665, -54.867785, 34.8 ], [ -67.549665, -54.867785, 34.8 ], [ -67.549665, -54.867785, 34.8 ], [ -67.549665, -54.867785, 34.8 ], [ -67.549665, -54.867785, 34.8 ], [ -67.549665, -54.867785, 34.8 ], [ -67.549665, -54.867785, 34.8 ], [ -67.549665, -54.867785, 34.8 ], [ -67.549665, -54.867785, 34.8 ], [ -67.549665, -54.867785, 34.8 ], [ -67.549665, -54.867785, 34.8 ], [ -67.549665, -54.867785, 34.8 ], [ -67.549665, -54.867785, 34.8 ], [ -67.549665, -54.867785, 34.8 ], [ -67.549665, -54.867785, 34.8 ], [ -67.549665, -54.867785, 34.8 ], [ -67.549665, -54.867785, 34.8 ], [ -67.549665, -54.867785, 34.8 ], [ -67.549665, -54.867785, 34.8 ], [ -67.549665, -54.867785, 34.8 ], [ -67.549665, -54.867785, 34.8 ], [ -67.549665, -54.867785, 34.8 ], [ -67.549665, -54.867785, 34.8 ], [ -67.549676667, -54.867798333, 31.8 ], [ -67.549685, -54.867801667, 31.7 ], [ -67.549698333, -54.867803333, 31.9 ], [ -67.549705, -54.867808333, 32.1 ], [ -67.549716667, -54.86781, 32.1 ], [ -67.549725, -54.867816667, 32.2 ], [ -67.549738333, -54.867816667, 32.0 ], [ -67.549751667, -54.867818333, 32.1 ], [ -67.549758333, -54.867821667, 32.0 ], [ -67.54976, -54.867823333, 31.6 ], [ -67.549756667, -54.867828333, 30.9 ], [ -67.549756667, -54.86783, 30.7 ], [ -67.549758333, -54.867833333, 30.5 ], [ -67.549758333, -54.86784, 30.1 ], [ -67.549761667, -54.867843333, 29.8 ], [ -67.549766667, -54.867841667, 29.8 ], [ -67.54977, -54.86784, 29.7 ], [ -67.549771667, -54.867841667, 29.8 ], [ -67.549778333, -54.867843333, 29.6 ], [ -67.549783333, -54.867846667, 29.5 ], [ -67.54979, -54.867851667, 29.3 ], [ -67.549791667, -54.867853333, 28.9 ], [ -67.549798333, -54.867855, 28.6 ], [ -67.549796667, -54.867856667, 28.4 ], [ -67.549798333, -54.867861667, 28.3 ], [ -67.549803333, -54.867865, 28.2 ], [ -67.549803333, -54.867865, 28.2 ], [ -67.549803333, -54.867865, 28.2 ], [ -67.549808333, -54.867865, 27.7 ], [ -67.549815, -54.86787, 27.5 ], [ -67.549813333, -54.867873333, 27.5 ], [ -67.549813333, -54.867875, 27.5 ], [ -67.549806667, -54.867875, 27.5 ], [ -67.54979, -54.867878333, 27.5 ], [ -67.549768333, -54.867878333, 27.4 ], [ -67.549778333, -54.867878333, 27.4 ], [ -67.549793333, -54.867893333, 27.2 ], [ -67.549808333, -54.867901667, 27.0 ], [ -67.549821667, -54.867903333, 26.4 ], [ -67.549845, -54.867908333, 25.4 ], [ -67.54986, -54.867913333, 24.8 ], [ -67.549876667, -54.867915, 24.4 ], [ -67.549895, -54.867908333, 23.8 ], [ -67.549906667, -54.867903333, 23.4 ], [ -67.549918333, -54.867898333, 23.2 ], [ -67.549925, -54.86789, 23.1 ], [ -67.549933333, -54.867883333, 24.0 ], [ -67.549938333, -54.867875, 24.3 ], [ -67.54995, -54.867871667, 24.3 ], [ -67.549958333, -54.867871667, 24.5 ], [ -67.549968333, -54.867868333, 24.5 ], [ -67.54998, -54.867866667, 24.6 ], [ -67.549995, -54.867868333, 24.7 ], [ -67.550008333, -54.867866667, 25.0 ], [ -67.55001, -54.867865, 25.1 ], [ -67.550021667, -54.867868333, 25.3 ], [ -67.550033333, -54.86787, 25.7 ], [ -67.550038333, -54.867871667, 26.1 ], [ -67.55004, -54.867873333, 26.4 ], [ -67.550041667, -54.867873333, 26.5 ], [ -67.550041667, -54.867875, 26.5 ], [ -67.550041667, -54.867876667, 26.6 ], [ -67.550048333, -54.867876667, 26.6 ], [ -67.55005, -54.867876667, 26.7 ], [ -67.550053333, -54.867875, 26.7 ], [ -67.550053333, -54.867875, 26.7 ], [ -67.550083333, -54.867875, 26.7 ], [ -67.550093333, -54.867876667, 26.8 ], [ -67.550103333, -54.867878333, 26.9 ], [ -67.550111667, -54.867876667, 26.9 ], [ -67.550116667, -54.86788, 27.2 ], [ -67.55012, -54.867881667, 27.2 ], [ -67.550126667, -54.867883333, 27.2 ], [ -67.550126667, -54.867883333, 27.2 ], [ -67.550136667, -54.867883333, 27.1 ], [ -67.550141667, -54.86788, 27.2 ], [ -67.550146667, -54.867875, 27.0 ], [ -67.550155, -54.867875, 26.9 ], [ -67.550165, -54.867873333, 27.0 ], [ -67.550181667, -54.86787, 27.3 ], [ -67.550196667, -54.867865, 27.7 ], [ -67.550206667, -54.867866667, 28.1 ], [ -67.55022, -54.867866667, 28.5 ], [ -67.550228333, -54.867868333, 28.7 ], [ -67.550228333, -54.867868333, 28.7 ], [ -67.550233333, -54.86787, 29.0 ], [ -67.550238333, -54.867875, 29.1 ], [ -67.550246667, -54.867881667, 29.1 ], [ -67.55025, -54.86789, 29.1 ], [ -67.550251667, -54.867896667, 29.2 ], [ -67.55026, -54.867901667, 29.2 ], [ -67.550263333, -54.867908333, 29.4 ], [ -67.550271667, -54.86792, 29.4 ], [ -67.550271667, -54.86792, 29.4 ], [ -67.550271667, -54.86792, 29.4 ], [ -67.550271667, -54.86792, 29.4 ], [ -67.550271667, -54.86792, 29.4 ], [ -67.550271667, -54.86792, 29.4 ], [ -67.550271667, -54.86792, 29.4 ], [ -67.550271667, -54.86792, 29.4 ], [ -67.550271667, -54.86792, 29.4 ], [ -67.550325, -54.86794, 30.6 ], [ -67.550328333, -54.867945, 30.5 ], [ -67.550335, -54.867948333, 30.3 ], [ -67.550333333, -54.867951667, 30.1 ], [ -67.550333333, -54.867951667, 30.1 ], [ -67.550333333, -54.867951667, 30.1 ], [ -67.550333333, -54.867951667, 30.1 ], [ -67.550378333, -54.867955, 30.8 ], [ -67.550396667, -54.867953333, 30.8 ], [ -67.550406667, -54.867955, 30.8 ], [ -67.550405, -54.867953333, 30.9 ], [ -67.550406667, -54.867951667, 31.1 ], [ -67.550403333, -54.867953333, 31.2 ], [ -67.550398333, -54.867956667, 31.4 ], [ -67.550391667, -54.867958333, 31.7 ], [ -67.550385, -54.86796, 31.9 ], [ -67.550381667, -54.867966667, 32.2 ], [ -67.550371667, -54.867973333, 32.7 ], [ -67.55037, -54.867978333, 32.9 ], [ -67.55037, -54.867978333, 32.9 ], [ -67.55037, -54.867978333, 32.9 ], [ -67.55037, -54.867978333, 32.9 ], [ -67.55037, -54.867978333, 32.9 ], [ -67.55037, -54.867978333, 32.9 ], [ -67.55037, -54.867978333, 32.9 ], [ -67.55037, -54.867978333, 32.9 ], [ -67.55037, -54.867978333, 32.9 ], [ -67.55037, -54.867978333, 32.9 ], [ -67.55037, -54.867978333, 32.9 ], [ -67.55037, -54.867978333, 32.9 ], [ -67.55037, -54.867978333, 32.9 ], [ -67.55037, -54.867978333, 32.9 ], [ -67.55037, -54.867978333, 32.9 ], [ -67.55037, -54.867978333, 32.9 ], [ -67.55037, -54.867978333, 32.9 ], [ -67.55037, -54.867978333, 32.9 ], [ -67.55037, -54.867978333, 32.9 ], [ -67.55037, -54.867978333, 32.9 ], [ -67.550378333, -54.868011667, 35.2 ], [ -67.550375, -54.868013333, 35.4 ], [ -67.550371667, -54.868015, 35.6 ], [ -67.550371667, -54.868016667, 35.7 ], [ -67.550371667, -54.868016667, 35.7 ], [ -67.550371667, -54.868016667, 35.7 ], [ -67.550371667, -54.868016667, 35.7 ], [ -67.550363333, -54.868013333, 35.9 ], [ -67.550361667, -54.868013333, 35.6 ], [ -67.55036, -54.868013333, 35.4 ], [ -67.550358333, -54.868013333, 35.6 ], [ -67.550358333, -54.868013333, 35.6 ], [ -67.550358333, -54.868013333, 35.6 ], [ -67.550358333, -54.868013333, 35.6 ], [ -67.550358333, -54.868013333, 35.6 ], [ -67.550358333, -54.868013333, 35.6 ], [ -67.550358333, -54.868013333, 35.6 ], [ -67.550358333, -54.868013333, 35.6 ], [ -67.550358333, -54.868013333, 35.6 ], [ -67.550358333, -54.868013333, 35.6 ], [ -67.550358333, -54.868013333, 35.6 ], [ -67.550358333, -54.868013333, 35.6 ], [ -67.550358333, -54.868013333, 35.6 ], [ -67.550358333, -54.868013333, 35.6 ], [ -67.550358333, -54.868013333, 35.6 ], [ -67.550358333, -54.868013333, 35.6 ], [ -67.550358333, -54.868013333, 35.6 ], [ -67.550358333, -54.868013333, 35.6 ], [ -67.550358333, -54.868013333, 35.6 ], [ -67.550358333, -54.868013333, 35.6 ], [ -67.550358333, -54.868013333, 35.6 ], [ -67.550358333, -54.868013333, 35.6 ], [ -67.550358333, -54.868013333, 35.6 ], [ -67.550358333, -54.868013333, 35.6 ], [ -67.550358333, -54.868013333, 35.6 ], [ -67.550358333, -54.868013333, 35.6 ], [ -67.550358333, -54.868013333, 35.6 ], [ -67.550358333, -54.868013333, 35.6 ], [ -67.550358333, -54.868013333, 35.6 ], [ -67.550358333, -54.868013333, 35.6 ], [ -67.550358333, -54.868013333, 35.6 ], [ -67.550358333, -54.868013333, 35.6 ], [ -67.550358333, -54.868013333, 35.6 ], [ -67.550358333, -54.868013333, 35.6 ], [ -67.550358333, -54.868013333, 35.6 ], [ -67.550358333, -54.868013333, 35.6 ], [ -67.550358333, -54.868013333, 35.6 ], [ -67.550358333, -54.868013333, 35.6 ], [ -67.55044, -54.867973333, 32.4 ], [ -67.55045, -54.867975, 32.7 ], [ -67.550455, -54.867981667, 32.9 ], [ -67.550463333, -54.867986667, 33.0 ], [ -67.550468333, -54.867991667, 33.2 ], [ -67.55048, -54.867993333, 33.4 ], [ -67.550495, -54.867996667, 33.5 ], [ -67.550503333, -54.868003333, 33.7 ], [ -67.550511667, -54.868003333, 33.9 ], [ -67.550525, -54.868006667, 34.2 ], [ -67.550531667, -54.86801, 34.3 ], [ -67.550538333, -54.868015, 34.6 ], [ -67.550545, -54.868016667, 34.9 ], [ -67.550551667, -54.868018333, 35.3 ], [ -67.550558333, -54.868025, 35.5 ], [ -67.550561667, -54.868026667, 35.8 ], [ -67.550565, -54.868028333, 36.1 ], [ -67.550571667, -54.868028333, 36.3 ], [ -67.550575, -54.86803, 36.4 ], [ -67.550575, -54.86803, 36.4 ], [ -67.550575, -54.86803, 36.4 ], [ -67.550575, -54.86803, 36.4 ], [ -67.550601667, -54.868046667, 36.6 ], [ -67.550615, -54.868051667, 36.5 ], [ -67.55063, -54.868055, 36.6 ], [ -67.550643333, -54.868058333, 36.7 ], [ -67.550656667, -54.86806, 36.9 ], [ -67.550661667, -54.868061667, 36.9 ], [ -67.550661667, -54.868061667, 36.9 ], [ -67.55066, -54.868061667, 36.9 ], [ -67.550665, -54.868051667, 36.8 ], [ -67.55068, -54.868041667, 36.7 ], [ -67.550645, -54.868073333, 36.2 ], [ -67.550645, -54.868073333, 36.2 ], [ -67.550665, -54.868075, 36.2 ], [ -67.550736667, -54.868091667, 35.8 ], [ -67.550765, -54.86811, 35.8 ], [ -67.55075, -54.868116667, 36.1 ], [ -67.550743333, -54.868115, 35.8 ], [ -67.550731667, -54.86811, 34.8 ], [ -67.550725, -54.868103333, 33.6 ], [ -67.550731667, -54.868103333, 32.9 ], [ -67.550735, -54.868105, 32.4 ], [ -67.550736667, -54.868103333, 32.1 ], [ -67.550738333, -54.8681, 32.3 ], [ -67.550743333, -54.868101667, 32.4 ], [ -67.550741667, -54.868101667, 32.4 ], [ -67.55075, -54.8681, 32.3 ], [ -67.550756667, -54.8681, 32.9 ], [ -67.550766667, -54.868096667, 32.7 ], [ -67.550771667, -54.868096667, 32.3 ], [ -67.550773333, -54.868098333, 32.4 ], [ -67.550771667, -54.868101667, 32.3 ], [ -67.550773333, -54.868101667, 32.4 ], [ -67.550778333, -54.868101667, 32.5 ], [ -67.550778333, -54.868101667, 32.6 ], [ -67.550773333, -54.868103333, 32.4 ], [ -67.550775, -54.868106667, 32.4 ], [ -67.550776667, -54.868105, 32.4 ], [ -67.550776667, -54.8681, 32.4 ], [ -67.550778333, -54.868096667, 32.3 ], [ -67.550783333, -54.868096667, 32.3 ], [ -67.550783333, -54.868098333, 32.2 ], [ -67.55082, -54.868115, 32.5 ], [ -67.550818333, -54.868123333, 32.9 ], [ -67.550795, -54.868128333, 32.7 ], [ -67.550776667, -54.868135, 32.5 ], [ -67.55076, -54.868131667, 32.3 ], [ -67.550758333, -54.86812, 31.7 ], [ -67.550753333, -54.86811, 31.2 ], [ -67.550756667, -54.868105, 31.1 ], [ -67.550755, -54.868095, 31.1 ], [ -67.550753333, -54.868085, 31.0 ], [ -67.550755, -54.868085, 30.8 ], [ -67.550766667, -54.868085, 30.0 ], [ -67.550773333, -54.868085, 29.7 ], [ -67.550771667, -54.868086667, 29.6 ], [ -67.550778333, -54.868086667, 29.7 ], [ -67.550776667, -54.868085, 29.7 ], [ -67.550816667, -54.86808, 30.0 ], [ -67.550848333, -54.868086667, 30.5 ], [ -67.550826667, -54.86811, 30.7 ], [ -67.550828333, -54.868118333, 30.7 ], [ -67.550841667, -54.868125, 30.9 ], [ -67.550853333, -54.868128333, 31.1 ], [ -67.550865, -54.868135, 31.2 ], [ -67.55087, -54.868136667, 31.0 ], [ -67.550876667, -54.868133333, 31.3 ], [ -67.550886667, -54.868133333, 31.9 ], [ -67.5509, -54.868133333, 32.2 ], [ -67.550915, -54.868135, 32.1 ], [ -67.550923333, -54.868135, 32.4 ], [ -67.550951667, -54.868135, 31.9 ], [ -67.550968333, -54.868136667, 31.8 ], [ -67.550998333, -54.86814, 30.9 ], [ -67.550996667, -54.868143333, 30.9 ], [ -67.550998333, -54.868145, 30.8 ], [ -67.551003333, -54.868143333, 30.7 ], [ -67.551008333, -54.868145, 30.8 ], [ -67.551006667, -54.868146667, 30.9 ], [ -67.551008333, -54.868148333, 30.9 ], [ -67.55101, -54.868148333, 31.2 ], [ -67.551025, -54.868148333, 31.3 ], [ -67.55103, -54.868145, 31.5 ], [ -67.551033333, -54.868143333, 31.5 ], [ -67.551038333, -54.868141667, 31.4 ], [ -67.55105, -54.868138333, 31.3 ], [ -67.551066667, -54.868138333, 31.4 ], [ -67.551071667, -54.868141667, 31.3 ], [ -67.551076667, -54.868146667, 31.2 ], [ -67.551085, -54.86815, 31.2 ], [ -67.551093333, -54.868155, 31.4 ], [ -67.551105, -54.868161667, 31.7 ], [ -67.55112, -54.868165, 32.0 ], [ -67.551136667, -54.868171667, 32.4 ], [ -67.55115, -54.868176667, 32.7 ], [ -67.55116, -54.868178333, 33.0 ], [ -67.551166667, -54.868178333, 33.2 ], [ -67.551173333, -54.868178333, 33.4 ], [ -67.55118, -54.868183333, 33.6 ], [ -67.551185, -54.868185, 33.8 ], [ -67.551203333, -54.868183333, 34.0 ], [ -67.55122, -54.868183333, 34.1 ], [ -67.55124, -54.868183333, 34.5 ], [ -67.551248333, -54.86818, 35.1 ], [ -67.551246667, -54.868178333, 35.5 ], [ -67.551248333, -54.868178333, 35.6 ], [ -67.55125, -54.868176667, 35.7 ], [ -67.551255, -54.868176667, 35.9 ], [ -67.551258333, -54.868178333, 36.0 ], [ -67.551258333, -54.86818, 36.0 ], [ -67.551255, -54.86818, 36.0 ], [ -67.551261667, -54.868181667, 36.1 ], [ -67.551265, -54.868183333, 36.0 ], [ -67.551265, -54.868183333, 36.0 ], [ -67.551291667, -54.868186667, 36.0 ], [ -67.55131, -54.868195, 36.0 ], [ -67.551321667, -54.868203333, 36.1 ], [ -67.55133, -54.86821, 36.0 ], [ -67.551326667, -54.868215, 35.9 ], [ -67.551325, -54.868215, 35.5 ], [ -67.551325, -54.868216667, 35.5 ], [ -67.551321667, -54.868218333, 35.5 ], [ -67.551318333, -54.868221667, 35.6 ], [ -67.551323333, -54.868228333, 35.5 ], [ -67.551315, -54.86823, 35.8 ], [ -67.55132, -54.86823, 35.7 ], [ -67.551321667, -54.868235, 35.5 ], [ -67.551321667, -54.868235, 35.5 ], [ -67.551321667, -54.868235, 35.5 ], [ -67.551321667, -54.868235, 35.5 ], [ -67.551321667, -54.868235, 35.5 ], [ -67.551321667, -54.868235, 35.5 ], [ -67.551321667, -54.868235, 35.5 ], [ -67.551321667, -54.868235, 35.5 ], [ -67.551321667, -54.868235, 35.5 ], [ -67.551321667, -54.868235, 35.5 ], [ -67.551303333, -54.86825, 35.2 ], [ -67.551298333, -54.868256667, 35.2 ], [ -67.5513, -54.86826, 35.1 ], [ -67.5513, -54.868268333, 35.3 ], [ -67.551305, -54.868268333, 33.7 ], [ -67.551305, -54.868268333, 33.7 ], [ -67.551305, -54.868268333, 33.7 ], [ -67.551305, -54.868268333, 33.7 ], [ -67.551305, -54.868268333, 33.7 ], [ -67.551305, -54.868268333, 33.7 ], [ -67.551348333, -54.868266667, 32.3 ], [ -67.551346667, -54.86827, 32.2 ], [ -67.551353333, -54.86827, 32.1 ], [ -67.551363333, -54.868266667, 31.8 ], [ -67.551363333, -54.868266667, 31.8 ], [ -67.551363333, -54.868266667, 31.8 ], [ -67.551363333, -54.868266667, 31.8 ], [ -67.551398333, -54.868273333, 31.3 ], [ -67.551411667, -54.86827, 30.9 ], [ -67.551418333, -54.868268333, 30.5 ], [ -67.551423333, -54.868268333, 30.3 ], [ -67.551425, -54.86827, 30.3 ], [ -67.551431667, -54.86827, 30.1 ], [ -67.55144, -54.868266667, 29.9 ], [ -67.55144, -54.868266667, 29.9 ], [ -67.551463333, -54.86825, 29.6 ], [ -67.551475, -54.868243333, 29.6 ], [ -67.551481667, -54.868241667, 29.5 ], [ -67.551481667, -54.868238333, 29.4 ], [ -67.55148, -54.868235, 29.4 ], [ -67.551471667, -54.868235, 29.5 ], [ -67.551466667, -54.868231667, 29.6 ], [ -67.551463333, -54.868233333, 29.7 ], [ -67.55146, -54.868231667, 29.8 ], [ -67.551456667, -54.868233333, 29.6 ], [ -67.551451667, -54.868235, 29.6 ], [ -67.551448333, -54.868231667, 29.8 ], [ -67.55145, -54.868231667, 30.0 ], [ -67.551448333, -54.86823, 30.0 ], [ -67.551448333, -54.86823, 30.0 ], [ -67.551448333, -54.86823, 30.0 ], [ -67.551448333, -54.86823, 30.0 ], [ -67.551448333, -54.86823, 30.0 ], [ -67.551448333, -54.86823, 30.0 ], [ -67.551448333, -54.86823, 30.0 ], [ -67.551448333, -54.86823, 30.0 ], [ -67.551448333, -54.86823, 30.0 ], [ -67.551448333, -54.86823, 30.0 ], [ -67.551448333, -54.86823, 30.0 ], [ -67.551448333, -54.86823, 30.0 ], [ -67.551448333, -54.86823, 30.0 ], [ -67.551448333, -54.86823, 30.0 ], [ -67.551448333, -54.86823, 30.0 ], [ -67.551448333, -54.86823, 30.0 ], [ -67.551448333, -54.86823, 30.0 ], [ -67.551448333, -54.86823, 30.0 ], [ -67.551448333, -54.86823, 30.0 ], [ -67.551448333, -54.86823, 30.0 ], [ -67.551448333, -54.86823, 30.0 ], [ -67.551448333, -54.86823, 30.0 ], [ -67.551448333, -54.86823, 30.0 ], [ -67.551448333, -54.86823, 30.0 ], [ -67.551448333, -54.86823, 30.0 ], [ -67.551448333, -54.86823, 30.0 ], [ -67.551448333, -54.86823, 30.0 ], [ -67.551448333, -54.86823, 30.0 ], [ -67.551448333, -54.86823, 30.0 ], [ -67.551448333, -54.86823, 30.0 ], [ -67.5515, -54.868208333, 30.3 ], [ -67.5515, -54.868205, 30.2 ], [ -67.551505, -54.868201667, 30.4 ], [ -67.55151, -54.8682, 30.5 ], [ -67.551518333, -54.868196667, 30.8 ], [ -67.551525, -54.868193333, 30.9 ], [ -67.551531667, -54.86819, 31.2 ], [ -67.551548333, -54.868185, 31.5 ], [ -67.551548333, -54.868181667, 31.8 ], [ -67.551548333, -54.868173333, 32.0 ], [ -67.551553333, -54.868171667, 32.2 ], [ -67.55156, -54.868166667, 32.4 ], [ -67.551568333, -54.86816, 32.6 ], [ -67.551575, -54.868148333, 32.9 ], [ -67.551573333, -54.868141667, 33.0 ], [ -67.55158, -54.868136667, 33.2 ], [ -67.551586667, -54.868126667, 33.3 ], [ -67.551583333, -54.86812, 33.6 ], [ -67.551581667, -54.868113333, 33.9 ], [ -67.551568333, -54.868103333, 34.4 ], [ -67.55157, -54.868101667, 34.4 ], [ -67.551573333, -54.868103333, 34.3 ], [ -67.55157, -54.868103333, 34.5 ], [ -67.55157, -54.8681, 34.6 ], [ -67.551568333, -54.868098333, 34.6 ], [ -67.551556667, -54.8681, 34.7 ], [ -67.55155, -54.868101667, 34.6 ], [ -67.55156, -54.868096667, 34.5 ], [ -67.551563333, -54.868096667, 34.4 ], [ -67.55157, -54.868108333, 34.5 ], [ -67.551578333, -54.868111667, 34.5 ], [ -67.551576667, -54.868128333, 34.6 ], [ -67.551598333, -54.868128333, 34.6 ], [ -67.551613333, -54.86816, 35.0 ], [ -67.551615, -54.868141667, 35.2 ], [ -67.551605, -54.868136667, 35.6 ], [ -67.551596667, -54.868126667, 35.7 ], [ -67.551591667, -54.868128333, 35.5 ], [ -67.551588333, -54.868126667, 35.0 ], [ -67.551591667, -54.86812, 35.4 ], [ -67.551578333, -54.868118333, 35.5 ], [ -67.55159, -54.868131667, 35.0 ], [ -67.551585, -54.86813, 35.0 ], [ -67.551578333, -54.86813, 35.1 ], [ -67.551578333, -54.868126667, 35.1 ], [ -67.551585, -54.868123333, 35.0 ], [ -67.551593333, -54.868115, 35.1 ], [ -67.551596667, -54.868103333, 35.8 ], [ -67.55161, -54.868093333, 36.2 ], [ -67.551626667, -54.86808, 36.8 ], [ -67.551626667, -54.868071667, 37.4 ], [ -67.551625, -54.868066667, 37.8 ], [ -67.551631667, -54.86806, 38.4 ], [ -67.551641667, -54.868053333, 39.0 ], [ -67.551643333, -54.868048333, 39.3 ], [ -67.551651667, -54.868043333, 39.6 ], [ -67.55166, -54.868041667, 39.8 ], [ -67.551673333, -54.868041667, 40.2 ], [ -67.55168, -54.868043333, 40.5 ], [ -67.551686667, -54.868041667, 41.0 ], [ -67.551691667, -54.86804, 41.3 ], [ -67.551701667, -54.868038333, 41.5 ], [ -67.551715, -54.86804, 41.7 ], [ -67.551725, -54.868041667, 41.9 ], [ -67.551733333, -54.868046667, 42.0 ], [ -67.551741667, -54.868045, 42.2 ], [ -67.55175, -54.868045, 42.4 ], [ -67.551763333, -54.868043333, 42.5 ], [ -67.551768333, -54.868046667, 42.7 ], [ -67.551778333, -54.868051667, 42.5 ], [ -67.551786667, -54.868051667, 42.3 ], [ -67.551795, -54.868053333, 42.2 ], [ -67.55181, -54.86805, 42.2 ], [ -67.551816667, -54.868051667, 42.3 ], [ -67.551823333, -54.868053333, 42.4 ], [ -67.551835, -54.868056667, 42.5 ], [ -67.551835, -54.868056667, 42.5 ], [ -67.551835, -54.868056667, 42.5 ], [ -67.551835, -54.868056667, 42.5 ], [ -67.551835, -54.868056667, 42.5 ], [ -67.551835, -54.868056667, 42.5 ], [ -67.551835, -54.868056667, 42.5 ], [ -67.551888333, -54.868068333, 42.3 ], [ -67.5519, -54.868075, 42.2 ], [ -67.551905, -54.868081667, 42.1 ], [ -67.551901667, -54.86808, 41.9 ], [ -67.551903333, -54.86808, 41.8 ], [ -67.551903333, -54.86808, 41.8 ], [ -67.551905, -54.868086667, 41.6 ], [ -67.551915, -54.868095, 41.6 ], [ -67.551925, -54.868108333, 41.6 ], [ -67.551948333, -54.868113333, 41.6 ], [ -67.551975, -54.86813, 41.6 ], [ -67.551983333, -54.86814, 41.7 ], [ -67.551988333, -54.868148333, 41.7 ], [ -67.552015, -54.868148333, 41.6 ], [ -67.552038333, -54.868151667, 41.7 ], [ -67.552041667, -54.868153333, 41.7 ], [ -67.55208, -54.868155, 41.8 ], [ -67.552066667, -54.868153333, 41.8 ], [ -67.552046667, -54.868178333, 41.6 ], [ -67.55205, -54.868175, 41.4 ], [ -67.552053333, -54.868178333, 41.0 ], [ -67.552051667, -54.86818, 40.9 ], [ -67.552056667, -54.868181667, 40.8 ], [ -67.552071667, -54.86819, 40.7 ], [ -67.552078333, -54.868188333, 40.8 ], [ -67.552081667, -54.868188333, 40.5 ], [ -67.552076667, -54.868185, 40.1 ], [ -67.552071667, -54.86818, 39.8 ], [ -67.552066667, -54.868176667, 39.2 ], [ -67.552066667, -54.868171667, 38.9 ], [ -67.55207, -54.868171667, 38.7 ], [ -67.552071667, -54.86817, 38.5 ], [ -67.552073333, -54.868166667, 38.1 ], [ -67.552073333, -54.868166667, 38.0 ], [ -67.552073333, -54.868165, 37.7 ], [ -67.552073333, -54.868161667, 37.4 ], [ -67.552071667, -54.868158333, 37.2 ], [ -67.55207, -54.868158333, 37.1 ], [ -67.552066667, -54.868158333, 37.0 ], [ -67.552066667, -54.868158333, 37.0 ], [ -67.552066667, -54.868158333, 37.0 ], [ -67.552066667, -54.868158333, 37.0 ], [ -67.552066667, -54.868158333, 37.0 ], [ -67.552066667, -54.868158333, 37.0 ], [ -67.552066667, -54.868158333, 37.0 ], [ -67.552066667, -54.868158333, 37.0 ], [ -67.552118333, -54.868171667, 38.5 ], [ -67.552125, -54.86818, 38.9 ], [ -67.552135, -54.868188333, 39.3 ], [ -67.552143333, -54.868195, 39.7 ], [ -67.552158333, -54.8682, 40.2 ], [ -67.552175, -54.868201667, 40.7 ], [ -67.552191667, -54.868195, 40.9 ], [ -67.552201667, -54.868196667, 41.4 ], [ -67.552218333, -54.868196667, 41.5 ], [ -67.552226667, -54.868201667, 41.9 ], [ -67.552226667, -54.868206667, 42.1 ], [ -67.552238333, -54.868208333, 42.1 ], [ -67.552253333, -54.868208333, 42.4 ], [ -67.552266667, -54.86821, 42.5 ], [ -67.552286667, -54.868215, 42.6 ], [ -67.552303333, -54.868216667, 42.6 ], [ -67.552313333, -54.868218333, 42.5 ], [ -67.552326667, -54.86822, 42.4 ], [ -67.552341667, -54.868221667, 42.5 ], [ -67.552353333, -54.868221667, 42.6 ], [ -67.552361667, -54.868223333, 42.6 ], [ -67.552371667, -54.868223333, 42.5 ], [ -67.552375, -54.868226667, 42.3 ], [ -67.552383333, -54.868216667, 41.6 ], [ -67.552391667, -54.86822, 41.5 ], [ -67.552391667, -54.86822, 41.5 ], [ -67.55239, -54.86822, 41.5 ], [ -67.552391667, -54.868218333, 41.5 ], [ -67.552368333, -54.868215, 41.7 ], [ -67.552375, -54.868213333, 41.8 ], [ -67.552373333, -54.868215, 42.0 ], [ -67.552388333, -54.868208333, 41.7 ], [ -67.552401667, -54.868205, 41.4 ], [ -67.552408333, -54.868201667, 41.0 ], [ -67.552416667, -54.868201667, 40.7 ], [ -67.55242, -54.868205, 40.6 ], [ -67.552418333, -54.86821, 40.8 ], [ -67.552418333, -54.868213333, 41.0 ], [ -67.552411667, -54.868215, 41.3 ], [ -67.55241, -54.868221667, 41.1 ], [ -67.552413333, -54.868223333, 40.8 ], [ -67.552421667, -54.86823, 40.5 ], [ -67.55242, -54.868231667, 40.4 ], [ -67.552413333, -54.86823, 40.4 ], [ -67.552418333, -54.86821, 40.3 ], [ -67.552421667, -54.868188333, 40.0 ], [ -67.552413333, -54.868183333, 40.1 ], [ -67.552416667, -54.868185, 40.2 ], [ -67.552431667, -54.868186667, 40.2 ], [ -67.55243, -54.868196667, 40.2 ], [ -67.552421667, -54.8682, 40.3 ], [ -67.552421667, -54.868201667, 40.3 ], [ -67.55242, -54.868201667, 40.3 ], [ -67.552418333, -54.868201667, 40.3 ], [ -67.55242, -54.868203333, 40.3 ], [ -67.552418333, -54.868203333, 40.3 ], [ -67.552425, -54.868203333, 40.3 ], [ -67.552426667, -54.868213333, 40.3 ], [ -67.552438333, -54.868233333, 40.4 ], [ -67.55243, -54.868231667, 40.5 ], [ -67.552415, -54.868223333, 40.6 ], [ -67.552416667, -54.86822, 41.0 ], [ -67.552426667, -54.868243333, 40.9 ], [ -67.552445, -54.86826, 40.9 ], [ -67.552453333, -54.868261667, 41.3 ], [ -67.552483333, -54.868258333, 41.6 ], [ -67.552486667, -54.868258333, 42.0 ], [ -67.552505, -54.868255, 41.9 ], [ -67.552515, -54.868253333, 41.7 ], [ -67.552523333, -54.868251667, 41.6 ], [ -67.552521667, -54.86825, 41.8 ], [ -67.55252, -54.868248333, 41.9 ], [ -67.55252, -54.868251667, 41.4 ], [ -67.55252, -54.868253333, 41.3 ], [ -67.55252, -54.868253333, 41.2 ], [ -67.552521667, -54.868253333, 41.1 ], [ -67.552528333, -54.868255, 40.8 ], [ -67.552526667, -54.868253333, 40.9 ], [ -67.552526667, -54.868248333, 40.5 ], [ -67.552525, -54.868245, 40.1 ], [ -67.552531667, -54.868243333, 40.0 ], [ -67.552536667, -54.868241667, 39.8 ], [ -67.552538333, -54.86824, 39.5 ], [ -67.552536667, -54.868241667, 39.2 ], [ -67.552543333, -54.868245, 39.2 ], [ -67.552543333, -54.868245, 39.2 ], [ -67.552543333, -54.868245, 39.2 ], [ -67.552543333, -54.868245, 39.2 ], [ -67.552543333, -54.868245, 39.2 ], [ -67.552543333, -54.868245, 39.2 ], [ -67.552571667, -54.86827, 38.8 ], [ -67.552571667, -54.868275, 38.7 ], [ -67.55258, -54.868276667, 38.4 ], [ -67.552588333, -54.868281667, 38.5 ], [ -67.552595, -54.868283333, 38.2 ], [ -67.552603333, -54.868288333, 38.2 ], [ -67.552611667, -54.868293333, 38.1 ], [ -67.55262, -54.8683, 38.3 ], [ -67.552633333, -54.868306667, 38.5 ], [ -67.552651667, -54.868311667, 38.8 ], [ -67.552666667, -54.868316667, 39.2 ], [ -67.552673333, -54.868325, 39.1 ], [ -67.552675, -54.868328333, 39.2 ], [ -67.55268, -54.868336667, 39.2 ], [ -67.552688333, -54.868341667, 39.5 ], [ -67.552695, -54.86834, 39.4 ], [ -67.552705, -54.868336667, 39.3 ], [ -67.552715, -54.868335, 39.3 ], [ -67.552723333, -54.868331667, 39.4 ], [ -67.552735, -54.868331667, 39.2 ], [ -67.552736667, -54.868333333, 39.3 ], [ -67.552743333, -54.86833, 38.9 ], [ -67.552746667, -54.868325, 38.6 ], [ -67.55275, -54.868326667, 38.6 ], [ -67.552748333, -54.868326667, 38.6 ], [ -67.552756667, -54.868325, 38.6 ], [ -67.552761667, -54.868328333, 38.6 ], [ -67.552723333, -54.86835, 38.6 ], [ -67.552708333, -54.868353333, 38.7 ], [ -67.552716667, -54.868356667, 38.7 ], [ -67.552725, -54.868356667, 38.9 ], [ -67.552723333, -54.86836, 38.7 ], [ -67.552715, -54.868356667, 38.6 ], [ -67.552771667, -54.868388333, 37.5 ], [ -67.552801667, -54.86839, 37.2 ], [ -67.552821667, -54.868386667, 37.1 ], [ -67.552835, -54.86839, 37.0 ], [ -67.552845, -54.868383333, 37.0 ], [ -67.552861667, -54.868376667, 36.8 ], [ -67.552861667, -54.868371667, 37.0 ], [ -67.552866667, -54.86837, 36.9 ], [ -67.552868333, -54.868368333, 37.0 ], [ -67.552865, -54.868366667, 37.2 ], [ -67.552861667, -54.86837, 37.8 ], [ -67.552855, -54.868375, 38.4 ], [ -67.55286, -54.868376667, 39.0 ], [ -67.552863333, -54.868378333, 39.1 ], [ -67.55287, -54.86838, 39.2 ], [ -67.552875, -54.86838, 39.2 ], [ -67.55288, -54.86838, 39.2 ], [ -67.552873333, -54.86838, 39.1 ], [ -67.552873333, -54.868376667, 38.9 ], [ -67.552868333, -54.868373333, 38.7 ], [ -67.552865, -54.868368333, 38.5 ], [ -67.552873333, -54.868368333, 38.4 ], [ -67.55287, -54.868366667, 38.7 ], [ -67.55287, -54.868366667, 38.7 ], [ -67.552868333, -54.868366667, 38.7 ], [ -67.552865, -54.86837, 38.4 ], [ -67.55287, -54.868368333, 38.2 ], [ -67.552871667, -54.868366667, 38.3 ], [ -67.552871667, -54.868366667, 38.3 ], [ -67.552871667, -54.868366667, 38.3 ], [ -67.552443333, -54.868576667, 38.2 ], [ -67.552451667, -54.86858, 38.1 ], [ -67.552455, -54.868585, 38.1 ], [ -67.552926667, -54.868388333, 38.2 ], [ -67.552916667, -54.868385, 38.3 ], [ -67.552916667, -54.868385, 38.4 ], [ -67.552898333, -54.868381667, 38.5 ], [ -67.552971667, -54.868345, 38.8 ], [ -67.553021667, -54.868326667, 38.8 ], [ -67.55302, -54.868336667, 38.8 ], [ -67.553018333, -54.868335, 38.8 ], [ -67.553015, -54.868335, 38.8 ], [ -67.553006667, -54.868323333, 38.7 ], [ -67.553003333, -54.868325, 38.7 ], [ -67.55298, -54.868325, 38.9 ], [ -67.552966667, -54.868326667, 38.8 ], [ -67.552963333, -54.868328333, 38.8 ], [ -67.552955, -54.868338333, 38.8 ], [ -67.552915, -54.86836, 38.9 ], [ -67.552895, -54.868365, 39.2 ], [ -67.552888333, -54.868365, 39.3 ], [ -67.552883333, -54.868366667, 39.3 ], [ -67.552878333, -54.868366667, 39.4 ], [ -67.552873333, -54.868366667, 39.5 ], [ -67.552873333, -54.86837, 39.8 ], [ -67.55288, -54.868373333, 40.1 ], [ -67.552888333, -54.868376667, 40.0 ], [ -67.552891667, -54.868378333, 39.7 ], [ -67.5529, -54.868383333, 39.9 ], [ -67.552911667, -54.868388333, 40.0 ], [ -67.552928333, -54.86839, 40.0 ], [ -67.552946667, -54.868391667, 40.1 ], [ -67.552961667, -54.868395, 40.2 ], [ -67.552973333, -54.868396667, 40.5 ], [ -67.552983333, -54.868401667, 40.4 ], [ -67.552991667, -54.868408333, 40.5 ], [ -67.552986667, -54.868406667, 41.0 ], [ -67.552975, -54.868405, 41.4 ], [ -67.552961667, -54.868405, 41.5 ], [ -67.552951667, -54.868401667, 41.6 ], [ -67.552941667, -54.8684, 41.7 ], [ -67.552926667, -54.8684, 42.1 ], [ -67.552906667, -54.868403333, 42.4 ], [ -67.55289, -54.868403333, 42.8 ], [ -67.552881667, -54.8684, 43.2 ], [ -67.552868333, -54.868393333, 43.2 ], [ -67.552863333, -54.868385, 43.3 ], [ -67.552861667, -54.868386667, 43.3 ], [ -67.55286, -54.868388333, 43.5 ], [ -67.552858333, -54.86839, 43.8 ], [ -67.55286, -54.86839, 43.9 ], [ -67.552861667, -54.86839, 44.0 ], [ -67.552861667, -54.868391667, 44.2 ], [ -67.552865, -54.868398333, 44.5 ], [ -67.552866667, -54.868401667, 44.6 ], [ -67.552866667, -54.868401667, 44.6 ], [ -67.552866667, -54.868401667, 44.6 ], [ -67.552866667, -54.868401667, 44.6 ], [ -67.552866667, -54.868401667, 44.6 ], [ -67.552866667, -54.868401667, 44.6 ], [ -67.552866667, -54.868401667, 44.6 ], [ -67.552866667, -54.868401667, 44.6 ], [ -67.552866667, -54.868401667, 44.6 ], [ -67.552866667, -54.868401667, 44.6 ], [ -67.552866667, -54.868401667, 44.6 ], [ -67.552866667, -54.868401667, 44.6 ], [ -67.552866667, -54.868401667, 44.6 ], [ -67.552863333, -54.868395, 43.8 ], [ -67.552875, -54.86839, 43.8 ], [ -67.552876667, -54.86839, 43.9 ], [ -67.552878333, -54.868388333, 43.6 ], [ -67.552878333, -54.86839, 43.3 ], [ -67.552878333, -54.86839, 43.3 ], [ -67.552878333, -54.86839, 43.3 ], [ -67.552878333, -54.86839, 43.3 ], [ -67.552878333, -54.86839, 43.3 ], [ -67.552878333, -54.86839, 43.3 ], [ -67.552878333, -54.86839, 43.3 ], [ -67.552878333, -54.86839, 43.3 ], [ -67.552878333, -54.86839, 43.3 ], [ -67.552878333, -54.86839, 43.3 ], [ -67.552878333, -54.86839, 43.3 ], [ -67.552878333, -54.86839, 43.3 ], [ -67.552878333, -54.86839, 43.3 ], [ -67.552878333, -54.86839, 43.3 ], [ -67.552878333, -54.86839, 43.3 ], [ -67.552878333, -54.86839, 43.3 ], [ -67.552878333, -54.86839, 43.3 ], [ -67.552878333, -54.86839, 43.3 ], [ -67.552878333, -54.86839, 43.3 ], [ -67.552878333, -54.86839, 43.3 ], [ -67.552878333, -54.86839, 43.3 ], [ -67.552878333, -54.86839, 43.3 ], [ -67.552931667, -54.868406667, 43.0 ], [ -67.552943333, -54.868408333, 42.9 ], [ -67.552953333, -54.868406667, 42.8 ], [ -67.552968333, -54.868408333, 42.6 ], [ -67.552976667, -54.86841, 42.5 ], [ -67.55298, -54.86841, 42.1 ], [ -67.552986667, -54.868411667, 42.0 ], [ -67.55299, -54.868413333, 42.0 ], [ -67.552995, -54.868411667, 42.0 ], [ -67.553, -54.868408333, 41.9 ], [ -67.553005, -54.868406667, 41.9 ], [ -67.553005, -54.868406667, 41.7 ], [ -67.553008333, -54.868403333, 42.0 ], [ -67.55302, -54.868405, 42.1 ], [ -67.553031667, -54.868403333, 42.6 ], [ -67.553033333, -54.868398333, 42.9 ], [ -67.553035, -54.868396667, 43.2 ], [ -67.553031667, -54.868393333, 43.5 ], [ -67.553031667, -54.868393333, 43.5 ], [ -67.553031667, -54.868393333, 43.5 ], [ -67.553031667, -54.868393333, 43.5 ], [ -67.553031667, -54.868393333, 43.5 ], [ -67.553031667, -54.868393333, 43.5 ], [ -67.553031667, -54.868393333, 43.5 ], [ -67.553031667, -54.868393333, 43.5 ], [ -67.553041667, -54.868408333, 44.5 ], [ -67.553038333, -54.868411667, 44.2 ], [ -67.553043333, -54.868415, 44.1 ], [ -67.553048333, -54.868416667, 44.1 ], [ -67.553048333, -54.868416667, 44.1 ], [ -67.553048333, -54.868416667, 44.1 ], [ -67.553048333, -54.868416667, 44.1 ], [ -67.553048333, -54.868416667, 44.1 ], [ -67.553048333, -54.868416667, 44.1 ], [ -67.553048333, -54.868416667, 44.1 ], [ -67.553048333, -54.868416667, 44.1 ], [ -67.553048333, -54.868416667, 44.1 ], [ -67.553048333, -54.868416667, 44.1 ], [ -67.553048333, -54.868416667, 44.1 ], [ -67.553048333, -54.868416667, 44.1 ], [ -67.553048333, -54.868416667, 44.1 ], [ -67.553048333, -54.868416667, 44.1 ], [ -67.553048333, -54.868416667, 44.1 ], [ -67.553048333, -54.868416667, 44.1 ], [ -67.553048333, -54.868416667, 44.1 ], [ -67.553048333, -54.868416667, 44.1 ], [ -67.553048333, -54.868416667, 44.1 ], [ -67.553048333, -54.868416667, 44.1 ], [ -67.553048333, -54.868416667, 44.1 ], [ -67.553048333, -54.868416667, 44.1 ], [ -67.553048333, -54.868416667, 44.1 ], [ -67.553048333, -54.868416667, 44.1 ], [ -67.553048333, -54.868416667, 44.1 ], [ -67.553048333, -54.868416667, 44.1 ], [ -67.553048333, -54.868416667, 44.1 ], [ -67.553048333, -54.868416667, 44.1 ], [ -67.553048333, -54.868416667, 44.1 ], [ -67.553048333, -54.868416667, 44.1 ], [ -67.553048333, -54.868416667, 44.1 ], [ -67.553048333, -54.868416667, 44.1 ], [ -67.553033333, -54.868403333, 41.0 ], [ -67.553031667, -54.868395, 40.9 ], [ -67.553045, -54.868373333, 40.5 ], [ -67.553045, -54.868365, 40.4 ], [ -67.553011667, -54.868366667, 40.8 ], [ -67.553013333, -54.868375, 40.8 ], [ -67.553018333, -54.868373333, 40.9 ], [ -67.553025, -54.86837, 41.0 ], [ -67.553026667, -54.868366667, 41.0 ], [ -67.55303, -54.868365, 41.1 ], [ -67.553035, -54.868365, 41.1 ], [ -67.553036667, -54.868366667, 41.2 ], [ -67.55304, -54.868368333, 41.1 ], [ -67.553036667, -54.868368333, 41.1 ], [ -67.553035, -54.868371667, 41.0 ], [ -67.553038333, -54.86837, 40.9 ], [ -67.553038333, -54.86837, 40.9 ], [ -67.553041667, -54.868368333, 40.9 ], [ -67.553041667, -54.86837, 40.8 ], [ -67.553043333, -54.868371667, 40.8 ], [ -67.553043333, -54.868373333, 40.7 ], [ -67.553043333, -54.868375, 40.7 ], [ -67.55304, -54.868376667, 40.7 ], [ -67.553038333, -54.868376667, 40.7 ], [ -67.553038333, -54.868375, 40.6 ], [ -67.553038333, -54.868375, 40.6 ], [ -67.55304, -54.868371667, 40.5 ], [ -67.55304, -54.868371667, 40.4 ], [ -67.55304, -54.86837, 40.4 ], [ -67.553041667, -54.868368333, 40.4 ], [ -67.553041667, -54.868366667, 40.6 ], [ -67.553036667, -54.868365, 40.6 ], [ -67.553035, -54.868361667, 40.7 ], [ -67.553035, -54.868361667, 40.7 ], [ -67.553035, -54.868361667, 40.7 ], [ -67.553035, -54.868361667, 40.7 ], [ -67.553035, -54.868361667, 40.7 ], [ -67.553035, -54.868361667, 40.7 ], [ -67.553035, -54.868361667, 40.7 ], [ -67.553035, -54.868361667, 40.7 ], [ -67.553035, -54.868361667, 40.7 ], [ -67.553035, -54.868361667, 40.7 ], [ -67.553035, -54.868361667, 40.7 ], [ -67.553035, -54.868361667, 40.7 ], [ -67.553035, -54.868361667, 40.7 ], [ -67.553035, -54.868361667, 40.7 ], [ -67.553035, -54.868361667, 40.7 ], [ -67.553035, -54.868361667, 40.7 ], [ -67.553035, -54.868361667, 40.7 ], [ -67.553035, -54.868361667, 40.7 ], [ -67.553035, -54.868361667, 40.7 ], [ -67.553035, -54.868361667, 40.7 ], [ -67.553035, -54.868361667, 40.7 ], [ -67.553035, -54.868361667, 40.7 ], [ -67.553035, -54.868361667, 40.7 ], [ -67.553035, -54.868361667, 40.7 ], [ -67.553035, -54.868361667, 40.7 ], [ -67.553035, -54.868361667, 40.7 ], [ -67.553035, -54.868361667, 40.7 ], [ -67.553035, -54.868361667, 40.7 ], [ -67.553035, -54.868361667, 40.7 ], [ -67.553035, -54.868361667, 40.7 ], [ -67.553035, -54.868361667, 40.7 ], [ -67.553035, -54.868361667, 40.7 ], [ -67.553035, -54.868361667, 40.7 ], [ -67.553035, -54.868361667, 40.7 ], [ -67.553035, -54.868361667, 40.7 ], [ -67.553035, -54.868361667, 40.7 ], [ -67.553035, -54.868361667, 40.7 ], [ -67.553061667, -54.868411667, 42.3 ], [ -67.553068333, -54.868413333, 42.4 ], [ -67.553076667, -54.868415, 42.3 ], [ -67.55308, -54.868418333, 42.1 ], [ -67.553085, -54.86842, 41.9 ], [ -67.553078333, -54.868416667, 42.0 ], [ -67.553081667, -54.868416667, 42.0 ], [ -67.553088333, -54.868416667, 42.0 ], [ -67.553095, -54.868418333, 42.2 ], [ -67.553093333, -54.868421667, 42.1 ], [ -67.55309, -54.868423333, 42.0 ], [ -67.553091667, -54.868423333, 42.1 ], [ -67.553085, -54.868426667, 42.0 ], [ -67.553081667, -54.868435, 42.0 ], [ -67.55308, -54.86844, 42.0 ], [ -67.553081667, -54.868445, 42.0 ], [ -67.553083333, -54.868451667, 42.1 ], [ -67.553086667, -54.86846, 42.1 ], [ -67.55309, -54.868463333, 42.1 ], [ -67.553093333, -54.868468333, 41.8 ], [ -67.55309, -54.868465, 41.4 ], [ -67.55309, -54.868465, 41.4 ], [ -67.55309, -54.868458333, 41.5 ], [ -67.55311, -54.868436667, 41.7 ], [ -67.553101667, -54.868443333, 42.1 ], [ -67.553105, -54.868448333, 41.9 ], [ -67.553088333, -54.868456667, 41.7 ], [ -67.553085, -54.868458333, 41.5 ], [ -67.55309, -54.868461667, 41.5 ], [ -67.553095, -54.868461667, 41.3 ], [ -67.553105, -54.868461667, 41.3 ], [ -67.553113333, -54.86846, 41.3 ], [ -67.553118333, -54.86846, 41.1 ], [ -67.553126667, -54.86846, 41.0 ], [ -67.553126667, -54.868461667, 40.9 ], [ -67.553126667, -54.868461667, 40.6 ], [ -67.55313, -54.86846, 40.5 ], [ -67.553123333, -54.86846, 40.3 ], [ -67.55312, -54.868461667, 40.2 ], [ -67.553116667, -54.868461667, 40.0 ], [ -67.55311, -54.868461667, 39.9 ], [ -67.553103333, -54.868463333, 40.0 ], [ -67.5531, -54.868465, 40.0 ], [ -67.553096667, -54.868465, 40.0 ], [ -67.553093333, -54.868463333, 40.0 ], [ -67.553091667, -54.868461667, 40.0 ], [ -67.553086667, -54.868461667, 40.1 ], [ -67.553085, -54.86846, 40.2 ], [ -67.553083333, -54.86846, 40.3 ], [ -67.553081667, -54.868458333, 40.3 ], [ -67.553078333, -54.868456667, 40.4 ], [ -67.553078333, -54.868458333, 40.4 ], [ -67.553076667, -54.868458333, 40.3 ], [ -67.553076667, -54.86846, 40.3 ], [ -67.553076667, -54.86846, 40.3 ], [ -67.553076667, -54.86846, 40.3 ], [ -67.553076667, -54.86846, 40.3 ], [ -67.553076667, -54.86846, 40.3 ], [ -67.553076667, -54.86846, 40.3 ], [ -67.553076667, -54.86846, 40.3 ], [ -67.553076667, -54.86846, 40.3 ], [ -67.553076667, -54.86846, 40.3 ], [ -67.553076667, -54.86846, 40.3 ], [ -67.553076667, -54.86846, 40.3 ], [ -67.553061667, -54.868443333, 40.2 ], [ -67.553061667, -54.86844, 40.3 ], [ -67.553063333, -54.868433333, 40.2 ], [ -67.553061667, -54.868428333, 40.1 ], [ -67.553063333, -54.868426667, 39.9 ], [ -67.553063333, -54.868425, 40.1 ], [ -67.553061667, -54.86842, 40.2 ], [ -67.553055, -54.868415, 40.4 ], [ -67.553051667, -54.868411667, 40.3 ], [ -67.553046667, -54.868411667, 40.4 ], [ -67.553041667, -54.868405, 40.2 ], [ -67.55303, -54.8684, 40.1 ], [ -67.553031667, -54.868396667, 40.5 ], [ -67.553031667, -54.868398333, 40.9 ], [ -67.553033333, -54.868396667, 41.3 ], [ -67.55303, -54.868401667, 41.4 ], [ -67.553025, -54.868401667, 41.6 ], [ -67.553025, -54.868401667, 41.9 ], [ -67.55302, -54.868398333, 42.4 ], [ -67.553018333, -54.868395, 42.9 ], [ -67.553016667, -54.868391667, 43.4 ], [ -67.553015, -54.868393333, 43.7 ], [ -67.553013333, -54.868395, 43.8 ], [ -67.553013333, -54.868395, 43.8 ], [ -67.553013333, -54.868395, 43.8 ], [ -67.553013333, -54.868395, 43.8 ], [ -67.553013333, -54.868395, 43.8 ], [ -67.553013333, -54.868395, 43.8 ], [ -67.553013333, -54.868395, 43.8 ], [ -67.553013333, -54.868395, 43.8 ], [ -67.552996667, -54.868413333, 44.9 ], [ -67.552981667, -54.868411667, 45.1 ], [ -67.552975, -54.86841, 45.2 ], [ -67.552963333, -54.868408333, 45.2 ], [ -67.552955, -54.868405, 45.4 ], [ -67.552946667, -54.868401667, 45.4 ], [ -67.552948333, -54.868398333, 45.3 ], [ -67.552945, -54.868395, 45.2 ], [ -67.552938333, -54.868395, 45.0 ], [ -67.552926667, -54.868396667, 45.0 ], [ -67.552916667, -54.868398333, 44.7 ], [ -67.552915, -54.868395, 44.6 ], [ -67.552911667, -54.86839, 44.1 ], [ -67.552908333, -54.868386667, 43.8 ], [ -67.552908333, -54.868386667, 43.8 ], [ -67.552908333, -54.868386667, 43.8 ], [ -67.552908333, -54.868386667, 43.8 ], [ -67.552908333, -54.868386667, 43.8 ], [ -67.552908333, -54.868386667, 43.8 ], [ -67.552908333, -54.868386667, 43.8 ], [ -67.552908333, -54.868386667, 43.8 ], [ -67.552908333, -54.868386667, 43.8 ], [ -67.552908333, -54.868386667, 43.8 ], [ -67.552908333, -54.868386667, 43.8 ], [ -67.552908333, -54.868386667, 43.8 ], [ -67.552908333, -54.868386667, 43.8 ], [ -67.552908333, -54.868386667, 43.8 ], [ -67.552908333, -54.868386667, 43.8 ], [ -67.552908333, -54.868386667, 43.8 ], [ -67.552908333, -54.868386667, 43.8 ], [ -67.552908333, -54.868386667, 43.8 ], [ -67.552908333, -54.868386667, 43.8 ], [ -67.552908333, -54.868386667, 43.8 ], [ -67.552908333, -54.868386667, 43.8 ], [ -67.552908333, -54.868386667, 43.8 ], [ -67.552908333, -54.868386667, 43.8 ], [ -67.552908333, -54.868386667, 43.8 ], [ -67.552908333, -54.868386667, 43.8 ], [ -67.552908333, -54.868386667, 43.8 ], [ -67.552908333, -54.868386667, 43.8 ], [ -67.552908333, -54.868386667, 43.8 ], [ -67.552908333, -54.868386667, 43.8 ], [ -67.552908333, -54.868386667, 43.8 ], [ -67.552908333, -54.868386667, 43.8 ], [ -67.552786667, -54.868333333, 41.7 ], [ -67.55278, -54.868331667, 41.6 ], [ -67.552766667, -54.868331667, 41.6 ], [ -67.552758333, -54.868331667, 41.7 ], [ -67.552741667, -54.868333333, 41.7 ], [ -67.552731667, -54.868338333, 41.8 ], [ -67.55272, -54.868338333, 41.8 ], [ -67.552718333, -54.868341667, 41.7 ], [ -67.552718333, -54.868341667, 41.8 ], [ -67.552713333, -54.868341667, 41.8 ], [ -67.55271, -54.868341667, 41.7 ], [ -67.552703333, -54.868341667, 41.7 ], [ -67.552706667, -54.868346667, 41.4 ], [ -67.552705, -54.868348333, 41.4 ], [ -67.552701667, -54.868348333, 41.4 ], [ -67.552693333, -54.868351667, 41.4 ], [ -67.552691667, -54.868351667, 41.3 ], [ -67.552683333, -54.868355, 41.3 ], [ -67.552683333, -54.868355, 41.3 ], [ -67.552683333, -54.868355, 41.3 ], [ -67.552683333, -54.868355, 41.3 ], [ -67.552683333, -54.868355, 41.3 ], [ -67.552683333, -54.868355, 41.3 ], [ -67.552676667, -54.86838, 40.2 ], [ -67.552675, -54.868383333, 40.0 ], [ -67.552673333, -54.86838, 39.9 ], [ -67.552675, -54.868381667, 39.9 ], [ -67.552675, -54.868381667, 39.9 ], [ -67.552675, -54.868381667, 39.9 ], [ -67.552675, -54.868381667, 39.9 ], [ -67.552675, -54.868381667, 39.9 ], [ -67.552675, -54.868381667, 39.9 ], [ -67.552675, -54.868381667, 39.9 ], [ -67.552675, -54.868381667, 39.9 ], [ -67.552675, -54.868381667, 39.9 ], [ -67.55264, -54.86838, 38.9 ], [ -67.552638333, -54.868385, 38.6 ], [ -67.552641667, -54.868393333, 38.4 ], [ -67.55264, -54.868396667, 38.2 ], [ -67.55264, -54.868396667, 38.2 ], [ -67.55264, -54.868396667, 38.2 ], [ -67.55264, -54.868396667, 38.2 ], [ -67.552621667, -54.868405, 37.4 ], [ -67.552613333, -54.86841, 37.4 ], [ -67.552606667, -54.868415, 37.2 ], [ -67.552601667, -54.868415, 37.2 ], [ -67.55259, -54.868413333, 36.8 ], [ -67.55259, -54.868415, 36.6 ], [ -67.55259, -54.868421667, 36.4 ], [ -67.552585, -54.86843, 36.3 ], [ -67.552581667, -54.868431667, 36.3 ], [ -67.552578333, -54.868438333, 36.3 ], [ -67.552576667, -54.868441667, 36.3 ], [ -67.552583333, -54.868445, 36.1 ], [ -67.552583333, -54.868445, 36.0 ], [ -67.552578333, -54.868446667, 35.8 ], [ -67.552576667, -54.868446667, 35.5 ], [ -67.552578333, -54.86845, 35.1 ], [ -67.552578333, -54.86845, 35.1 ], [ -67.552578333, -54.86845, 35.1 ], [ -67.552578333, -54.86845, 35.1 ], [ -67.552578333, -54.86845, 35.1 ], [ -67.552578333, -54.86845, 35.1 ], [ -67.552578333, -54.86845, 35.1 ], [ -67.552578333, -54.86845, 35.1 ], [ -67.552578333, -54.86845, 35.1 ], [ -67.552578333, -54.86845, 35.1 ], [ -67.552566667, -54.86849, 34.8 ], [ -67.552573333, -54.868493333, 34.9 ], [ -67.552576667, -54.868498333, 34.9 ], [ -67.55258, -54.868501667, 35.0 ], [ -67.55258, -54.868501667, 35.0 ], [ -67.55258, -54.868501667, 35.0 ], [ -67.55258, -54.868501667, 35.0 ], [ -67.55258, -54.868501667, 35.0 ], [ -67.552586667, -54.86851, 35.4 ], [ -67.552585, -54.868518333, 35.3 ], [ -67.552575, -54.868525, 35.1 ], [ -67.552563333, -54.868531667, 34.8 ], [ -67.552551667, -54.868533333, 34.2 ], [ -67.552543333, -54.868535, 33.8 ], [ -67.552536667, -54.868535, 33.7 ], [ -67.55254, -54.868533333, 33.7 ], [ -67.55255, -54.868531667, 33.9 ], [ -67.552553333, -54.86853, 34.1 ], [ -67.552548333, -54.868528333, 34.2 ], [ -67.552546667, -54.868526667, 34.2 ], [ -67.552546667, -54.868521667, 33.9 ], [ -67.552548333, -54.868518333, 33.6 ], [ -67.552553333, -54.868516667, 33.2 ], [ -67.552555, -54.868516667, 33.0 ], [ -67.552555, -54.868516667, 33.0 ], [ -67.552555, -54.868516667, 33.0 ], [ -67.552555, -54.868516667, 33.0 ], [ -67.552555, -54.868516667, 33.0 ], [ -67.552555, -54.868516667, 33.0 ], [ -67.552555, -54.868516667, 33.0 ], [ -67.552555, -54.868516667, 33.0 ], [ -67.552555, -54.868516667, 33.0 ], [ -67.55257, -54.868515, 31.0 ], [ -67.55257, -54.868531667, 31.3 ], [ -67.552553333, -54.868553333, 31.0 ], [ -67.552561667, -54.868553333, 30.9 ], [ -67.552556667, -54.868555, 30.9 ], [ -67.552548333, -54.868553333, 30.8 ], [ -67.552546667, -54.868555, 30.7 ], [ -67.552545, -54.868556667, 30.6 ], [ -67.552551667, -54.868551667, 30.4 ], [ -67.552561667, -54.868546667, 30.4 ], [ -67.552556667, -54.86854, 30.4 ], [ -67.552593333, -54.868528333, 30.4 ], [ -67.552606667, -54.86852, 30.5 ], [ -67.552605, -54.868511667, 30.7 ], [ -67.552591667, -54.868501667, 30.8 ], [ -67.552588333, -54.868493333, 30.9 ], [ -67.552581667, -54.868485, 30.9 ], [ -67.552571667, -54.86848, 30.9 ], [ -67.552571667, -54.868473333, 31.1 ], [ -67.552571667, -54.868466667, 31.2 ], [ -67.552576667, -54.86846, 31.5 ], [ -67.552581667, -54.868456667, 31.8 ], [ -67.552585, -54.868453333, 31.7 ], [ -67.552583333, -54.86845, 31.8 ], [ -67.55258, -54.868445, 31.9 ], [ -67.55258, -54.868443333, 32.1 ], [ -67.552575, -54.868441667, 32.1 ], [ -67.552578333, -54.86844, 32.1 ], [ -67.55258, -54.868433333, 32.0 ], [ -67.552576667, -54.86843, 31.9 ], [ -67.552583333, -54.868426667, 31.9 ], [ -67.55259, -54.868425, 31.9 ], [ -67.55259, -54.868425, 31.9 ], [ -67.55259, -54.868425, 31.9 ], [ -67.55259, -54.868425, 31.9 ], [ -67.552611667, -54.868411667, 32.0 ], [ -67.552613333, -54.868408333, 32.0 ], [ -67.552615, -54.868406667, 32.0 ], [ -67.55262, -54.8684, 32.2 ], [ -67.55262, -54.8684, 32.2 ], [ -67.55262, -54.8684, 32.2 ], [ -67.55262, -54.8684, 32.2 ], [ -67.55262, -54.8684, 32.2 ], [ -67.55262, -54.8684, 32.2 ], [ -67.55262, -54.8684, 32.2 ], [ -67.55262, -54.8684, 32.2 ], [ -67.55262, -54.8684, 32.2 ], [ -67.552628333, -54.86836, 33.3 ], [ -67.55263, -54.868353333, 33.4 ], [ -67.55264, -54.868348333, 33.5 ], [ -67.552655, -54.868343333, 33.9 ], [ -67.552653333, -54.868336667, 34.4 ], [ -67.55266, -54.868331667, 34.7 ], [ -67.552661667, -54.868326667, 34.8 ], [ -67.552671667, -54.868321667, 35.2 ], [ -67.55267, -54.868316667, 35.7 ], [ -67.552671667, -54.86831, 36.5 ], [ -67.552666667, -54.868308333, 36.9 ], [ -67.552668333, -54.868305, 37.1 ], [ -67.552666667, -54.868301667, 37.5 ], [ -67.552658333, -54.868298333, 38.0 ], [ -67.552648333, -54.868298333, 38.3 ], [ -67.552638333, -54.868295, 38.6 ], [ -67.552631667, -54.868293333, 38.9 ], [ -67.552625, -54.86829, 39.2 ], [ -67.552613333, -54.868286667, 39.4 ], [ -67.552606667, -54.868285, 39.4 ], [ -67.552596667, -54.868281667, 39.4 ], [ -67.552588333, -54.868281667, 39.5 ], [ -67.55258, -54.86828, 39.8 ], [ -67.55257, -54.86828, 40.2 ], [ -67.552566667, -54.868278333, 40.6 ], [ -67.552561667, -54.868278333, 40.9 ], [ -67.552556667, -54.868278333, 41.0 ], [ -67.552555, -54.868278333, 41.2 ], [ -67.552551667, -54.868278333, 41.3 ], [ -67.55255, -54.868278333, 41.3 ], [ -67.552546667, -54.868275, 41.6 ], [ -67.552546667, -54.868275, 41.6 ], [ -67.552521667, -54.868266667, 42.0 ], [ -67.552523333, -54.86826, 42.2 ], [ -67.552523333, -54.868251667, 42.3 ], [ -67.552523333, -54.868243333, 42.3 ], [ -67.552526667, -54.868245, 42.4 ], [ -67.552528333, -54.868245, 42.4 ], [ -67.552533333, -54.868245, 42.7 ], [ -67.552533333, -54.868245, 42.8 ], [ -67.552528333, -54.868241667, 42.9 ], [ -67.552523333, -54.868238333, 43.0 ], [ -67.552516667, -54.868238333, 43.2 ], [ -67.552508333, -54.868241667, 43.2 ], [ -67.552508333, -54.868241667, 43.3 ], [ -67.552508333, -54.868241667, 43.3 ], [ -67.552508333, -54.868241667, 43.3 ], [ -67.552508333, -54.868241667, 43.3 ], [ -67.552508333, -54.868241667, 43.3 ], [ -67.552465, -54.868243333, 43.6 ], [ -67.552455, -54.868245, 43.6 ], [ -67.55244, -54.868246667, 43.6 ], [ -67.552431667, -54.868243333, 43.4 ], [ -67.552415, -54.868241667, 43.4 ], [ -67.552405, -54.868238333, 43.3 ], [ -67.552398333, -54.868235, 43.3 ], [ -67.552388333, -54.868235, 43.1 ], [ -67.55238, -54.86823, 42.9 ], [ -67.552376667, -54.868226667, 42.7 ], [ -67.552371667, -54.868221667, 42.6 ], [ -67.552365, -54.868216667, 42.2 ], [ -67.552361667, -54.868211667, 42.2 ], [ -67.55235, -54.868211667, 42.2 ], [ -67.552341667, -54.868208333, 42.3 ], [ -67.552335, -54.868205, 42.3 ], [ -67.552323333, -54.868203333, 42.5 ], [ -67.552316667, -54.868201667, 42.6 ], [ -67.552308333, -54.868198333, 42.6 ], [ -67.552298333, -54.868198333, 42.8 ], [ -67.552295, -54.868201667, 43.0 ], [ -67.552285, -54.868195, 43.3 ], [ -67.552278333, -54.868196667, 43.6 ], [ -67.55227, -54.868198333, 43.9 ], [ -67.552261667, -54.868198333, 44.0 ], [ -67.55225, -54.868198333, 44.5 ], [ -67.552243333, -54.8682, 44.6 ], [ -67.552236667, -54.868198333, 44.4 ], [ -67.552225, -54.868198333, 44.3 ], [ -67.552211667, -54.868201667, 44.3 ], [ -67.552203333, -54.868203333, 44.2 ], [ -67.55219, -54.868205, 44.1 ], [ -67.552163333, -54.868208333, 43.9 ], [ -67.552151667, -54.86821, 43.7 ], [ -67.552143333, -54.868206667, 43.5 ], [ -67.552138333, -54.868203333, 43.2 ], [ -67.552133333, -54.868198333, 42.9 ], [ -67.55213, -54.868196667, 42.8 ], [ -67.552121667, -54.868195, 42.7 ], [ -67.552116667, -54.868193333, 42.7 ], [ -67.552115, -54.868188333, 42.5 ], [ -67.552106667, -54.868185, 42.3 ], [ -67.5521, -54.868181667, 42.2 ], [ -67.552091667, -54.868175, 41.7 ], [ -67.55208, -54.868168333, 41.5 ], [ -67.552075, -54.868161667, 41.2 ], [ -67.552071667, -54.868156667, 41.0 ], [ -67.552066667, -54.868151667, 40.9 ], [ -67.552051667, -54.868148333, 40.9 ], [ -67.552041667, -54.868146667, 40.7 ], [ -67.552033333, -54.868146667, 40.8 ], [ -67.55203, -54.868146667, 40.7 ], [ -67.552025, -54.868146667, 40.7 ], [ -67.552025, -54.868146667, 40.7 ], [ -67.552025, -54.868146667, 40.7 ], [ -67.552025, -54.868146667, 40.7 ], [ -67.552025, -54.868146667, 40.7 ], [ -67.552025, -54.868146667, 40.7 ], [ -67.552025, -54.868146667, 40.7 ], [ -67.551938333, -54.868143333, 40.9 ], [ -67.551928333, -54.868143333, 41.0 ], [ -67.551916667, -54.868146667, 41.0 ], [ -67.551911667, -54.868145, 41.0 ], [ -67.551911667, -54.868145, 41.0 ], [ -67.551911667, -54.868145, 41.0 ], [ -67.551911667, -54.868145, 41.0 ], [ -67.551911667, -54.868145, 41.0 ], [ -67.551911667, -54.868145, 41.0 ], [ -67.551911667, -54.868145, 41.0 ], [ -67.551911667, -54.868145, 41.0 ], [ -67.551911667, -54.868145, 41.0 ], [ -67.551911667, -54.868145, 41.0 ], [ -67.551911667, -54.868145, 41.0 ], [ -67.551911667, -54.868145, 41.0 ], [ -67.551911667, -54.868145, 41.0 ], [ -67.551911667, -54.868145, 41.0 ], [ -67.551911667, -54.868145, 41.0 ], [ -67.551911667, -54.868145, 41.0 ], [ -67.551911667, -54.868145, 41.0 ], [ -67.551911667, -54.868145, 41.0 ], [ -67.551911667, -54.868145, 41.0 ], [ -67.551826667, -54.868121667, 41.5 ], [ -67.551816667, -54.86812, 41.4 ], [ -67.55181, -54.868116667, 41.2 ], [ -67.551806667, -54.868115, 40.7 ], [ -67.551806667, -54.868115, 40.7 ], [ -67.551806667, -54.868115, 40.7 ], [ -67.551806667, -54.868115, 40.7 ], [ -67.551788333, -54.8681, 40.8 ], [ -67.551775, -54.868096667, 41.1 ], [ -67.551763333, -54.868095, 41.5 ], [ -67.55176, -54.868093333, 41.7 ], [ -67.551756667, -54.868088333, 41.8 ], [ -67.551756667, -54.868088333, 41.8 ], [ -67.551756667, -54.868088333, 41.8 ], [ -67.551756667, -54.868088333, 41.8 ], [ -67.551736667, -54.868081667, 42.2 ], [ -67.551715, -54.868085, 42.2 ], [ -67.5517, -54.868088333, 42.1 ], [ -67.551695, -54.868093333, 42.0 ], [ -67.551688333, -54.868098333, 41.9 ], [ -67.551673333, -54.868106667, 41.8 ], [ -67.551673333, -54.868106667, 41.8 ], [ -67.551673333, -54.868106667, 41.8 ], [ -67.551643333, -54.86811, 41.9 ], [ -67.55164, -54.86811, 41.7 ], [ -67.551626667, -54.868108333, 41.8 ], [ -67.55161, -54.868108333, 41.7 ], [ -67.551601667, -54.868108333, 41.7 ], [ -67.551588333, -54.868108333, 41.7 ], [ -67.551563333, -54.868113333, 41.6 ], [ -67.551555, -54.868116667, 41.5 ], [ -67.551543333, -54.868116667, 41.2 ], [ -67.551541667, -54.868118333, 41.1 ], [ -67.551538333, -54.868116667, 40.8 ], [ -67.55153, -54.868118333, 40.9 ], [ -67.551525, -54.868116667, 40.8 ], [ -67.55152, -54.868118333, 40.7 ], [ -67.55152, -54.868118333, 40.7 ], [ -67.55152, -54.868118333, 40.7 ], [ -67.55152, -54.868118333, 40.7 ], [ -67.55152, -54.868118333, 40.7 ], [ -67.55152, -54.868118333, 40.7 ], [ -67.55152, -54.868118333, 40.7 ], [ -67.55152, -54.868118333, 40.7 ], [ -67.55152, -54.868118333, 40.7 ], [ -67.55152, -54.868118333, 40.7 ], [ -67.55152, -54.868118333, 40.7 ], [ -67.55152, -54.868118333, 40.7 ], [ -67.55152, -54.868118333, 40.7 ], [ -67.55152, -54.868118333, 40.7 ], [ -67.55152, -54.868118333, 40.7 ], [ -67.55152, -54.868118333, 40.7 ], [ -67.55152, -54.868118333, 40.7 ], [ -67.55152, -54.868118333, 40.7 ], [ -67.55152, -54.868118333, 40.7 ], [ -67.55152, -54.868118333, 40.7 ], [ -67.55152, -54.868118333, 40.7 ], [ -67.55152, -54.868118333, 40.7 ], [ -67.55152, -54.868118333, 40.7 ], [ -67.55152, -54.868118333, 40.7 ], [ -67.55152, -54.868118333, 40.7 ], [ -67.55152, -54.868118333, 40.7 ], [ -67.55152, -54.868118333, 40.7 ], [ -67.55152, -54.868118333, 40.7 ], [ -67.55152, -54.868118333, 40.7 ], [ -67.55152, -54.868118333, 40.7 ], [ -67.55152, -54.868118333, 40.7 ], [ -67.55152, -54.868118333, 40.7 ], [ -67.55152, -54.868118333, 40.7 ], [ -67.55152, -54.868118333, 40.7 ], [ -67.55152, -54.868118333, 40.7 ], [ -67.55152, -54.868118333, 40.7 ], [ -67.55152, -54.868118333, 40.7 ], [ -67.55152, -54.868118333, 40.7 ], [ -67.55152, -54.868118333, 40.7 ], [ -67.55152, -54.868118333, 40.7 ], [ -67.55152, -54.868118333, 40.7 ], [ -67.55152, -54.868118333, 40.7 ], [ -67.55152, -54.868118333, 40.7 ], [ -67.55152, -54.868118333, 40.7 ], [ -67.55152, -54.868118333, 40.7 ], [ -67.55152, -54.868118333, 40.7 ], [ -67.55152, -54.868118333, 40.7 ], [ -67.55152, -54.868118333, 40.7 ], [ -67.55152, -54.868118333, 40.7 ], [ -67.55152, -54.868118333, 40.7 ], [ -67.55152, -54.868118333, 40.7 ], [ -67.55152, -54.868118333, 40.7 ], [ -67.55152, -54.868118333, 40.7 ], [ -67.55152, -54.868118333, 40.7 ], [ -67.55152, -54.868118333, 40.7 ], [ -67.55152, -54.868118333, 40.7 ], [ -67.55152, -54.868118333, 40.7 ], [ -67.55152, -54.868118333, 40.7 ], [ -67.55152, -54.868118333, 40.7 ], [ -67.55152, -54.868118333, 40.7 ], [ -67.55152, -54.868118333, 40.7 ], [ -67.55152, -54.868118333, 40.7 ], [ -67.55152, -54.868118333, 40.7 ], [ -67.55152, -54.868118333, 40.7 ], [ -67.55152, -54.868118333, 40.7 ], [ -67.55152, -54.868118333, 40.7 ], [ -67.55152, -54.868118333, 40.7 ], [ -67.55152, -54.868118333, 40.7 ], [ -67.55152, -54.868118333, 40.7 ], [ -67.55152, -54.868118333, 40.7 ], [ -67.55152, -54.868118333, 40.7 ], [ -67.55152, -54.868118333, 40.7 ], [ -67.55152, -54.868118333, 40.7 ], [ -67.55152, -54.868118333, 40.7 ], [ -67.55152, -54.868118333, 40.7 ], [ -67.55152, -54.868118333, 40.7 ], [ -67.55152, -54.868118333, 40.7 ], [ -67.55152, -54.868118333, 40.7 ], [ -67.55152, -54.868118333, 40.7 ], [ -67.55152, -54.868118333, 40.7 ], [ -67.55152, -54.868118333, 40.7 ], [ -67.55152, -54.868118333, 40.7 ], [ -67.55152, -54.868118333, 40.7 ], [ -67.55152, -54.868118333, 40.7 ], [ -67.55152, -54.868118333, 40.7 ], [ -67.55152, -54.868118333, 40.7 ], [ -67.55152, -54.868118333, 40.7 ], [ -67.55152, -54.868118333, 40.7 ], [ -67.55152, -54.868118333, 40.7 ], [ -67.55152, -54.868118333, 40.7 ], [ -67.55152, -54.868118333, 40.7 ], [ -67.55152, -54.868118333, 40.7 ], [ -67.55152, -54.868118333, 40.7 ], [ -67.55152, -54.868118333, 40.7 ], [ -67.55152, -54.868118333, 40.7 ], [ -67.55152, -54.868118333, 40.7 ], [ -67.55152, -54.868118333, 40.7 ], [ -67.55152, -54.868118333, 40.7 ], [ -67.55152, -54.868118333, 40.7 ], [ -67.55152, -54.868118333, 40.7 ], [ -67.55152, -54.868118333, 40.7 ], [ -67.55152, -54.868118333, 40.7 ], [ -67.55152, -54.868118333, 40.7 ], [ -67.55152, -54.868118333, 40.7 ], [ -67.55152, -54.868118333, 40.7 ], [ -67.551675, -54.868106667, 47.7 ], [ -67.551681667, -54.868106667, 47.5 ], [ -67.551681667, -54.868105, 47.2 ], [ -67.551673333, -54.868103333, 46.9 ], [ -67.551673333, -54.868103333, 46.9 ], [ -67.551673333, -54.868103333, 46.9 ], [ -67.551673333, -54.868103333, 46.9 ], [ -67.551673333, -54.868103333, 46.9 ], [ -67.551673333, -54.868103333, 46.9 ], [ -67.551673333, -54.868103333, 46.9 ], [ -67.551673333, -54.868103333, 46.9 ], [ -67.551673333, -54.868103333, 46.9 ], [ -67.551673333, -54.868103333, 46.9 ], [ -67.551673333, -54.868103333, 46.9 ], [ -67.551673333, -54.868103333, 46.9 ], [ -67.551673333, -54.868103333, 46.9 ], [ -67.551673333, -54.868103333, 46.9 ], [ -67.551673333, -54.868103333, 46.9 ], [ -67.551673333, -54.868103333, 46.9 ], [ -67.551673333, -54.868103333, 46.9 ], [ -67.551673333, -54.868103333, 46.9 ], [ -67.551673333, -54.868103333, 46.9 ], [ -67.551673333, -54.868103333, 46.9 ], [ -67.551673333, -54.868103333, 46.9 ], [ -67.551673333, -54.868103333, 46.9 ], [ -67.551673333, -54.868103333, 46.9 ], [ -67.551673333, -54.868103333, 46.9 ], [ -67.551673333, -54.868103333, 46.9 ], [ -67.551673333, -54.868103333, 46.9 ], [ -67.551673333, -54.868103333, 46.9 ], [ -67.551673333, -54.868103333, 46.9 ], [ -67.551673333, -54.868103333, 46.9 ], [ -67.551673333, -54.868103333, 46.9 ], [ -67.551673333, -54.868103333, 46.9 ], [ -67.551673333, -54.868103333, 46.9 ], [ -67.551673333, -54.868103333, 46.9 ], [ -67.551673333, -54.868103333, 46.9 ], [ -67.551673333, -54.868103333, 46.9 ], [ -67.551673333, -54.868103333, 46.9 ], [ -67.551673333, -54.868103333, 46.9 ], [ -67.551673333, -54.868103333, 46.9 ], [ -67.551673333, -54.868103333, 46.9 ], [ -67.551673333, -54.868103333, 46.9 ], [ -67.551673333, -54.868103333, 46.9 ], [ -67.551673333, -54.868103333, 46.9 ], [ -67.551673333, -54.868103333, 46.9 ], [ -67.551673333, -54.868103333, 46.9 ], [ -67.551673333, -54.868103333, 46.9 ], [ -67.551673333, -54.868103333, 46.9 ], [ -67.551673333, -54.868103333, 46.9 ], [ -67.551673333, -54.868103333, 46.9 ], [ -67.551673333, -54.868103333, 46.9 ], [ -67.551673333, -54.868103333, 46.9 ], [ -67.551673333, -54.868103333, 46.9 ], [ -67.551673333, -54.868103333, 46.9 ], [ -67.551673333, -54.868103333, 46.9 ], [ -67.551673333, -54.868103333, 46.9 ], [ -67.551673333, -54.868103333, 46.9 ], [ -67.551673333, -54.868103333, 46.9 ], [ -67.551673333, -54.868103333, 46.9 ], [ -67.551673333, -54.868103333, 46.9 ], [ -67.551673333, -54.868103333, 46.9 ], [ -67.551673333, -54.868103333, 46.9 ], [ -67.551673333, -54.868103333, 46.9 ], [ -67.551673333, -54.868103333, 46.9 ], [ -67.551673333, -54.868103333, 46.9 ], [ -67.551673333, -54.868103333, 46.9 ], [ -67.551673333, -54.868103333, 46.9 ], [ -67.551673333, -54.868103333, 46.9 ], [ -67.551673333, -54.868103333, 46.9 ], [ -67.551673333, -54.868103333, 46.9 ], [ -67.551673333, -54.868103333, 46.9 ], [ -67.551673333, -54.868103333, 46.9 ], [ -67.551673333, -54.868103333, 46.9 ], [ -67.551618333, -54.868043333, 37.7 ], [ -67.551615, -54.868043333, 37.4 ], [ -67.551611667, -54.868045, 37.4 ], [ -67.551616667, -54.868043333, 37.4 ], [ -67.551616667, -54.868043333, 37.4 ], [ -67.551616667, -54.868043333, 37.4 ], [ -67.551616667, -54.868043333, 37.4 ], [ -67.551616667, -54.868043333, 37.4 ], [ -67.551616667, -54.868043333, 37.4 ], [ -67.551616667, -54.868043333, 37.4 ], [ -67.551616667, -54.868043333, 37.4 ], [ -67.551616667, -54.868043333, 37.4 ], [ -67.551616667, -54.868043333, 37.4 ], [ -67.551616667, -54.868043333, 37.4 ], [ -67.551616667, -54.868043333, 37.4 ], [ -67.551616667, -54.868043333, 37.4 ], [ -67.551616667, -54.868043333, 37.4 ], [ -67.551616667, -54.868043333, 37.4 ], [ -67.551616667, -54.868043333, 37.4 ], [ -67.551616667, -54.868043333, 37.4 ], [ -67.551616667, -54.868043333, 37.4 ], [ -67.551616667, -54.868043333, 37.4 ], [ -67.551616667, -54.868043333, 37.4 ], [ -67.551616667, -54.868043333, 37.4 ], [ -67.551616667, -54.868043333, 37.4 ], [ -67.551616667, -54.868043333, 37.4 ], [ -67.551616667, -54.868043333, 37.4 ], [ -67.551616667, -54.868043333, 37.4 ], [ -67.551616667, -54.868043333, 37.4 ], [ -67.551616667, -54.868043333, 37.4 ], [ -67.551616667, -54.868043333, 37.4 ], [ -67.551616667, -54.868043333, 37.4 ], [ -67.551616667, -54.868043333, 37.4 ], [ -67.551616667, -54.868043333, 37.4 ], [ -67.551616667, -54.868043333, 37.4 ], [ -67.551616667, -54.868043333, 37.4 ], [ -67.551616667, -54.868043333, 37.4 ], [ -67.551616667, -54.868043333, 37.4 ], [ -67.551616667, -54.868043333, 37.4 ], [ -67.551616667, -54.868043333, 37.4 ], [ -67.551616667, -54.868043333, 37.4 ], [ -67.551616667, -54.868043333, 37.4 ], [ -67.551616667, -54.868043333, 37.4 ], [ -67.551616667, -54.868043333, 37.4 ], [ -67.551616667, -54.868043333, 37.4 ], [ -67.551616667, -54.868043333, 37.4 ], [ -67.551616667, -54.868043333, 37.4 ], [ -67.551616667, -54.868043333, 37.4 ], [ -67.551616667, -54.868043333, 37.4 ], [ -67.551616667, -54.868043333, 37.4 ], [ -67.551616667, -54.868043333, 37.4 ], [ -67.551616667, -54.868043333, 37.4 ], [ -67.551616667, -54.868043333, 37.4 ], [ -67.551616667, -54.868043333, 37.4 ], [ -67.551616667, -54.868043333, 37.4 ], [ -67.551616667, -54.868043333, 37.4 ], [ -67.551616667, -54.868043333, 37.4 ], [ -67.551616667, -54.868043333, 37.4 ], [ -67.551616667, -54.868043333, 37.4 ], [ -67.551616667, -54.868043333, 37.4 ], [ -67.551616667, -54.868043333, 37.4 ], [ -67.551616667, -54.868043333, 37.4 ], [ -67.551616667, -54.868043333, 37.4 ], [ -67.551616667, -54.868043333, 37.4 ], [ -67.55158, -54.868103333, 37.3 ], [ -67.551581667, -54.868108333, 37.4 ], [ -67.551575, -54.868116667, 37.5 ], [ -67.551566667, -54.868126667, 37.6 ], [ -67.551556667, -54.868135, 37.9 ], [ -67.55154, -54.868145, 38.0 ], [ -67.551526667, -54.868153333, 38.2 ], [ -67.55152, -54.86816, 38.4 ], [ -67.551508333, -54.868168333, 38.3 ], [ -67.551501667, -54.868173333, 38.4 ], [ -67.55149, -54.868176667, 38.3 ], [ -67.551481667, -54.868183333, 38.6 ], [ -67.551473333, -54.868191667, 38.5 ], [ -67.551466667, -54.868198333, 38.5 ], [ -67.551453333, -54.8682, 38.3 ], [ -67.551441667, -54.868206667, 38.3 ], [ -67.551441667, -54.868215, 38.2 ], [ -67.551436667, -54.868225, 38.0 ], [ -67.551436667, -54.868235, 38.0 ], [ -67.551438333, -54.86824, 37.9 ], [ -67.55144, -54.868245, 37.7 ], [ -67.55144, -54.868253333, 37.6 ], [ -67.551448333, -54.86826, 37.7 ], [ -67.551456667, -54.868268333, 37.8 ], [ -67.551458333, -54.868268333, 37.6 ], [ -67.551458333, -54.868265, 37.4 ], [ -67.551446667, -54.868268333, 37.6 ], [ -67.55144, -54.868268333, 37.3 ], [ -67.551431667, -54.868268333, 37.0 ], [ -67.55142, -54.868266667, 36.8 ], [ -67.551413333, -54.868263333, 36.5 ], [ -67.551401667, -54.868261667, 36.2 ], [ -67.551386667, -54.868256667, 35.7 ], [ -67.551371667, -54.868258333, 35.1 ], [ -67.551373333, -54.868258333, 35.1 ], [ -67.551376667, -54.868261667, 35.0 ], [ -67.551383333, -54.86827, 34.9 ], [ -67.551391667, -54.868271667, 34.7 ], [ -67.551391667, -54.868271667, 34.7 ], [ -67.551391667, -54.868271667, 34.7 ], [ -67.551391667, -54.868271667, 34.7 ], [ -67.551391667, -54.868271667, 34.7 ], [ -67.551391667, -54.868271667, 34.7 ], [ -67.551391667, -54.868271667, 34.7 ], [ -67.55141, -54.86827, 34.0 ], [ -67.551405, -54.868261667, 33.8 ], [ -67.551381667, -54.868253333, 33.8 ], [ -67.551366667, -54.868243333, 33.6 ], [ -67.551348333, -54.868235, 33.5 ], [ -67.551325, -54.868225, 33.3 ], [ -67.551298333, -54.868213333, 33.0 ], [ -67.551278333, -54.868206667, 32.8 ], [ -67.551253333, -54.868196667, 32.4 ], [ -67.551233333, -54.868186667, 31.9 ], [ -67.551221667, -54.86818, 31.7 ], [ -67.551215, -54.868178333, 31.7 ], [ -67.55119, -54.868183333, 32.0 ], [ -67.55118, -54.868185, 32.0 ], [ -67.551165, -54.868188333, 32.1 ], [ -67.55117, -54.868188333, 32.1 ], [ -67.55117, -54.86819, 31.9 ], [ -67.55117, -54.868191667, 31.8 ], [ -67.551161667, -54.868186667, 31.6 ], [ -67.55116, -54.868185, 31.4 ], [ -67.551153333, -54.868181667, 31.2 ], [ -67.551136667, -54.86818, 31.4 ], [ -67.551125, -54.86818, 31.5 ], [ -67.551111667, -54.86818, 31.5 ], [ -67.551111667, -54.86818, 31.5 ], [ -67.551096667, -54.86817, 31.8 ], [ -67.551083333, -54.868168333, 31.8 ], [ -67.55107, -54.86817, 32.0 ], [ -67.551048333, -54.868175, 32.0 ], [ -67.551031667, -54.868173333, 32.0 ], [ -67.551011667, -54.868176667, 32.0 ], [ -67.551008333, -54.86818, 31.6 ], [ -67.551008333, -54.868181667, 31.7 ], [ -67.551008333, -54.868181667, 31.7 ], [ -67.551016667, -54.868183333, 31.7 ], [ -67.55102, -54.86818, 31.4 ], [ -67.551023333, -54.868178333, 31.0 ], [ -67.551023333, -54.868178333, 31.0 ], [ -67.551023333, -54.868178333, 31.0 ], [ -67.551023333, -54.868178333, 31.0 ], [ -67.551023333, -54.868178333, 31.0 ], [ -67.551023333, -54.868178333, 31.0 ], [ -67.551023333, -54.868178333, 31.0 ], [ -67.551023333, -54.868178333, 31.0 ], [ -67.551023333, -54.868178333, 31.0 ], [ -67.551023333, -54.868178333, 31.0 ], [ -67.551023333, -54.868178333, 31.0 ], [ -67.551023333, -54.868178333, 31.0 ], [ -67.551023333, -54.868178333, 31.0 ], [ -67.551023333, -54.868178333, 31.0 ], [ -67.551023333, -54.868178333, 31.0 ], [ -67.551023333, -54.868178333, 31.0 ], [ -67.551023333, -54.868178333, 31.0 ], [ -67.551023333, -54.868178333, 31.0 ], [ -67.551023333, -54.868178333, 31.0 ], [ -67.551023333, -54.868178333, 31.0 ], [ -67.550948333, -54.868191667, 31.2 ], [ -67.550928333, -54.868186667, 31.3 ], [ -67.550916667, -54.868183333, 31.2 ], [ -67.5509, -54.86818, 31.2 ], [ -67.550888333, -54.86818, 31.4 ], [ -67.55088, -54.868181667, 31.6 ], [ -67.550876667, -54.868178333, 32.0 ], [ -67.550876667, -54.868176667, 32.3 ], [ -67.550871667, -54.868178333, 32.7 ], [ -67.550868333, -54.868181667, 33.2 ], [ -67.550865, -54.868181667, 33.4 ], [ -67.55086, -54.868181667, 33.6 ], [ -67.550856667, -54.868188333, 33.8 ], [ -67.550853333, -54.868188333, 34.0 ], [ -67.55085, -54.868195, 34.4 ], [ -67.55085, -54.868195, 34.4 ], [ -67.550858333, -54.868211667, 34.2 ], [ -67.550856667, -54.868215, 34.0 ], [ -67.55085, -54.868215, 33.7 ], [ -67.550848333, -54.868216667, 33.4 ], [ -67.550848333, -54.868216667, 33.4 ], [ -67.550841667, -54.868225, 33.2 ], [ -67.550845, -54.868231667, 32.8 ], [ -67.550841667, -54.868233333, 32.4 ], [ -67.550845, -54.868236667, 31.6 ], [ -67.550846667, -54.868246667, 31.7 ], [ -67.55084, -54.868258333, 31.8 ], [ -67.550835, -54.868263333, 31.7 ], [ -67.55083, -54.868265, 31.7 ], [ -67.550826667, -54.868263333, 31.7 ], [ -67.550826667, -54.86827, 31.6 ], [ -67.550826667, -54.868273333, 31.5 ], [ -67.550828333, -54.868271667, 31.3 ], [ -67.550833333, -54.868275, 31.0 ], [ -67.550833333, -54.868276667, 31.0 ], [ -67.55083, -54.868281667, 30.8 ], [ -67.550828333, -54.868285, 30.7 ], [ -67.550825, -54.868283333, 30.3 ], [ -67.55083, -54.868286667, 30.1 ], [ -67.550835, -54.868288333, 29.9 ], [ -67.550843333, -54.86829, 29.7 ], [ -67.55086, -54.868293333, 29.4 ], [ -67.550876667, -54.868298333, 29.4 ], [ -67.550881667, -54.868303333, 29.2 ], [ -67.55088, -54.868301667, 29.3 ], [ -67.550868333, -54.868303333, 29.0 ], [ -67.55086, -54.868305, 28.8 ], [ -67.550848333, -54.86831, 28.6 ], [ -67.550848333, -54.868311667, 28.5 ], [ -67.550853333, -54.868311667, 28.5 ], [ -67.550851667, -54.868315, 28.4 ], [ -67.550851667, -54.868318333, 28.4 ], [ -67.550855, -54.868321667, 27.9 ], [ -67.550851667, -54.868321667, 27.4 ], [ -67.550846667, -54.868318333, 26.9 ], [ -67.55085, -54.86832, 26.5 ], [ -67.55085, -54.868321667, 25.9 ], [ -67.550848333, -54.86832, 25.5 ], [ -67.550848333, -54.868323333, 25.1 ], [ -67.550851667, -54.868326667, 24.6 ], [ -67.550851667, -54.868331667, 24.3 ], [ -67.550846667, -54.868338333, 23.8 ], [ -67.550845, -54.868341667, 23.5 ], [ -67.550845, -54.868348333, 23.3 ], [ -67.55084, -54.868358333, 23.4 ], [ -67.550831667, -54.868366667, 23.5 ], [ -67.550815, -54.868373333, 23.4 ], [ -67.5508, -54.868381667, 23.2 ], [ -67.550781667, -54.868388333, 22.9 ], [ -67.550765, -54.868391667, 22.8 ], [ -67.550751667, -54.8684, 22.8 ], [ -67.550738333, -54.86841, 23.1 ], [ -67.55073, -54.868416667, 22.8 ], [ -67.550725, -54.868425, 22.9 ], [ -67.550715, -54.868433333, 23.0 ], [ -67.550705, -54.868441667, 23.5 ], [ -67.550695, -54.868445, 23.4 ], [ -67.550688333, -54.868451667, 23.7 ], [ -67.55068, -54.868453333, 23.7 ], [ -67.550668333, -54.868455, 23.9 ], [ -67.550648333, -54.868461667, 23.7 ], [ -67.550635, -54.868466667, 23.4 ], [ -67.550625, -54.868478333, 23.1 ], [ -67.550623333, -54.868488333, 23.1 ], [ -67.550623333, -54.868496667, 23.1 ], [ -67.550616667, -54.868496667, 22.4 ], [ -67.550615, -54.868498333, 21.9 ], [ -67.550611667, -54.868501667, 21.4 ], [ -67.55061, -54.868506667, 20.9 ], [ -67.550605, -54.86852, 20.4 ], [ -67.550593333, -54.868528333, 19.5 ], [ -67.550586667, -54.868538333, 19.4 ], [ -67.55058, -54.86854, 18.9 ], [ -67.550571667, -54.868545, 18.8 ], [ -67.550565, -54.86855, 18.9 ], [ -67.550561667, -54.868551667, 18.7 ], [ -67.55056, -54.868558333, 18.9 ], [ -67.55056, -54.868561667, 18.9 ], [ -67.55056, -54.868563333, 18.9 ], [ -67.550561667, -54.868563333, 19.0 ], [ -67.55057, -54.868563333, 19.0 ], [ -67.550568333, -54.868563333, 18.9 ], [ -67.550561667, -54.868561667, 18.8 ], [ -67.550558333, -54.86856, 18.8 ], [ -67.55056, -54.868558333, 18.8 ], [ -67.550558333, -54.868558333, 18.7 ], [ -67.550558333, -54.868558333, 18.7 ], [ -67.550558333, -54.868558333, 18.7 ], [ -67.550558333, -54.868558333, 18.7 ], [ -67.550581667, -54.868565, 18.0 ], [ -67.55058, -54.868568333, 18.0 ], [ -67.55058, -54.86857, 17.8 ], [ -67.550576667, -54.868568333, 17.8 ], [ -67.550576667, -54.868568333, 17.8 ], [ -67.550576667, -54.868568333, 17.8 ], [ -67.55057, -54.868571667, 17.9 ], [ -67.550585, -54.86857, 18.2 ], [ -67.550591667, -54.868568333, 17.9 ], [ -67.55059, -54.86857, 17.8 ], [ -67.550576667, -54.868571667, 17.8 ], [ -67.55057, -54.868573333, 17.6 ], [ -67.550563333, -54.868575, 17.5 ], [ -67.550555, -54.868581667, 17.8 ], [ -67.550555, -54.868585, 18.2 ], [ -67.550555, -54.868583333, 18.3 ], [ -67.550561667, -54.86858, 18.5 ], [ -67.550565, -54.868576667, 18.4 ], [ -67.550565, -54.868576667, 18.4 ], [ -67.550565, -54.868576667, 18.4 ], [ -67.550565, -54.868576667, 18.4 ], [ -67.550565, -54.868576667, 18.4 ], [ -67.550565, -54.868576667, 18.4 ], [ -67.550565, -54.868576667, 18.4 ], [ -67.550565, -54.868576667, 18.4 ], [ -67.550565, -54.868576667, 18.4 ], [ -67.550565, -54.868576667, 18.4 ], [ -67.550565, -54.868576667, 18.4 ], [ -67.550565, -54.868576667, 18.4 ], [ -67.550565, -54.868576667, 18.4 ], [ -67.550543333, -54.868545, 18.3 ], [ -67.550528333, -54.86854, 18.1 ], [ -67.550516667, -54.868536667, 18.2 ], [ -67.550501667, -54.868533333, 18.2 ], [ -67.550491667, -54.86853, 18.3 ], [ -67.550478333, -54.868526667, 18.4 ], [ -67.550461667, -54.868521667, 18.4 ], [ -67.550441667, -54.868521667, 18.4 ], [ -67.55042, -54.868521667, 18.4 ], [ -67.5504, -54.868521667, 18.5 ], [ -67.550398333, -54.868516667, 18.4 ], [ -67.550381667, -54.868516667, 18.6 ], [ -67.550365, -54.868518333, 18.6 ], [ -67.550353333, -54.868526667, 18.7 ], [ -67.550348333, -54.868526667, 18.7 ], [ -67.550343333, -54.868523333, 18.6 ], [ -67.55035, -54.868513333, 18.7 ], [ -67.550356667, -54.868505, 18.8 ], [ -67.550355, -54.868506667, 18.8 ], [ -67.55036, -54.868503333, 18.5 ], [ -67.55034, -54.86851, 18.3 ], [ -67.550356667, -54.868486667, 18.5 ], [ -67.550348333, -54.868435, 18.3 ], [ -67.550358333, -54.868416667, 18.3 ], [ -67.550273333, -54.868448333, 18.3 ], [ -67.550133333, -54.868558333, 18.2 ], [ -67.549973333, -54.868531667, 18.2 ], [ -67.550038333, -54.868511667, 18.1 ], [ -67.55005, -54.868513333, 18.2 ], [ -67.550081667, -54.868491667, 18.2 ], [ -67.550073333, -54.868498333, 18.2 ], [ -67.549983333, -54.868496667, 18.2 ], [ -67.549888333, -54.868496667, 18.2 ], [ -67.549823333, -54.868465, 18.2 ], [ -67.54981, -54.868441667, 18.2 ], [ -67.549813333, -54.868398333, 18.1 ], [ -67.549826667, -54.868373333, 18.1 ], [ -67.549825, -54.86835, 18.2 ], [ -67.549798333, -54.868351667, 18.1 ], [ -67.549741667, -54.868356667, 18.0 ], [ -67.549721667, -54.868351667, 18.5 ], [ -67.549758333, -54.868345, 18.9 ], [ -67.549791667, -54.868353333, 18.9 ], [ -67.549888333, -54.868383333, 18.4 ], [ -67.549953333, -54.868408333, 18.2 ], [ -67.549998333, -54.86843, 18.1 ], [ -67.550031667, -54.868445, 18.0 ], [ -67.550053333, -54.86845, 18.0 ], [ -67.550061667, -54.868453333, 17.9 ], [ -67.550068333, -54.868456667, 17.8 ], [ -67.550071667, -54.868461667, 17.7 ], [ -67.550073333, -54.868463333, 17.6 ], [ -67.550078333, -54.868465, 17.8 ], [ -67.550078333, -54.868463333, 17.8 ], [ -67.550076667, -54.868466667, 17.8 ], [ -67.550075, -54.868466667, 17.8 ], [ -67.550075, -54.868466667, 17.8 ], [ -67.550075, -54.868466667, 17.8 ], [ -67.550075, -54.868466667, 17.8 ], [ -67.550085, -54.868468333, 17.7 ], [ -67.550103333, -54.868466667, 17.5 ], [ -67.55012, -54.868466667, 17.2 ], [ -67.550131667, -54.868465, 17.1 ], [ -67.550143333, -54.868465, 17.0 ], [ -67.550155, -54.868465, 17.0 ], [ -67.550168333, -54.868463333, 16.8 ], [ -67.550181667, -54.868465, 16.4 ], [ -67.5502, -54.868468333, 16.4 ], [ -67.550203333, -54.868473333, 16.4 ], [ -67.550203333, -54.868475, 16.7 ], [ -67.550201667, -54.868473333, 17.1 ], [ -67.550201667, -54.868473333, 17.5 ], [ -67.550208333, -54.868475, 17.5 ], [ -67.550213333, -54.868476667, 17.6 ], [ -67.550213333, -54.868475, 17.6 ], [ -67.550215, -54.868473333, 17.9 ], [ -67.550213333, -54.868478333, 18.0 ], [ -67.550211667, -54.868483333, 18.0 ], [ -67.550211667, -54.868483333, 18.0 ], [ -67.550211667, -54.868483333, 18.0 ], [ -67.550211667, -54.868483333, 18.0 ], [ -67.550211667, -54.868483333, 18.0 ], [ -67.550211667, -54.868483333, 18.0 ], [ -67.550211667, -54.868483333, 18.0 ], [ -67.55022, -54.868488333, 17.8 ], [ -67.550211667, -54.868493333, 17.8 ], [ -67.550195, -54.868496667, 18.1 ], [ -67.550176667, -54.868495, 18.4 ], [ -67.550165, -54.868496667, 18.6 ], [ -67.550168333, -54.868496667, 19.2 ], [ -67.550166667, -54.868496667, 19.7 ], [ -67.55017, -54.868495, 19.9 ], [ -67.550175, -54.868493333, 19.8 ], [ -67.550178333, -54.868488333, 19.9 ], [ -67.55018, -54.868488333, 19.6 ], [ -67.550181667, -54.868486667, 19.4 ], [ -67.550181667, -54.868488333, 19.5 ], [ -67.550175, -54.868488333, 19.6 ], [ -67.550163333, -54.868488333, 19.7 ], [ -67.550151667, -54.86849, 19.6 ], [ -67.550131667, -54.86849, 19.5 ], [ -67.550115, -54.868491667, 19.4 ], [ -67.550198333, -54.868435, 19.4 ], [ -67.54999, -54.868533333, 19.3 ], [ -67.550041667, -54.868495, 19.0 ], [ -67.55004, -54.86849, 19.3 ], [ -67.550036667, -54.868486667, 19.1 ], [ -67.55003, -54.868483333, 18.9 ], [ -67.550025, -54.868481667, 18.7 ], [ -67.550021667, -54.86848, 18.5 ], [ -67.55001, -54.868481667, 18.4 ], [ -67.549993333, -54.86848, 18.3 ], [ -67.549978333, -54.868481667, 18.7 ], [ -67.549965, -54.868485, 18.9 ], [ -67.549953333, -54.868483333, 19.1 ], [ -67.54994, -54.86848, 19.2 ], [ -67.549926667, -54.86848, 19.3 ], [ -67.549918333, -54.868481667, 19.5 ], [ -67.549908333, -54.86848, 19.4 ], [ -67.549896667, -54.868476667, 19.3 ], [ -67.54989, -54.868476667, 19.1 ], [ -67.549888333, -54.868475, 19.2 ], [ -67.549886667, -54.868473333, 19.2 ], [ -67.549876667, -54.86847, 19.2 ], [ -67.549866667, -54.868466667, 19.2 ], [ -67.54986, -54.868466667, 19.3 ], [ -67.549843333, -54.868461667, 19.6 ], [ -67.54983, -54.868456667, 19.8 ], [ -67.54982, -54.868455, 19.9 ], [ -67.549813333, -54.868453333, 19.9 ], [ -67.5498, -54.868455, 19.8 ], [ -67.54979, -54.868453333, 19.8 ], [ -67.549773333, -54.868455, 19.6 ], [ -67.549756667, -54.868453333, 19.5 ], [ -67.54974, -54.868451667, 19.4 ], [ -67.549725, -54.868448333, 19.2 ], [ -67.54971, -54.868446667, 19.1 ], [ -67.549698333, -54.868443333, 19.0 ], [ -67.54969, -54.868443333, 18.9 ], [ -67.549681667, -54.868443333, 19.0 ], [ -67.549676667, -54.868443333, 18.9 ], [ -67.549673333, -54.868441667, 18.7 ], [ -67.549676667, -54.868438333, 18.8 ], [ -67.549676667, -54.868438333, 18.8 ], [ -67.549666667, -54.86843, 18.8 ], [ -67.549666667, -54.868433333, 18.6 ], [ -67.549646667, -54.8684, 19.0 ], [ -67.549641667, -54.868376667, 18.7 ], [ -67.549643333, -54.868376667, 18.8 ], [ -67.549643333, -54.86835, 18.0 ], [ -67.549688333, -54.868363333, 18.5 ], [ -67.549685, -54.868403333, 19.8 ], [ -67.549673333, -54.868425, 20.2 ], [ -67.549651667, -54.86842, 20.3 ], [ -67.549638333, -54.868421667, 20.7 ], [ -67.549633333, -54.868433333, 20.3 ], [ -67.549633333, -54.868436667, 19.8 ], [ -67.549651667, -54.868436667, 19.4 ], [ -67.549675, -54.86843, 19.1 ], [ -67.549691667, -54.868425, 18.7 ], [ -67.549688333, -54.868421667, 18.6 ], [ -67.549685, -54.868418333, 18.6 ], [ -67.549686667, -54.868408333, 18.5 ], [ -67.549678333, -54.86841, 18.5 ], [ -67.549663333, -54.86841, 18.5 ], [ -67.54966, -54.868413333, 18.7 ], [ -67.549665, -54.868416667, 18.8 ], [ -67.549665, -54.868416667, 18.9 ], [ -67.549665, -54.86842, 19.0 ], [ -67.549663333, -54.868425, 19.3 ], [ -67.549656667, -54.868426667, 19.4 ], [ -67.54965, -54.868428333, 19.5 ], [ -67.549638333, -54.868428333, 19.5 ], [ -67.549621667, -54.86843, 19.4 ], [ -67.54961, -54.868433333, 19.4 ], [ -67.549596667, -54.868433333, 19.3 ], [ -67.54958, -54.868433333, 19.2 ], [ -67.549561667, -54.868433333, 19.1 ], [ -67.549555, -54.868428333, 19.0 ], [ -67.54955, -54.868425, 18.9 ], [ -67.549536667, -54.868425, 18.9 ], [ -67.549525, -54.868421667, 18.9 ], [ -67.549511667, -54.868416667, 18.8 ], [ -67.549496667, -54.868413333, 18.4 ], [ -67.549491667, -54.868408333, 18.0 ], [ -67.549476667, -54.868406667, 18.0 ], [ -67.54946, -54.868403333, 18.1 ], [ -67.54944, -54.868405, 17.9 ], [ -67.54943, -54.868405, 17.8 ], [ -67.54942, -54.868406667, 17.9 ], [ -67.549405, -54.868405, 18.0 ], [ -67.549391667, -54.868405, 18.0 ], [ -67.549381667, -54.868403333, 18.2 ], [ -67.54937, -54.868401667, 18.4 ], [ -67.549361667, -54.868401667, 18.4 ], [ -67.549355, -54.868401667, 18.3 ], [ -67.549345, -54.8684, 18.0 ], [ -67.549338333, -54.868398333, 17.9 ], [ -67.549331667, -54.868396667, 17.9 ], [ -67.549321667, -54.868395, 17.8 ], [ -67.549313333, -54.868395, 17.8 ], [ -67.549303333, -54.868391667, 17.9 ], [ -67.549295, -54.868391667, 18.1 ], [ -67.549286667, -54.868388333, 18.1 ], [ -67.549276667, -54.86839, 18.2 ], [ -67.54927, -54.86839, 18.0 ], [ -67.549256667, -54.868386667, 17.8 ], [ -67.549248333, -54.868385, 17.7 ], [ -67.549243333, -54.868383333, 17.6 ], [ -67.549235, -54.868381667, 17.7 ], [ -67.549228333, -54.86838, 17.9 ], [ -67.549221667, -54.868381667, 18.1 ], [ -67.54921, -54.86838, 18.3 ], [ -67.549198333, -54.86838, 18.4 ], [ -67.549186667, -54.868383333, 18.5 ], [ -67.549175, -54.868383333, 18.4 ], [ -67.549166667, -54.868385, 18.6 ], [ -67.549168333, -54.868386667, 18.8 ], [ -67.54917, -54.868385, 18.8 ], [ -67.549171667, -54.868383333, 18.8 ], [ -67.549171667, -54.868381667, 18.8 ], [ -67.549171667, -54.86838, 18.6 ], [ -67.549173333, -54.868378333, 18.6 ], [ -67.549173333, -54.868378333, 18.6 ], [ -67.549173333, -54.868378333, 18.6 ], [ -67.549173333, -54.868378333, 18.6 ], [ -67.549173333, -54.868378333, 18.6 ], [ -67.549173333, -54.868378333, 18.6 ], [ -67.549173333, -54.868378333, 18.6 ], [ -67.549173333, -54.868378333, 18.6 ], [ -67.549173333, -54.868378333, 18.6 ], [ -67.549215, -54.868373333, 18.0 ], [ -67.549226667, -54.868373333, 17.6 ], [ -67.54924, -54.86837, 17.3 ], [ -67.549251667, -54.868371667, 17.0 ], [ -67.54926, -54.868373333, 16.8 ], [ -67.549273333, -54.868375, 16.6 ], [ -67.549288333, -54.868375, 16.3 ], [ -67.5493, -54.868371667, 16.3 ], [ -67.549301667, -54.868371667, 16.6 ], [ -67.549303333, -54.868373333, 16.8 ], [ -67.549303333, -54.868378333, 17.1 ], [ -67.549303333, -54.868381667, 17.3 ], [ -67.549301667, -54.868386667, 17.4 ], [ -67.549298333, -54.868393333, 17.7 ], [ -67.549296667, -54.868395, 17.8 ], [ -67.5493, -54.868398333, 18.0 ], [ -67.5493, -54.868398333, 18.0 ], [ -67.5493, -54.868398333, 18.0 ], [ -67.5493, -54.868398333, 18.0 ], [ -67.5493, -54.868398333, 18.0 ], [ -67.5493, -54.868398333, 18.0 ], [ -67.5493, -54.868398333, 18.0 ], [ -67.5493, -54.868398333, 18.0 ], [ -67.5493, -54.868398333, 18.0 ], [ -67.5493, -54.868398333, 18.0 ], [ -67.5493, -54.868398333, 18.0 ], [ -67.5493, -54.868398333, 18.0 ], [ -67.5493, -54.868398333, 18.0 ], [ -67.5493, -54.868398333, 18.0 ], [ -67.5493, -54.868398333, 18.0 ], [ -67.54927, -54.868408333, 17.8 ], [ -67.549248333, -54.86839, 17.9 ], [ -67.54921, -54.868398333, 18.3 ], [ -67.549161667, -54.868405, 18.7 ], [ -67.549158333, -54.868406667, 18.8 ], [ -67.549105, -54.868403333, 19.3 ], [ -67.549098333, -54.868411667, 19.3 ], [ -67.549126667, -54.868421667, 19.2 ], [ -67.549105, -54.868441667, 19.2 ], [ -67.549126667, -54.868411667, 19.2 ], [ -67.549126667, -54.8684, 19.3 ], [ -67.549118333, -54.868393333, 19.6 ], [ -67.549106667, -54.86839, 19.7 ], [ -67.549103333, -54.868386667, 19.7 ], [ -67.549095, -54.868383333, 19.3 ], [ -67.549085, -54.86838, 19.2 ], [ -67.549071667, -54.868375, 19.1 ], [ -67.549061667, -54.868371667, 19.1 ], [ -67.54905, -54.868368333, 19.0 ], [ -67.549036667, -54.868366667, 19.0 ], [ -67.549023333, -54.868365, 18.7 ], [ -67.54901, -54.868363333, 18.4 ], [ -67.549, -54.86836, 18.5 ], [ -67.548986667, -54.86836, 18.7 ], [ -67.548975, -54.868358333, 18.7 ], [ -67.548963333, -54.868356667, 18.7 ], [ -67.548951667, -54.868355, 18.6 ], [ -67.548948333, -54.868356667, 18.2 ], [ -67.548946667, -54.868356667, 18.3 ], [ -67.548948333, -54.868356667, 18.2 ], [ -67.548951667, -54.868356667, 18.3 ], [ -67.548956667, -54.868355, 18.3 ], [ -67.548958333, -54.868355, 18.4 ], [ -67.548948333, -54.868356667, 18.5 ], [ -67.548933333, -54.868356667, 18.6 ], [ -67.548916667, -54.868356667, 18.8 ], [ -67.548898333, -54.868355, 18.8 ], [ -67.548886667, -54.868353333, 19.0 ], [ -67.548871667, -54.868355, 19.4 ], [ -67.548858333, -54.868353333, 19.2 ], [ -67.548845, -54.868353333, 19.3 ], [ -67.548831667, -54.868351667, 19.2 ], [ -67.548818333, -54.868346667, 19.1 ], [ -67.548801667, -54.868345, 18.8 ], [ -67.548781667, -54.868341667, 18.6 ], [ -67.54876, -54.868338333, 18.7 ], [ -67.548751667, -54.868338333, 18.6 ], [ -67.54874, -54.868335, 18.3 ], [ -67.548726667, -54.868335, 18.1 ], [ -67.548706667, -54.868333333, 18.0 ], [ -67.548693333, -54.868333333, 18.0 ], [ -67.548676667, -54.86833, 18.1 ], [ -67.548658333, -54.86833, 17.8 ], [ -67.54864, -54.86833, 17.9 ], [ -67.548625, -54.868325, 17.7 ], [ -67.548613333, -54.868325, 17.8 ], [ -67.548601667, -54.868321667, 17.3 ], [ -67.548586667, -54.868318333, 17.3 ], [ -67.548575, -54.868315, 17.1 ], [ -67.548565, -54.868315, 17.2 ], [ -67.548551667, -54.868313333, 17.4 ], [ -67.548535, -54.86831, 17.4 ], [ -67.54853, -54.86831, 17.3 ], [ -67.54852, -54.868308333, 17.2 ], [ -67.548506667, -54.868306667, 16.9 ], [ -67.548493333, -54.868303333, 16.9 ], [ -67.548483333, -54.868301667, 16.8 ], [ -67.548468333, -54.8683, 16.7 ], [ -67.548453333, -54.868298333, 16.7 ], [ -67.54844, -54.868298333, 16.6 ], [ -67.548426667, -54.868296667, 16.5 ], [ -67.548413333, -54.868296667, 16.5 ], [ -67.54841, -54.868295, 16.6 ], [ -67.548401667, -54.868291667, 16.6 ], [ -67.548391667, -54.86829, 16.6 ], [ -67.548381667, -54.868286667, 16.5 ], [ -67.548366667, -54.868286667, 16.5 ], [ -67.548346667, -54.868283333, 16.7 ], [ -67.548335, -54.86828, 16.8 ], [ -67.548328333, -54.86828, 16.6 ], [ -67.548318333, -54.868281667, 16.4 ], [ -67.54831, -54.868285, 16.5 ], [ -67.548293333, -54.868283333, 16.8 ], [ -67.548291667, -54.868286667, 16.6 ], [ -67.548293333, -54.868288333, 16.6 ], [ -67.548293333, -54.868286667, 16.9 ], [ -67.548293333, -54.868285, 17.2 ], [ -67.548291667, -54.868278333, 17.8 ], [ -67.548293333, -54.868276667, 18.2 ], [ -67.54829, -54.868278333, 18.4 ], [ -67.54829, -54.868278333, 18.4 ], [ -67.54829, -54.868278333, 18.4 ], [ -67.54829, -54.868278333, 18.4 ], [ -67.54829, -54.868278333, 18.4 ], [ -67.548293333, -54.868273333, 19.4 ], [ -67.548301667, -54.86827, 19.7 ], [ -67.548305, -54.868271667, 19.8 ], [ -67.548311667, -54.86827, 20.0 ], [ -67.548311667, -54.868271667, 20.0 ], [ -67.548311667, -54.868273333, 19.6 ], [ -67.548286667, -54.868286667, 19.9 ], [ -67.548318333, -54.868341667, 20.1 ], [ -67.548325, -54.868335, 19.8 ], [ -67.548328333, -54.868331667, 19.4 ], [ -67.54833, -54.868321667, 19.4 ], [ -67.54835, -54.868291667, 19.4 ], [ -67.548356667, -54.868275, 19.4 ], [ -67.548341667, -54.868276667, 19.2 ], [ -67.548315, -54.868281667, 19.0 ], [ -67.548313333, -54.868283333, 18.8 ], [ -67.548286667, -54.86827, 18.5 ], [ -67.548266667, -54.868266667, 18.3 ], [ -67.548246667, -54.868268333, 18.3 ], [ -67.548228333, -54.868266667, 18.2 ], [ -67.548216667, -54.868268333, 18.2 ], [ -67.548196667, -54.868266667, 18.2 ], [ -67.54818, -54.868265, 18.3 ], [ -67.548175, -54.868265, 18.6 ], [ -67.548171667, -54.868268333, 18.7 ], [ -67.548176667, -54.86827, 18.6 ], [ -67.548173333, -54.86827, 18.8 ], [ -67.548168333, -54.868275, 18.7 ], [ -67.548161667, -54.86827, 18.4 ], [ -67.548155, -54.868268333, 18.4 ], [ -67.548141667, -54.86827, 18.2 ], [ -67.54813, -54.868271667, 18.1 ], [ -67.548115, -54.868268333, 18.2 ], [ -67.548098333, -54.868266667, 18.2 ], [ -67.548083333, -54.868268333, 18.3 ], [ -67.548076667, -54.868271667, 18.6 ], [ -67.548063333, -54.868273333, 18.7 ], [ -67.54805, -54.868273333, 19.0 ], [ -67.548038333, -54.868273333, 19.3 ], [ -67.548023333, -54.868271667, 19.3 ], [ -67.54801, -54.868271667, 19.4 ], [ -67.547998333, -54.868271667, 19.4 ], [ -67.54799, -54.86827, 19.3 ], [ -67.547981667, -54.868266667, 19.4 ], [ -67.54797, -54.868266667, 19.4 ], [ -67.547955, -54.868266667, 19.3 ], [ -67.547941667, -54.868268333, 19.5 ], [ -67.547925, -54.868268333, 19.7 ], [ -67.547906667, -54.868271667, 19.8 ], [ -67.54789, -54.868275, 19.8 ], [ -67.547878333, -54.868276667, 19.9 ], [ -67.547858333, -54.868275, 19.9 ], [ -67.547845, -54.868273333, 20.0 ], [ -67.547831667, -54.868273333, 20.0 ], [ -67.54782, -54.868271667, 19.8 ], [ -67.547808333, -54.868268333, 19.5 ], [ -67.54779, -54.868266667, 19.1 ], [ -67.547773333, -54.868263333, 18.3 ], [ -67.547765, -54.868263333, 18.0 ], [ -67.547755, -54.868263333, 18.1 ], [ -67.547741667, -54.868261667, 18.2 ], [ -67.547726667, -54.86826, 18.4 ], [ -67.54772, -54.86826, 18.5 ], [ -67.547716667, -54.868256667, 18.4 ], [ -67.547713333, -54.868258333, 18.4 ], [ -67.547708333, -54.868261667, 18.5 ], [ -67.547706667, -54.868261667, 18.5 ], [ -67.547708333, -54.868263333, 18.5 ], [ -67.547708333, -54.868255, 18.5 ], [ -67.547698333, -54.868238333, 18.5 ], [ -67.54769, -54.868211667, 18.5 ], [ -67.547655, -54.868238333, 18.0 ], [ -67.547645, -54.868248333, 17.8 ], [ -67.547631667, -54.868281667, 18.3 ], [ -67.547628333, -54.868281667, 18.3 ], [ -67.54759, -54.868268333, 18.2 ], [ -67.547598333, -54.86826, 18.5 ], [ -67.547553333, -54.86826, 18.8 ], [ -67.547523333, -54.868261667, 18.3 ], [ -67.54751, -54.86826, 18.1 ], [ -67.547501667, -54.868258333, 18.0 ], [ -67.547496667, -54.868256667, 17.8 ], [ -67.547491667, -54.868261667, 17.8 ], [ -67.54748, -54.868266667, 17.8 ], [ -67.54748, -54.86827, 17.9 ], [ -67.547481667, -54.868271667, 17.8 ], [ -67.547485, -54.868271667, 17.8 ], [ -67.547488333, -54.86827, 17.8 ], [ -67.547488333, -54.868268333, 18.0 ], [ -67.547478333, -54.868266667, 17.9 ], [ -67.54747, -54.868268333, 17.7 ], [ -67.547458333, -54.86827, 17.9 ], [ -67.547438333, -54.868273333, 18.1 ], [ -67.547418333, -54.868276667, 18.6 ], [ -67.547401667, -54.868273333, 18.6 ], [ -67.547393333, -54.868275, 18.8 ], [ -67.547388333, -54.868273333, 18.8 ], [ -67.547376667, -54.86827, 18.8 ], [ -67.54737, -54.868268333, 18.9 ], [ -67.547363333, -54.868268333, 18.8 ], [ -67.547353333, -54.868268333, 18.7 ], [ -67.547341667, -54.868266667, 18.7 ], [ -67.547331667, -54.868265, 18.7 ], [ -67.54732, -54.868265, 18.5 ], [ -67.547308333, -54.868263333, 18.5 ], [ -67.5473, -54.868258333, 18.8 ], [ -67.547298333, -54.868255, 19.0 ], [ -67.547303333, -54.868255, 18.9 ], [ -67.547308333, -54.868255, 18.7 ], [ -67.547305, -54.868256667, 18.5 ], [ -67.547308333, -54.868256667, 18.5 ], [ -67.547305, -54.868256667, 18.4 ], [ -67.547306667, -54.868256667, 18.4 ], [ -67.547311667, -54.868246667, 18.3 ], [ -67.547278333, -54.868263333, 18.2 ], [ -67.547255, -54.868263333, 18.6 ], [ -67.547246667, -54.868268333, 18.7 ], [ -67.547241667, -54.86827, 18.4 ], [ -67.547228333, -54.868268333, 18.0 ], [ -67.547218333, -54.868266667, 17.5 ], [ -67.5472, -54.868265, 17.1 ], [ -67.547195, -54.868256667, 16.4 ], [ -67.547185, -54.868253333, 16.2 ], [ -67.547173333, -54.868248333, 16.1 ], [ -67.547161667, -54.868248333, 16.2 ], [ -67.547148333, -54.868251667, 16.3 ], [ -67.547131667, -54.868251667, 16.4 ], [ -67.54712, -54.868251667, 16.5 ], [ -67.54711, -54.868253333, 16.7 ], [ -67.547101667, -54.868251667, 16.9 ], [ -67.547086667, -54.86825, 17.2 ], [ -67.547078333, -54.868251667, 17.2 ], [ -67.547066667, -54.86825, 17.4 ], [ -67.54706, -54.868248333, 17.4 ], [ -67.547053333, -54.86825, 17.5 ], [ -67.547053333, -54.868251667, 17.5 ], [ -67.547051667, -54.868253333, 17.6 ], [ -67.54705, -54.868253333, 17.6 ], [ -67.547048333, -54.868255, 17.6 ], [ -67.547046667, -54.868255, 17.7 ], [ -67.547046667, -54.868253333, 17.8 ], [ -67.547048333, -54.868255, 17.9 ], [ -67.547046667, -54.868256667, 17.8 ], [ -67.547046667, -54.868258333, 17.9 ], [ -67.547043333, -54.86826, 18.0 ], [ -67.547043333, -54.86826, 18.0 ], [ -67.547043333, -54.86826, 18.0 ], [ -67.547043333, -54.86826, 18.0 ], [ -67.547043333, -54.86826, 18.0 ], [ -67.547043333, -54.86826, 18.0 ], [ -67.547043333, -54.86826, 18.0 ], [ -67.547043333, -54.86826, 18.0 ], [ -67.547043333, -54.86826, 18.0 ], [ -67.547005, -54.86827, 18.6 ], [ -67.546991667, -54.86827, 18.6 ], [ -67.546973333, -54.86827, 18.5 ], [ -67.546956667, -54.868268333, 18.4 ], [ -67.546946667, -54.86827, 18.4 ], [ -67.546938333, -54.86827, 18.5 ], [ -67.54693, -54.86827, 18.8 ], [ -67.546923333, -54.868268333, 18.7 ], [ -67.546921667, -54.868266667, 18.4 ], [ -67.546916667, -54.868266667, 18.1 ], [ -67.546915, -54.868265, 17.8 ], [ -67.546911667, -54.868265, 17.6 ], [ -67.546906667, -54.868263333, 17.5 ], [ -67.54691, -54.868263333, 17.5 ], [ -67.547145, -54.868215, 17.5 ], [ -67.546883333, -54.86827, 17.4 ], [ -67.54688, -54.868286667, 17.2 ], [ -67.546901667, -54.868295, 17.1 ], [ -67.546896667, -54.8683, 17.1 ], [ -67.546895, -54.868293333, 17.2 ], [ -67.546886667, -54.8683, 17.3 ], [ -67.546876667, -54.868303333, 17.3 ], [ -67.546866667, -54.868306667, 17.7 ], [ -67.546865, -54.868308333, 17.7 ], [ -67.546865, -54.86831, 18.4 ], [ -67.546865, -54.86831, 18.4 ], [ -67.54685, -54.86831, 19.3 ], [ -67.546845, -54.868303333, 19.4 ], [ -67.546843333, -54.8683, 19.3 ], [ -67.546845, -54.8683, 19.3 ], [ -67.546846667, -54.868301667, 19.2 ], [ -67.546848333, -54.868305, 19.2 ], [ -67.546851667, -54.868306667, 19.3 ], [ -67.54687, -54.868301667, 19.2 ], [ -67.546875, -54.868301667, 19.1 ], [ -67.546883333, -54.8683, 19.1 ], [ -67.546888333, -54.868296667, 19.1 ], [ -67.54689, -54.868295, 18.9 ], [ -67.546893333, -54.868293333, 18.8 ], [ -67.5469, -54.868291667, 18.2 ], [ -67.546898333, -54.868291667, 18.2 ], [ -67.546901667, -54.868291667, 17.8 ], [ -67.546905, -54.868283333, 18.0 ], [ -67.546903333, -54.868278333, 18.4 ], [ -67.546905, -54.868276667, 18.3 ], [ -67.546908333, -54.868273333, 18.4 ], [ -67.546935, -54.868256667, 18.4 ], [ -67.546915, -54.868241667, 18.6 ], [ -67.546903333, -54.86825, 18.8 ], [ -67.546896667, -54.868258333, 18.7 ], [ -67.546896667, -54.868263333, 18.5 ], [ -67.546895, -54.868265, 18.4 ], [ -67.546893333, -54.86827, 18.1 ], [ -67.546886667, -54.868273333, 17.8 ], [ -67.546878333, -54.868275, 17.5 ], [ -67.546866667, -54.868278333, 17.3 ], [ -67.546851667, -54.868278333, 17.3 ], [ -67.546841667, -54.868275, 17.4 ], [ -67.546828333, -54.868271667, 17.3 ], [ -67.546818333, -54.868268333, 17.1 ], [ -67.546811667, -54.868268333, 17.0 ], [ -67.546798333, -54.868265, 17.1 ], [ -67.546786667, -54.868261667, 17.1 ], [ -67.546778333, -54.868261667, 17.1 ], [ -67.546766667, -54.868258333, 16.9 ], [ -67.546746667, -54.868255, 16.8 ], [ -67.546731667, -54.868253333, 16.7 ], [ -67.546715, -54.868256667, 16.7 ], [ -67.5467, -54.868258333, 16.8 ], [ -67.546681667, -54.868256667, 16.9 ], [ -67.546665, -54.868255, 16.9 ], [ -67.546653333, -54.868255, 16.8 ], [ -67.546638333, -54.868258333, 16.8 ], [ -67.546618333, -54.868256667, 16.8 ], [ -67.5466, -54.868256667, 16.6 ], [ -67.54659, -54.868255, 16.7 ], [ -67.546576667, -54.868258333, 17.1 ], [ -67.546566667, -54.868263333, 17.5 ], [ -67.54656, -54.868268333, 17.9 ], [ -67.546545, -54.86827, 18.1 ], [ -67.546533333, -54.86827, 18.3 ], [ -67.546525, -54.86827, 18.4 ], [ -67.546511667, -54.868271667, 18.4 ], [ -67.546495, -54.868273333, 18.8 ], [ -67.546476667, -54.868275, 19.0 ], [ -67.546463333, -54.868278333, 19.0 ], [ -67.546455, -54.868278333, 18.9 ], [ -67.546441667, -54.86828, 19.0 ], [ -67.546423333, -54.868281667, 19.4 ], [ -67.546408333, -54.868281667, 19.4 ], [ -67.546396667, -54.868276667, 19.0 ], [ -67.54639, -54.868273333, 18.8 ], [ -67.546386667, -54.868275, 18.7 ], [ -67.546381667, -54.868275, 18.4 ], [ -67.546368333, -54.868276667, 18.2 ], [ -67.546358333, -54.868276667, 17.8 ], [ -67.546341667, -54.868275, 17.6 ], [ -67.546323333, -54.868273333, 17.4 ], [ -67.546306667, -54.868271667, 17.3 ], [ -67.546296667, -54.868271667, 16.8 ], [ -67.546298333, -54.868265, 16.5 ], [ -67.546283333, -54.868268333, 16.0 ], [ -67.546271667, -54.868271667, 16.1 ], [ -67.54626, -54.868275, 16.2 ], [ -67.54624, -54.86828, 16.5 ], [ -67.546223333, -54.868285, 16.9 ], [ -67.5462, -54.868286667, 17.6 ], [ -67.546178333, -54.86829, 18.3 ], [ -67.546165, -54.868295, 18.8 ], [ -67.54615, -54.8683, 19.1 ], [ -67.546138333, -54.868303333, 19.7 ], [ -67.546128333, -54.868308333, 20.6 ], [ -67.546115, -54.868311667, 21.1 ], [ -67.5461, -54.868315, 21.6 ], [ -67.546093333, -54.868313333, 22.0 ], [ -67.546085, -54.86831, 22.1 ], [ -67.546073333, -54.86831, 21.8 ], [ -67.546065, -54.868306667, 21.4 ], [ -67.546065, -54.868305, 21.4 ], [ -67.546056667, -54.868298333, 21.1 ], [ -67.546053333, -54.868301667, 20.8 ], [ -67.546051667, -54.868303333, 20.9 ], [ -67.546045, -54.868293333, 21.5 ], [ -67.546045, -54.868293333, 21.4 ], [ -67.54603, -54.868305, 21.0 ], [ -67.54597, -54.868318333, 21.6 ], [ -67.545946667, -54.868318333, 22.4 ], [ -67.545931667, -54.868316667, 22.6 ], [ -67.545933333, -54.868315, 22.1 ], [ -67.54593, -54.868313333, 21.5 ], [ -67.545925, -54.86831, 20.4 ], [ -67.545925, -54.868305, 19.5 ], [ -67.545926667, -54.8683, 18.7 ], [ -67.545925, -54.868293333, 18.1 ], [ -67.54592, -54.86829, 17.7 ], [ -67.545915, -54.868285, 17.5 ], [ -67.545908333, -54.86828, 17.3 ], [ -67.545915, -54.868276667, 16.7 ], [ -67.54592, -54.868276667, 16.1 ], [ -67.545925, -54.868276667, 15.8 ], [ -67.545921667, -54.868278333, 15.9 ], [ -67.545915, -54.868276667, 15.9 ], [ -67.545916667, -54.868275, 15.9 ], [ -67.545915, -54.868276667, 15.9 ], [ -67.545916667, -54.868278333, 15.9 ], [ -67.54592, -54.868276667, 15.8 ], [ -67.545906667, -54.868261667, 15.6 ], [ -67.545945, -54.868271667, 16.2 ], [ -67.545906667, -54.868276667, 16.6 ], [ -67.545891667, -54.868275, 16.8 ], [ -67.545878333, -54.868273333, 16.7 ], [ -67.545861667, -54.86828, 16.6 ], [ -67.545853333, -54.868286667, 16.4 ], [ -67.545845, -54.868291667, 16.2 ], [ -67.545831667, -54.86829, 16.0 ], [ -67.545823333, -54.868285, 16.2 ], [ -67.54581, -54.868285, 16.3 ], [ -67.545806667, -54.868278333, 16.4 ], [ -67.545805, -54.868276667, 16.6 ], [ -67.545805, -54.868276667, 16.7 ], [ -67.545805, -54.868276667, 16.7 ], [ -67.545805, -54.868275, 16.7 ], [ -67.545805, -54.868273333, 16.7 ], [ -67.545803333, -54.86827, 16.9 ], [ -67.545806667, -54.868266667, 17.1 ], [ -67.545808333, -54.868265, 17.6 ], [ -67.545805, -54.868266667, 17.9 ], [ -67.545811667, -54.868261667, 18.1 ], [ -67.545816667, -54.86826, 18.3 ], [ -67.545818333, -54.86826, 18.4 ], [ -67.54582, -54.868261667, 18.4 ], [ -67.545818333, -54.868263333, 18.5 ], [ -67.545816667, -54.868263333, 18.4 ], [ -67.545815, -54.868263333, 18.5 ], [ -67.545815, -54.868263333, 18.5 ], [ -67.545815, -54.868263333, 18.5 ], [ -67.545815, -54.868263333, 18.5 ], [ -67.545816667, -54.868261667, 18.5 ], [ -67.545816667, -54.868261667, 18.5 ], [ -67.545816667, -54.868261667, 18.5 ], [ -67.545838333, -54.868258333, 18.4 ], [ -67.545846667, -54.868258333, 18.5 ], [ -67.545853333, -54.868255, 18.7 ], [ -67.545851667, -54.86825, 18.7 ], [ -67.545843333, -54.868253333, 19.0 ], [ -67.545835, -54.868256667, 19.2 ], [ -67.545831667, -54.868258333, 18.9 ], [ -67.54583, -54.86826, 18.7 ], [ -67.545828333, -54.868261667, 18.6 ], [ -67.545826667, -54.868263333, 18.5 ], [ -67.545828333, -54.868265, 18.2 ], [ -67.545831667, -54.868265, 17.9 ], [ -67.545831667, -54.868265, 17.9 ], [ -67.545831667, -54.868265, 17.9 ], [ -67.54582, -54.868263333, 17.9 ], [ -67.545808333, -54.868263333, 18.1 ], [ -67.545791667, -54.868263333, 18.2 ], [ -67.545781667, -54.868266667, 18.2 ], [ -67.54578, -54.868266667, 18.3 ], [ -67.545775, -54.868266667, 18.3 ], [ -67.545768333, -54.868266667, 18.2 ], [ -67.545766667, -54.868266667, 18.2 ], [ -67.545766667, -54.868265, 18.6 ], [ -67.545761667, -54.868266667, 18.6 ], [ -67.545763333, -54.868266667, 18.7 ], [ -67.545763333, -54.868268333, 18.6 ], [ -67.545763333, -54.868271667, 18.7 ], [ -67.545763333, -54.868271667, 18.7 ], [ -67.545763333, -54.868271667, 18.7 ], [ -67.545763333, -54.868271667, 18.7 ], [ -67.545763333, -54.868271667, 18.7 ], [ -67.545763333, -54.868271667, 18.7 ], [ -67.545763333, -54.868271667, 18.7 ], [ -67.545763333, -54.868271667, 18.7 ], [ -67.545755, -54.868278333, 17.4 ], [ -67.545755, -54.868276667, 17.3 ], [ -67.545751667, -54.868276667, 17.1 ], [ -67.545746667, -54.868276667, 17.3 ], [ -67.545743333, -54.868281667, 17.7 ], [ -67.545741667, -54.868281667, 18.0 ], [ -67.545738333, -54.868281667, 18.2 ], [ -67.545735, -54.868276667, 18.0 ], [ -67.545735, -54.868276667, 18.0 ], [ -67.545761667, -54.868273333, 17.9 ], [ -67.545776667, -54.868271667, 17.9 ], [ -67.545793333, -54.868268333, 18.1 ], [ -67.545808333, -54.868266667, 18.5 ], [ -67.545821667, -54.868265, 18.8 ], [ -67.545821667, -54.868265, 19.0 ], [ -67.545823333, -54.868263333, 19.4 ], [ -67.54582, -54.868261667, 19.7 ], [ -67.54582, -54.86826, 20.0 ], [ -67.545818333, -54.868258333, 20.2 ], [ -67.54582, -54.868253333, 20.6 ], [ -67.545821667, -54.868253333, 21.0 ], [ -67.545821667, -54.868253333, 21.3 ], [ -67.545821667, -54.868253333, 21.3 ], [ -67.545821667, -54.868253333, 21.3 ], [ -67.5458, -54.86826, 22.1 ], [ -67.54578, -54.868263333, 21.9 ], [ -67.545756667, -54.868268333, 21.7 ], [ -67.545736667, -54.868271667, 21.4 ], [ -67.54572, -54.868275, 21.1 ], [ -67.545703333, -54.868276667, 20.6 ], [ -67.545688333, -54.868276667, 20.1 ], [ -67.545666667, -54.868278333, 19.7 ], [ -67.545648333, -54.86828, 19.3 ], [ -67.54563, -54.868278333, 18.9 ], [ -67.545616667, -54.868276667, 18.6 ], [ -67.5456, -54.868275, 17.8 ], [ -67.54558, -54.86828, 17.7 ], [ -67.545563333, -54.868283333, 17.7 ], [ -67.545553333, -54.868283333, 17.4 ], [ -67.545545, -54.868281667, 17.2 ], [ -67.545543333, -54.868281667, 17.2 ], [ -67.545541667, -54.868283333, 17.4 ], [ -67.545538333, -54.868285, 17.4 ], [ -67.545535, -54.868281667, 17.3 ], [ -67.545528333, -54.868281667, 17.3 ], [ -67.545511667, -54.86828, 17.2 ], [ -67.54549, -54.868278333, 17.2 ], [ -67.54547, -54.868276667, 17.3 ], [ -67.545455, -54.868275, 17.3 ], [ -67.545446667, -54.868276667, 17.5 ], [ -67.545431667, -54.868275, 17.3 ], [ -67.545413333, -54.86828, 17.0 ], [ -67.5454, -54.868281667, 17.1 ], [ -67.545388333, -54.868283333, 16.8 ], [ -67.545378333, -54.868283333, 16.5 ], [ -67.545365, -54.868281667, 16.2 ], [ -67.545365, -54.868281667, 16.2 ], [ -67.54536, -54.868291667, 16.0 ], [ -67.545353333, -54.86829, 15.7 ], [ -67.545343333, -54.868296667, 16.1 ], [ -67.545316667, -54.868295, 16.1 ], [ -67.545263333, -54.868285, 16.7 ], [ -67.545295, -54.868275, 17.8 ], [ -67.545305, -54.868285, 17.3 ], [ -67.545305, -54.868285, 17.0 ], [ -67.545305, -54.868283333, 16.8 ], [ -67.545295, -54.868283333, 16.5 ], [ -67.545286667, -54.868281667, 16.2 ], [ -67.545273333, -54.868275, 16.0 ], [ -67.545251667, -54.868276667, 15.7 ], [ -67.545248333, -54.868275, 15.8 ], [ -67.545243333, -54.868278333, 16.0 ], [ -67.54525, -54.86828, 16.1 ], [ -67.545253333, -54.86828, 16.1 ], [ -67.545251667, -54.868281667, 16.2 ], [ -67.54525, -54.868278333, 16.3 ], [ -67.545248333, -54.868275, 16.2 ], [ -67.54525, -54.868271667, 16.2 ], [ -67.545251667, -54.868273333, 16.3 ], [ -67.545253333, -54.868271667, 16.2 ], [ -67.545256667, -54.86827, 16.2 ], [ -67.545256667, -54.86827, 16.3 ], [ -67.54526, -54.868268333, 16.2 ], [ -67.545261667, -54.868268333, 16.0 ], [ -67.545263333, -54.86827, 15.9 ], [ -67.545263333, -54.868273333, 16.0 ], [ -67.54526, -54.868275, 16.1 ], [ -67.545258333, -54.868276667, 16.3 ], [ -67.545258333, -54.868278333, 16.3 ], [ -67.545256667, -54.868276667, 16.4 ], [ -67.545255, -54.868278333, 16.4 ], [ -67.545253333, -54.868278333, 16.3 ], [ -67.545253333, -54.868278333, 16.3 ], [ -67.545253333, -54.868278333, 16.3 ], [ -67.545253333, -54.868278333, 16.3 ], [ -67.545253333, -54.868278333, 16.3 ], [ -67.545253333, -54.868278333, 16.3 ], [ -67.545253333, -54.868278333, 16.3 ], [ -67.545246667, -54.86828, 16.8 ], [ -67.545238333, -54.868278333, 16.7 ], [ -67.545225, -54.86828, 16.9 ], [ -67.545213333, -54.86828, 16.8 ], [ -67.54521, -54.868276667, 16.6 ], [ -67.545201667, -54.868275, 16.5 ], [ -67.54519, -54.86827, 16.2 ], [ -67.545173333, -54.868266667, 15.9 ], [ -67.54516, -54.868261667, 15.8 ], [ -67.54515, -54.868258333, 15.6 ], [ -67.545143333, -54.868255, 15.3 ], [ -67.545131667, -54.86825, 15.0 ], [ -67.545116667, -54.868246667, 14.8 ], [ -67.545103333, -54.868246667, 14.8 ], [ -67.545095, -54.868245, 14.7 ], [ -67.54508, -54.868245, 14.8 ], [ -67.545065, -54.868241667, 14.8 ], [ -67.545048333, -54.86824, 14.6 ], [ -67.54504, -54.868236667, 15.0 ], [ -67.545031667, -54.868233333, 15.4 ], [ -67.545025, -54.868231667, 15.8 ], [ -67.545021667, -54.868231667, 16.0 ], [ -67.545018333, -54.868231667, 16.1 ], [ -67.54502, -54.86823, 16.2 ], [ -67.545018333, -54.86823, 16.5 ], [ -67.545015, -54.86823, 16.6 ], [ -67.545016667, -54.868231667, 16.7 ], [ -67.545008333, -54.868231667, 16.9 ], [ -67.545006667, -54.868228333, 17.2 ], [ -67.545006667, -54.868228333, 17.2 ], [ -67.545, -54.868225, 17.3 ], [ -67.545001667, -54.868231667, 17.1 ], [ -67.544998333, -54.868241667, 16.8 ], [ -67.54493, -54.868256667, 16.8 ], [ -67.544906667, -54.86827, 16.8 ], [ -67.544913333, -54.86829, 17.8 ], [ -67.5449, -54.868291667, 17.9 ], [ -67.544896667, -54.868283333, 18.1 ], [ -67.544878333, -54.868271667, 19.7 ], [ -67.544866667, -54.868251667, 20.3 ], [ -67.544865, -54.868243333, 20.0 ], [ -67.544873333, -54.868235, 19.4 ], [ -67.544875, -54.868233333, 19.3 ], [ -67.544875, -54.868228333, 19.3 ], [ -67.544883333, -54.868225, 19.2 ], [ -67.544893333, -54.868225, 18.9 ], [ -67.544905, -54.868225, 18.8 ], [ -67.544911667, -54.868225, 18.9 ], [ -67.544915, -54.868228333, 19.2 ], [ -67.544915, -54.868228333, 19.5 ], [ -67.544913333, -54.868228333, 19.1 ], [ -67.544908333, -54.868226667, 18.7 ], [ -67.544905, -54.868225, 18.4 ], [ -67.544898333, -54.868223333, 18.1 ], [ -67.5449, -54.868218333, 17.9 ], [ -67.544903333, -54.868218333, 17.7 ], [ -67.544906667, -54.868216667, 17.4 ], [ -67.544908333, -54.868213333, 17.1 ], [ -67.544911667, -54.86821, 16.7 ], [ -67.544913333, -54.868211667, 16.4 ], [ -67.544916667, -54.868211667, 15.9 ], [ -67.544915, -54.868215, 15.8 ], [ -67.544913333, -54.868218333, 15.5 ], [ -67.544913333, -54.868218333, 15.2 ], [ -67.544915, -54.86822, 15.0 ], [ -67.544915, -54.868221667, 14.7 ], [ -67.544913333, -54.868221667, 14.5 ], [ -67.54491, -54.868221667, 14.4 ], [ -67.544908333, -54.868221667, 14.4 ], [ -67.544908333, -54.868221667, 14.4 ], [ -67.544908333, -54.868221667, 14.4 ], [ -67.544908333, -54.868221667, 14.4 ], [ -67.544908333, -54.868221667, 14.4 ], [ -67.544908333, -54.868221667, 14.4 ], [ -67.544908333, -54.868221667, 14.4 ], [ -67.544908333, -54.868221667, 14.4 ], [ -67.544908333, -54.868221667, 14.4 ], [ -67.544908333, -54.868221667, 14.4 ], [ -67.544908333, -54.868221667, 14.4 ], [ -67.544908333, -54.868221667, 14.4 ], [ -67.544908333, -54.868221667, 14.4 ], [ -67.544873333, -54.868213333, 15.6 ], [ -67.544868333, -54.868206667, 16.1 ], [ -67.54486, -54.868203333, 16.5 ], [ -67.544856667, -54.8682, 16.8 ], [ -67.544853333, -54.8682, 16.7 ], [ -67.54486, -54.868185, 16.5 ], [ -67.544833333, -54.868175, 16.9 ], [ -67.544791667, -54.86818, 17.2 ], [ -67.544771667, -54.868178333, 17.8 ], [ -67.544753333, -54.868183333, 18.3 ], [ -67.544735, -54.86819, 18.6 ], [ -67.544715, -54.868198333, 18.8 ], [ -67.544701667, -54.868198333, 18.6 ], [ -67.544698333, -54.868196667, 18.7 ], [ -67.54469, -54.868198333, 18.4 ], [ -67.544676667, -54.8682, 17.9 ], [ -67.544661667, -54.868201667, 17.8 ], [ -67.54464, -54.868196667, 17.4 ], [ -67.544613333, -54.868195, 17.0 ], [ -67.54459, -54.868193333, 16.4 ], [ -67.54457, -54.868191667, 15.8 ], [ -67.544555, -54.868191667, 15.4 ], [ -67.544536667, -54.86819, 15.4 ], [ -67.544525, -54.868191667, 15.5 ], [ -67.544521667, -54.86819, 15.6 ], [ -67.544515, -54.868188333, 15.6 ], [ -67.544508333, -54.868185, 15.6 ], [ -67.544491667, -54.86818, 15.6 ], [ -67.54447, -54.868176667, 15.7 ], [ -67.544455, -54.868176667, 16.0 ], [ -67.544448333, -54.868175, 16.3 ], [ -67.544436667, -54.868173333, 16.5 ], [ -67.544423333, -54.868171667, 16.8 ], [ -67.544416667, -54.868171667, 17.1 ], [ -67.544411667, -54.868171667, 17.2 ], [ -67.544403333, -54.86817, 17.3 ], [ -67.544391667, -54.86817, 17.5 ], [ -67.54438, -54.86817, 17.7 ], [ -67.544368333, -54.868168333, 17.7 ], [ -67.544363333, -54.868165, 17.5 ], [ -67.54435, -54.868163333, 17.4 ], [ -67.544333333, -54.868163333, 17.3 ], [ -67.544316667, -54.868161667, 17.0 ], [ -67.544308333, -54.868156667, 17.0 ], [ -67.544303333, -54.868153333, 16.7 ], [ -67.544295, -54.868151667, 16.9 ], [ -67.54429, -54.868153333, 17.2 ], [ -67.544281667, -54.868153333, 17.1 ], [ -67.544271667, -54.868151667, 17.0 ], [ -67.544256667, -54.86815, 16.7 ], [ -67.544238333, -54.868146667, 16.6 ], [ -67.544226667, -54.868143333, 16.4 ], [ -67.544216667, -54.868143333, 16.0 ], [ -67.544205, -54.868143333, 16.1 ], [ -67.544191667, -54.86814, 16.0 ], [ -67.544175, -54.86814, 15.9 ], [ -67.544163333, -54.86814, 16.3 ], [ -67.544155, -54.86814, 16.3 ], [ -67.54414, -54.868138333, 16.6 ], [ -67.544115, -54.868138333, 16.8 ], [ -67.544101667, -54.868138333, 16.7 ], [ -67.54409, -54.868136667, 16.6 ], [ -67.544073333, -54.868131667, 16.4 ], [ -67.544058333, -54.86813, 16.4 ], [ -67.544041667, -54.86813, 16.4 ], [ -67.544031667, -54.86813, 16.6 ], [ -67.54402, -54.868125, 16.4 ], [ -67.544008333, -54.868118333, 16.2 ], [ -67.543998333, -54.868115, 16.0 ], [ -67.543988333, -54.868111667, 16.0 ], [ -67.543985, -54.868106667, 16.2 ], [ -67.543978333, -54.8681, 16.5 ], [ -67.543973333, -54.868098333, 16.6 ], [ -67.543971667, -54.868098333, 16.6 ], [ -67.543943333, -54.868113333, 16.2 ], [ -67.543923333, -54.86812, 16.2 ], [ -67.543895, -54.868123333, 16.2 ], [ -67.543891667, -54.868128333, 15.9 ], [ -67.543881667, -54.868131667, 15.7 ], [ -67.543866667, -54.868126667, 15.1 ], [ -67.54385, -54.868118333, 14.6 ], [ -67.543841667, -54.868108333, 14.0 ], [ -67.543826667, -54.868101667, 13.7 ], [ -67.543816667, -54.868095, 13.6 ], [ -67.543808333, -54.86809, 13.7 ], [ -67.543798333, -54.868088333, 14.1 ], [ -67.543786667, -54.868088333, 14.7 ], [ -67.543781667, -54.868088333, 14.9 ], [ -67.543775, -54.868086667, 15.1 ], [ -67.543758333, -54.868086667, 15.4 ], [ -67.543746667, -54.868086667, 15.7 ], [ -67.543741667, -54.868081667, 16.0 ], [ -67.543745, -54.868078333, 16.3 ], [ -67.54374, -54.868078333, 16.8 ], [ -67.54374, -54.86808, 17.0 ], [ -67.54373, -54.868083333, 17.2 ], [ -67.54372, -54.86808, 17.2 ], [ -67.543711667, -54.868083333, 17.2 ], [ -67.543695, -54.868081667, 17.3 ], [ -67.543678333, -54.868081667, 17.4 ], [ -67.543661667, -54.868081667, 17.5 ], [ -67.543653333, -54.868081667, 17.4 ], [ -67.543641667, -54.868081667, 17.3 ], [ -67.543626667, -54.868078333, 17.0 ], [ -67.54361, -54.868075, 16.9 ], [ -67.543596667, -54.86807, 16.8 ], [ -67.543583333, -54.868066667, 16.4 ], [ -67.543575, -54.868065, 16.2 ], [ -67.543566667, -54.868061667, 16.0 ], [ -67.54357, -54.86806, 15.9 ], [ -67.543571667, -54.868055, 15.8 ], [ -67.543571667, -54.868063333, 15.8 ], [ -67.543568333, -54.86807, 15.6 ], [ -67.543568333, -54.868068333, 15.6 ], [ -67.543566667, -54.868066667, 15.7 ], [ -67.543575, -54.868065, 15.8 ], [ -67.543573333, -54.868071667, 15.8 ], [ -67.543545, -54.868083333, 15.8 ], [ -67.543508333, -54.868078333, 15.0 ], [ -67.543481667, -54.868083333, 15.4 ], [ -67.543478333, -54.868083333, 15.8 ], [ -67.54348, -54.868081667, 16.0 ], [ -67.54349, -54.868076667, 16.1 ], [ -67.543498333, -54.868075, 16.0 ], [ -67.543503333, -54.868071667, 16.1 ], [ -67.543508333, -54.86807, 15.9 ], [ -67.543515, -54.868068333, 15.9 ], [ -67.54352, -54.868066667, 16.0 ], [ -67.543523333, -54.868068333, 16.0 ], [ -67.543531667, -54.868065, 16.1 ], [ -67.543536667, -54.868063333, 16.1 ], [ -67.54354, -54.868061667, 16.1 ], [ -67.54354, -54.868061667, 16.3 ], [ -67.543538333, -54.868061667, 16.6 ], [ -67.543535, -54.86806, 16.9 ], [ -67.543535, -54.868058333, 17.2 ], [ -67.543535, -54.868058333, 17.2 ], [ -67.543536667, -54.868058333, 17.4 ], [ -67.54354, -54.868055, 17.3 ], [ -67.543541667, -54.868056667, 17.1 ], [ -67.54354, -54.868055, 17.0 ], [ -67.54354, -54.868051667, 17.0 ], [ -67.543538333, -54.868051667, 16.8 ], [ -67.543535, -54.86805, 16.7 ], [ -67.543538333, -54.86805, 16.5 ], [ -67.543543333, -54.868053333, 16.6 ], [ -67.543543333, -54.868051667, 16.5 ], [ -67.543541667, -54.86805, 16.3 ], [ -67.543538333, -54.868053333, 16.2 ], [ -67.543538333, -54.868053333, 16.2 ], [ -67.543538333, -54.868053333, 16.2 ], [ -67.543538333, -54.868053333, 16.2 ], [ -67.543538333, -54.868053333, 16.2 ], [ -67.543538333, -54.868053333, 16.2 ], [ -67.543538333, -54.868053333, 16.2 ], [ -67.543538333, -54.868053333, 16.2 ], [ -67.543538333, -54.868053333, 16.2 ], [ -67.543478333, -54.86805, 15.8 ], [ -67.543465, -54.86805, 15.7 ], [ -67.54345, -54.86805, 15.6 ], [ -67.543435, -54.868048333, 15.5 ], [ -67.543416667, -54.86805, 15.4 ], [ -67.543396667, -54.868051667, 15.1 ], [ -67.543385, -54.86805, 15.1 ], [ -67.543373333, -54.868046667, 15.0 ], [ -67.543361667, -54.868045, 15.1 ], [ -67.54335, -54.868045, 15.2 ], [ -67.543336667, -54.868046667, 15.5 ], [ -67.543325, -54.868041667, 15.5 ], [ -67.543311667, -54.868038333, 15.4 ], [ -67.543303333, -54.868038333, 15.8 ], [ -67.54329, -54.86804, 16.1 ], [ -67.543281667, -54.868036667, 16.1 ], [ -67.543271667, -54.868035, 16.1 ], [ -67.543258333, -54.868033333, 16.2 ], [ -67.543251667, -54.868028333, 16.3 ], [ -67.54324, -54.868028333, 16.4 ], [ -67.54323, -54.868026667, 16.5 ], [ -67.54322, -54.868025, 16.6 ], [ -67.543215, -54.86802, 16.6 ], [ -67.54321, -54.868018333, 16.5 ], [ -67.543201667, -54.86802, 16.5 ], [ -67.543196667, -54.868021667, 16.7 ], [ -67.543196667, -54.868023333, 16.8 ], [ -67.543191667, -54.86802, 17.0 ], [ -67.54318, -54.868016667, 17.3 ], [ -67.543165, -54.868015, 17.6 ], [ -67.54315, -54.868016667, 17.9 ], [ -67.543133333, -54.86802, 18.0 ], [ -67.543121667, -54.868021667, 18.2 ], [ -67.54311, -54.86802, 18.3 ], [ -67.543101667, -54.86802, 18.6 ], [ -67.543103333, -54.86802, 18.6 ], [ -67.543115, -54.868016667, 18.6 ], [ -67.543066667, -54.86804, 18.3 ], [ -67.54308, -54.868065, 18.0 ], [ -67.543103333, -54.868063333, 18.3 ], [ -67.543108333, -54.868065, 18.3 ], [ -67.54312, -54.868066667, 18.3 ], [ -67.543045, -54.86807, 19.7 ], [ -67.543033333, -54.86805, 20.8 ], [ -67.543021667, -54.868045, 20.7 ], [ -67.543026667, -54.868033333, 20.6 ], [ -67.543038333, -54.868025, 20.3 ], [ -67.543033333, -54.868023333, 20.3 ], [ -67.543035, -54.868023333, 20.3 ], [ -67.543055, -54.868003333, 20.3 ], [ -67.543015, -54.867995, 20.0 ], [ -67.543006667, -54.867975, 19.3 ], [ -67.542991667, -54.867976667, 18.7 ], [ -67.542978333, -54.867981667, 18.0 ], [ -67.542973333, -54.867983333, 17.8 ], [ -67.542971667, -54.86798, 17.3 ], [ -67.542965, -54.86798, 16.6 ], [ -67.542963333, -54.867978333, 15.9 ], [ -67.542961667, -54.867978333, 15.2 ], [ -67.54295, -54.86798, 14.7 ], [ -67.54294, -54.867976667, 14.5 ], [ -67.542936667, -54.867971667, 15.0 ], [ -67.54293, -54.867973333, 15.3 ], [ -67.542916667, -54.867973333, 15.5 ], [ -67.5429, -54.867973333, 15.5 ], [ -67.542885, -54.867973333, 15.7 ], [ -67.542876667, -54.867971667, 16.1 ], [ -67.542873333, -54.867966667, 16.4 ], [ -67.542865, -54.867963333, 16.8 ], [ -67.542856667, -54.867963333, 16.9 ], [ -67.542845, -54.867961667, 16.9 ], [ -67.542831667, -54.86796, 16.9 ], [ -67.542821667, -54.867958333, 17.1 ], [ -67.542815, -54.867958333, 17.6 ], [ -67.542805, -54.867955, 17.5 ], [ -67.542796667, -54.867955, 17.6 ], [ -67.542781667, -54.867955, 17.8 ], [ -67.542766667, -54.867953333, 17.8 ], [ -67.542755, -54.867953333, 17.9 ], [ -67.542738333, -54.867951667, 18.0 ], [ -67.542725, -54.867948333, 18.1 ], [ -67.542713333, -54.867945, 17.9 ], [ -67.542695, -54.867943333, 17.7 ], [ -67.54268, -54.867945, 17.5 ], [ -67.54267, -54.867943333, 17.4 ], [ -67.542655, -54.867941667, 17.3 ], [ -67.542648333, -54.867941667, 17.1 ], [ -67.542641667, -54.86794, 16.8 ], [ -67.542638333, -54.86794, 16.7 ], [ -67.542631667, -54.867938333, 16.5 ], [ -67.542628333, -54.867936667, 16.1 ], [ -67.542625, -54.867936667, 16.0 ], [ -67.542626667, -54.867938333, 16.0 ], [ -67.542626667, -54.867938333, 15.7 ], [ -67.542626667, -54.86794, 15.6 ], [ -67.542626667, -54.86794, 15.6 ], [ -67.542626667, -54.86794, 15.6 ], [ -67.542626667, -54.86794, 15.6 ], [ -67.542626667, -54.86794, 15.6 ], [ -67.542626667, -54.86794, 15.6 ], [ -67.542628333, -54.867951667, 15.2 ], [ -67.542641667, -54.867946667, 15.2 ], [ -67.542605, -54.867958333, 14.8 ], [ -67.542576667, -54.867948333, 15.1 ], [ -67.54257, -54.867945, 15.3 ], [ -67.542576667, -54.867941667, 15.2 ], [ -67.542576667, -54.867936667, 15.1 ], [ -67.542581667, -54.86793, 14.8 ], [ -67.542588333, -54.86792, 14.5 ], [ -67.542588333, -54.86792, 14.3 ], [ -67.542596667, -54.86792, 14.1 ], [ -67.542596667, -54.867926667, 14.0 ], [ -67.54259, -54.867935, 14.0 ], [ -67.542588333, -54.867938333, 13.8 ], [ -67.54259, -54.867938333, 13.7 ], [ -67.542588333, -54.86794, 13.7 ], [ -67.54259, -54.867938333, 13.6 ], [ -67.542591667, -54.86794, 13.6 ], [ -67.54259, -54.867943333, 13.9 ], [ -67.54259, -54.867948333, 14.0 ], [ -67.542593333, -54.86795, 14.3 ], [ -67.542593333, -54.867955, 14.5 ], [ -67.542595, -54.867956667, 14.6 ], [ -67.542596667, -54.867955, 14.5 ], [ -67.542595, -54.867953333, 14.3 ], [ -67.54259, -54.86795, 14.3 ], [ -67.542586667, -54.86795, 14.2 ], [ -67.542586667, -54.867948333, 14.3 ], [ -67.542581667, -54.867948333, 14.6 ], [ -67.542575, -54.86795, 14.8 ], [ -67.542571667, -54.867948333, 15.0 ], [ -67.542573333, -54.867943333, 15.3 ], [ -67.542573333, -54.867943333, 15.5 ], [ -67.542573333, -54.867943333, 15.5 ], [ -67.542573333, -54.867943333, 15.5 ], [ -67.542573333, -54.867943333, 15.5 ], [ -67.542573333, -54.867943333, 15.5 ], [ -67.542573333, -54.867943333, 15.5 ], [ -67.542573333, -54.867943333, 15.5 ], [ -67.542573333, -54.867943333, 15.5 ], [ -67.542573333, -54.867943333, 15.5 ], [ -67.542573333, -54.867943333, 15.5 ], [ -67.542573333, -54.867943333, 15.5 ], [ -67.542573333, -54.867943333, 15.5 ], [ -67.542573333, -54.867943333, 15.5 ], [ -67.542573333, -54.867943333, 15.5 ], [ -67.542573333, -54.867943333, 15.5 ], [ -67.542573333, -54.867943333, 15.5 ], [ -67.542573333, -54.867943333, 15.5 ], [ -67.542573333, -54.867943333, 15.5 ], [ -67.542573333, -54.867943333, 15.5 ], [ -67.542545, -54.86793, 16.3 ], [ -67.542533333, -54.86793, 16.2 ], [ -67.542518333, -54.86793, 16.1 ], [ -67.542506667, -54.86793, 15.9 ], [ -67.542496667, -54.867926667, 16.1 ], [ -67.542485, -54.867923333, 16.3 ], [ -67.54247, -54.867916667, 16.3 ], [ -67.542461667, -54.867911667, 16.3 ], [ -67.54245, -54.867911667, 16.4 ], [ -67.542446667, -54.867908333, 16.4 ], [ -67.542443333, -54.867908333, 16.3 ], [ -67.542436667, -54.867903333, 16.1 ], [ -67.542423333, -54.8679, 16.0 ], [ -67.542416667, -54.867898333, 16.2 ], [ -67.542415, -54.867898333, 16.3 ], [ -67.542415, -54.8679, 16.5 ], [ -67.542418333, -54.8679, 16.6 ], [ -67.542421667, -54.867898333, 16.7 ], [ -67.542421667, -54.867898333, 16.8 ], [ -67.542421667, -54.867896667, 16.7 ], [ -67.542421667, -54.867896667, 16.7 ], [ -67.542421667, -54.867896667, 16.7 ], [ -67.542421667, -54.867896667, 16.7 ], [ -67.542421667, -54.867896667, 16.7 ], [ -67.542421667, -54.867896667, 16.7 ], [ -67.542421667, -54.867896667, 16.7 ], [ -67.542421667, -54.867896667, 16.7 ], [ -67.542421667, -54.867896667, 16.7 ], [ -67.542421667, -54.867896667, 16.7 ], [ -67.542421667, -54.867896667, 16.7 ], [ -67.542421667, -54.867896667, 16.7 ], [ -67.542421667, -54.867896667, 16.7 ], [ -67.542421667, -54.867896667, 16.7 ], [ -67.542421667, -54.867896667, 16.7 ], [ -67.542421667, -54.867896667, 16.7 ], [ -67.542421667, -54.867896667, 16.7 ], [ -67.542421667, -54.867896667, 16.7 ], [ -67.542421667, -54.867896667, 16.7 ], [ -67.542405, -54.86789, 15.7 ], [ -67.542408333, -54.867883333, 16.0 ], [ -67.542415, -54.867893333, 16.8 ], [ -67.542406667, -54.867896667, 16.7 ], [ -67.542396667, -54.867898333, 16.8 ], [ -67.542376667, -54.867905, 17.2 ], [ -67.542365, -54.86791, 17.9 ], [ -67.542346667, -54.867911667, 18.1 ], [ -67.542336667, -54.867918333, 18.2 ], [ -67.542333333, -54.867921667, 18.0 ], [ -67.542325, -54.867925, 17.7 ], [ -67.542315, -54.867921667, 17.5 ], [ -67.542306667, -54.86792, 16.8 ], [ -67.5423, -54.867916667, 16.5 ], [ -67.542283333, -54.867913333, 16.1 ], [ -67.542273333, -54.86791, 15.9 ], [ -67.54226, -54.867908333, 15.8 ], [ -67.542248333, -54.867906667, 15.7 ], [ -67.542235, -54.867905, 15.5 ], [ -67.542223333, -54.867905, 15.5 ], [ -67.542215, -54.867905, 15.3 ], [ -67.542206667, -54.867903333, 15.2 ], [ -67.542193333, -54.8679, 15.1 ], [ -67.542183333, -54.867896667, 15.3 ], [ -67.542178333, -54.867896667, 15.2 ], [ -67.542166667, -54.867893333, 15.2 ], [ -67.542158333, -54.86789, 15.2 ], [ -67.542145, -54.867886667, 15.1 ], [ -67.542133333, -54.867886667, 15.1 ], [ -67.542121667, -54.867885, 15.1 ], [ -67.542113333, -54.867885, 15.2 ], [ -67.542098333, -54.867883333, 15.3 ], [ -67.542091667, -54.867883333, 15.6 ], [ -67.542085, -54.867881667, 16.0 ], [ -67.542076667, -54.86788, 16.4 ], [ -67.542063333, -54.86788, 16.6 ], [ -67.542048333, -54.86788, 16.8 ], [ -67.542033333, -54.867878333, 16.7 ], [ -67.54202, -54.867876667, 16.7 ], [ -67.542011667, -54.867875, 16.8 ], [ -67.542001667, -54.867873333, 16.8 ], [ -67.541996667, -54.867871667, 17.0 ], [ -67.541988333, -54.867871667, 17.0 ], [ -67.541983333, -54.86787, 17.0 ], [ -67.541968333, -54.867868333, 16.8 ], [ -67.541955, -54.867863333, 16.6 ], [ -67.541946667, -54.86786, 16.3 ], [ -67.541933333, -54.867858333, 16.2 ], [ -67.541921667, -54.867855, 16.0 ], [ -67.54191, -54.867851667, 15.7 ], [ -67.541893333, -54.867848333, 15.5 ], [ -67.54188, -54.867848333, 15.3 ], [ -67.541868333, -54.867848333, 15.1 ], [ -67.541853333, -54.867848333, 14.9 ], [ -67.541841667, -54.867848333, 14.6 ], [ -67.541828333, -54.867848333, 14.7 ], [ -67.541811667, -54.867843333, 14.7 ], [ -67.541801667, -54.867838333, 14.8 ], [ -67.541798333, -54.867836667, 14.8 ], [ -67.541793333, -54.867833333, 14.8 ], [ -67.541776667, -54.867831667, 14.6 ], [ -67.541763333, -54.86783, 14.6 ], [ -67.541748333, -54.867833333, 14.4 ], [ -67.541735, -54.867833333, 14.6 ], [ -67.541723333, -54.867833333, 14.9 ], [ -67.541711667, -54.867831667, 15.2 ], [ -67.541701667, -54.867833333, 15.2 ], [ -67.541686667, -54.867833333, 15.2 ], [ -67.54168, -54.867838333, 15.6 ], [ -67.541675, -54.867838333, 16.0 ], [ -67.541665, -54.867838333, 16.1 ], [ -67.541668333, -54.867831667, 16.3 ], [ -67.541668333, -54.867831667, 16.4 ], [ -67.54167, -54.86783, 16.4 ], [ -67.541676667, -54.867828333, 16.3 ], [ -67.54168, -54.867826667, 16.5 ], [ -67.541688333, -54.867825, 16.8 ], [ -67.541686667, -54.867826667, 17.0 ], [ -67.541686667, -54.867826667, 17.1 ], [ -67.541688333, -54.867825, 17.4 ], [ -67.541688333, -54.867825, 17.4 ], [ -67.541688333, -54.867825, 17.4 ], [ -67.541688333, -54.867825, 17.4 ], [ -67.541688333, -54.867825, 17.4 ], [ -67.541688333, -54.867825, 17.4 ], [ -67.541688333, -54.867825, 17.4 ], [ -67.541688333, -54.867825, 17.4 ], [ -67.54166, -54.867818333, 16.9 ], [ -67.541641667, -54.867813333, 16.6 ], [ -67.541626667, -54.86781, 16.3 ], [ -67.541615, -54.867808333, 16.1 ], [ -67.5416, -54.867806667, 15.9 ], [ -67.541586667, -54.867803333, 15.8 ], [ -67.541575, -54.8678, 15.6 ], [ -67.541575, -54.867798333, 15.7 ], [ -67.541578333, -54.867796667, 15.9 ], [ -67.541576667, -54.867796667, 15.9 ], [ -67.541568333, -54.867801667, 16.0 ], [ -67.541561667, -54.867803333, 16.2 ], [ -67.541548333, -54.867805, 16.3 ], [ -67.54153, -54.867798333, 16.2 ], [ -67.541515, -54.867793333, 16.3 ], [ -67.541501667, -54.867791667, 16.2 ], [ -67.541491667, -54.86779, 16.3 ], [ -67.54148, -54.867788333, 16.5 ], [ -67.541466667, -54.867788333, 16.5 ], [ -67.541453333, -54.867786667, 16.6 ], [ -67.541436667, -54.867786667, 16.4 ], [ -67.541433333, -54.867783333, 16.2 ], [ -67.541426667, -54.867783333, 16.1 ], [ -67.541418333, -54.867781667, 15.9 ], [ -67.541408333, -54.867785, 15.7 ], [ -67.541393333, -54.867781667, 15.5 ], [ -67.541375, -54.867781667, 15.4 ], [ -67.541356667, -54.867781667, 15.4 ], [ -67.541341667, -54.867781667, 15.6 ], [ -67.541326667, -54.867781667, 15.6 ], [ -67.54131, -54.86778, 15.5 ], [ -67.541295, -54.867778333, 15.7 ], [ -67.541275, -54.867778333, 15.9 ], [ -67.541251667, -54.867778333, 16.3 ], [ -67.541235, -54.86778, 16.4 ], [ -67.54122, -54.867776667, 16.6 ], [ -67.541206667, -54.867776667, 16.7 ], [ -67.541195, -54.867773333, 16.9 ], [ -67.541181667, -54.867771667, 17.0 ], [ -67.541168333, -54.867771667, 17.2 ], [ -67.541153333, -54.867771667, 17.3 ], [ -67.541138333, -54.867768333, 17.0 ], [ -67.541125, -54.867765, 17.0 ], [ -67.541115, -54.867763333, 16.8 ], [ -67.541101667, -54.867758333, 16.7 ], [ -67.541088333, -54.867751667, 16.5 ], [ -67.54108, -54.86775, 16.4 ], [ -67.541073333, -54.867748333, 16.2 ], [ -67.541063333, -54.867746667, 16.2 ], [ -67.541038333, -54.867743333, 16.2 ], [ -67.541036667, -54.867731667, 16.1 ], [ -67.541033333, -54.867745, 16.0 ], [ -67.54103, -54.867738333, 15.7 ], [ -67.541035, -54.867721667, 15.7 ], [ -67.541038333, -54.867711667, 15.9 ], [ -67.541033333, -54.867693333, 16.1 ], [ -67.541021667, -54.867696667, 16.1 ], [ -67.541003333, -54.867701667, 15.6 ], [ -67.540988333, -54.86771, 15.3 ], [ -67.540976667, -54.867715, 15.0 ], [ -67.540963333, -54.86772, 14.9 ], [ -67.540946667, -54.867725, 15.0 ], [ -67.540933333, -54.86773, 15.3 ], [ -67.540918333, -54.867736667, 15.7 ], [ -67.540903333, -54.867746667, 16.6 ], [ -67.540893333, -54.867748333, 16.6 ], [ -67.54088, -54.867748333, 16.8 ], [ -67.540866667, -54.867746667, 16.9 ], [ -67.540848333, -54.867748333, 17.1 ], [ -67.54084, -54.867745, 17.0 ], [ -67.540828333, -54.867741667, 16.8 ], [ -67.540813333, -54.867741667, 16.5 ], [ -67.540796667, -54.867745, 16.4 ], [ -67.540781667, -54.867745, 16.5 ], [ -67.540765, -54.867746667, 16.5 ], [ -67.540748333, -54.867745, 16.6 ], [ -67.540733333, -54.867745, 16.8 ], [ -67.54072, -54.867745, 17.1 ], [ -67.540705, -54.867746667, 17.1 ], [ -67.540696667, -54.867748333, 17.2 ], [ -67.540681667, -54.867748333, 17.4 ], [ -67.540665, -54.867748333, 17.6 ], [ -67.540651667, -54.86775, 17.7 ], [ -67.540648333, -54.867751667, 17.7 ], [ -67.540648333, -54.867753333, 18.0 ], [ -67.540645, -54.867753333, 17.8 ], [ -67.540641667, -54.86775, 17.8 ], [ -67.540635, -54.867746667, 17.8 ], [ -67.540623333, -54.867745, 17.7 ], [ -67.540608333, -54.867741667, 17.7 ], [ -67.540595, -54.86774, 17.7 ], [ -67.540586667, -54.867738333, 17.5 ], [ -67.540586667, -54.867735, 17.2 ], [ -67.540586667, -54.867731667, 16.9 ], [ -67.540585, -54.867728333, 16.8 ], [ -67.540583333, -54.867728333, 16.8 ], [ -67.540585, -54.867725, 16.7 ], [ -67.540585, -54.867725, 16.7 ], [ -67.540585, -54.867725, 16.7 ], [ -67.540585, -54.867725, 16.7 ], [ -67.540578333, -54.867721667, 16.8 ], [ -67.540568333, -54.867718333, 16.8 ], [ -67.540561667, -54.867718333, 16.5 ], [ -67.540551667, -54.867718333, 16.5 ], [ -67.540543333, -54.867718333, 16.5 ], [ -67.540543333, -54.867718333, 16.5 ], [ -67.540543333, -54.867718333, 16.5 ], [ -67.540543333, -54.867718333, 16.5 ], [ -67.540543333, -54.867718333, 16.5 ], [ -67.540521667, -54.867706667, 16.2 ], [ -67.540505, -54.867708333, 15.9 ], [ -67.54049, -54.86771, 15.7 ], [ -67.540471667, -54.867708333, 15.4 ], [ -67.54044, -54.86771, 15.1 ], [ -67.540418333, -54.86771, 15.0 ], [ -67.540403333, -54.867713333, 15.3 ], [ -67.540388333, -54.867711667, 15.1 ], [ -67.540376667, -54.86771, 15.3 ], [ -67.540361667, -54.867703333, 15.3 ], [ -67.540341667, -54.867696667, 15.0 ], [ -67.540323333, -54.867695, 15.0 ], [ -67.540306667, -54.86769, 14.9 ], [ -67.5403, -54.867691667, 14.9 ], [ -67.540285, -54.867691667, 15.1 ], [ -67.54027, -54.867688333, 15.3 ], [ -67.540256667, -54.867685, 15.9 ], [ -67.540243333, -54.867683333, 16.5 ], [ -67.54023, -54.86768, 16.8 ], [ -67.540221667, -54.867678333, 16.9 ], [ -67.540201667, -54.867673333, 17.0 ], [ -67.540163333, -54.867663333, 18.4 ], [ -67.540161667, -54.867663333, 18.9 ], [ -67.540163333, -54.867661667, 18.9 ], [ -67.540163333, -54.867665, 18.9 ], [ -67.540163333, -54.86767, 18.7 ], [ -67.540163333, -54.867673333, 18.7 ], [ -67.540163333, -54.867678333, 18.5 ], [ -67.540161667, -54.867683333, 18.3 ], [ -67.540158333, -54.867686667, 18.0 ], [ -67.540151667, -54.867691667, 17.6 ], [ -67.540145, -54.867698333, 17.4 ], [ -67.540141667, -54.867703333, 17.5 ], [ -67.54014, -54.867708333, 17.4 ], [ -67.54013, -54.86771, 17.3 ], [ -67.540121667, -54.867706667, 17.0 ], [ -67.54012, -54.867703333, 16.9 ], [ -67.54012, -54.867705, 16.8 ], [ -67.540118333, -54.867706667, 16.7 ], [ -67.540116667, -54.867706667, 16.5 ], [ -67.540121667, -54.867708333, 16.4 ], [ -67.540111667, -54.867695, 16.8 ], [ -67.540096667, -54.867688333, 17.0 ], [ -67.54008, -54.867686667, 16.9 ], [ -67.540063333, -54.867685, 17.4 ], [ -67.54006, -54.867685, 17.9 ], [ -67.54006, -54.867685, 17.9 ], [ -67.540048333, -54.867668333, 18.4 ], [ -67.540011667, -54.867646667, 18.4 ], [ -67.53998, -54.867645, 18.6 ], [ -67.539965, -54.867645, 19.1 ], [ -67.539965, -54.867641667, 19.2 ], [ -67.539968333, -54.867641667, 19.5 ], [ -67.539961667, -54.86765, 19.5 ], [ -67.539948333, -54.86767, 19.6 ], [ -67.539911667, -54.867681667, 19.6 ], [ -67.539905, -54.86769, 19.2 ], [ -67.539893333, -54.867695, 18.9 ], [ -67.539888333, -54.867698333, 18.7 ], [ -67.539876667, -54.867701667, 18.6 ], [ -67.539873333, -54.867701667, 18.6 ], [ -67.53984, -54.8677, 18.5 ], [ -67.539813333, -54.86771, 18.8 ], [ -67.539776667, -54.867706667, 18.7 ], [ -67.539775, -54.867713333, 18.7 ], [ -67.539783333, -54.867711667, 18.8 ], [ -67.539781667, -54.867715, 18.9 ], [ -67.539788333, -54.867711667, 18.9 ], [ -67.539786667, -54.867708333, 18.8 ], [ -67.539781667, -54.867706667, 18.6 ], [ -67.53978, -54.867708333, 18.5 ], [ -67.539776667, -54.867708333, 18.3 ], [ -67.539776667, -54.867708333, 18.2 ], [ -67.539778333, -54.867708333, 18.1 ], [ -67.539773333, -54.867706667, 18.1 ], [ -67.539771667, -54.867705, 18.3 ], [ -67.539768333, -54.867701667, 18.2 ], [ -67.539763333, -54.8677, 18.1 ], [ -67.539753333, -54.867698333, 18.1 ], [ -67.539743333, -54.867696667, 18.1 ], [ -67.539733333, -54.867696667, 18.2 ], [ -67.539718333, -54.867693333, 18.1 ], [ -67.539705, -54.86769, 18.0 ], [ -67.539696667, -54.867688333, 17.9 ], [ -67.539685, -54.867688333, 17.8 ], [ -67.53967, -54.867686667, 17.5 ], [ -67.539658333, -54.867686667, 17.5 ], [ -67.539643333, -54.867685, 17.5 ], [ -67.539628333, -54.867686667, 17.6 ], [ -67.539608333, -54.867688333, 17.6 ], [ -67.539593333, -54.867686667, 17.6 ], [ -67.539578333, -54.86769, 17.5 ], [ -67.539561667, -54.86769, 17.4 ], [ -67.53955, -54.867688333, 17.4 ], [ -67.539543333, -54.867686667, 17.4 ], [ -67.539535, -54.867685, 17.4 ], [ -67.539523333, -54.867683333, 17.1 ], [ -67.539506667, -54.867681667, 16.6 ], [ -67.539488333, -54.86768, 16.3 ], [ -67.539473333, -54.867681667, 16.2 ], [ -67.53946, -54.86768, 16.1 ], [ -67.539443333, -54.867678333, 16.1 ], [ -67.539426667, -54.867676667, 16.2 ], [ -67.539415, -54.867675, 16.4 ], [ -67.539403333, -54.867673333, 16.5 ], [ -67.539383333, -54.867673333, 16.4 ], [ -67.539361667, -54.867673333, 16.1 ], [ -67.53934, -54.86767, 16.0 ], [ -67.53932, -54.867666667, 16.2 ], [ -67.539305, -54.867663333, 16.2 ], [ -67.539291667, -54.867663333, 16.0 ], [ -67.539275, -54.867665, 16.0 ], [ -67.539263333, -54.867663333, 15.5 ], [ -67.53925, -54.867663333, 15.3 ], [ -67.539238333, -54.86766, 15.4 ], [ -67.539218333, -54.867656667, 15.5 ], [ -67.539203333, -54.867653333, 15.3 ], [ -67.539186667, -54.867653333, 15.4 ], [ -67.539173333, -54.867651667, 15.8 ], [ -67.539161667, -54.867651667, 15.8 ], [ -67.539145, -54.867651667, 15.9 ], [ -67.539131667, -54.867651667, 15.8 ], [ -67.539123333, -54.86765, 15.8 ], [ -67.53911, -54.867645, 15.7 ], [ -67.539095, -54.867645, 15.8 ], [ -67.539075, -54.867648333, 16.1 ], [ -67.539061667, -54.867648333, 16.2 ], [ -67.539046667, -54.867646667, 16.5 ], [ -67.539036667, -54.867646667, 16.8 ], [ -67.539026667, -54.867641667, 16.8 ], [ -67.539011667, -54.867648333, 16.8 ], [ -67.538993333, -54.86765, 16.8 ], [ -67.538981667, -54.867646667, 16.8 ], [ -67.538961667, -54.867643333, 16.5 ], [ -67.538941667, -54.867636667, 15.9 ], [ -67.538941667, -54.867636667, 15.9 ], [ -67.53893, -54.867631667, 16.0 ], [ -67.538908333, -54.867625, 16.0 ], [ -67.538855, -54.867625, 15.8 ], [ -67.538836667, -54.867618333, 15.7 ], [ -67.538835, -54.867603333, 15.2 ], [ -67.538818333, -54.8676, 15.1 ], [ -67.538796667, -54.867595, 15.1 ], [ -67.538776667, -54.867595, 14.5 ], [ -67.53876, -54.867591667, 14.5 ], [ -67.53876, -54.867598333, 14.2 ], [ -67.538755, -54.867598333, 14.2 ], [ -67.538716667, -54.867591667, 13.9 ], [ -67.538691667, -54.867588333, 14.1 ], [ -67.538668333, -54.867583333, 14.4 ], [ -67.53865, -54.867578333, 14.7 ], [ -67.538631667, -54.867573333, 14.8 ], [ -67.538613333, -54.867566667, 14.9 ], [ -67.538601667, -54.867556667, 15.1 ], [ -67.538588333, -54.867546667, 15.3 ], [ -67.538578333, -54.867535, 15.3 ], [ -67.538551667, -54.867535, 16.0 ], [ -67.538541667, -54.867526667, 16.1 ], [ -67.538538333, -54.867518333, 16.0 ], [ -67.538541667, -54.86751, 16.1 ], [ -67.538545, -54.86751, 16.2 ], [ -67.538546667, -54.86751, 16.1 ], [ -67.538546667, -54.867511667, 16.0 ], [ -67.538543333, -54.867511667, 15.9 ], [ -67.538545, -54.867513333, 15.9 ], [ -67.538545, -54.867513333, 15.9 ], [ -67.538545, -54.867515, 15.8 ], [ -67.538551667, -54.867511667, 16.1 ], [ -67.538553333, -54.86751, 16.2 ], [ -67.538555, -54.867506667, 16.3 ], [ -67.538553333, -54.867506667, 16.4 ], [ -67.538553333, -54.867506667, 16.4 ], [ -67.538553333, -54.867506667, 16.4 ], [ -67.538553333, -54.867506667, 16.4 ], [ -67.538553333, -54.867506667, 16.4 ], [ -67.538553333, -54.867506667, 16.4 ], [ -67.538553333, -54.867506667, 16.4 ], [ -67.538553333, -54.867506667, 16.4 ], [ -67.538553333, -54.867506667, 16.4 ], [ -67.538553333, -54.867506667, 16.4 ], [ -67.538553333, -54.867506667, 16.4 ], [ -67.538553333, -54.867506667, 16.4 ], [ -67.538553333, -54.867506667, 16.4 ], [ -67.538553333, -54.867506667, 16.4 ], [ -67.538553333, -54.867506667, 16.4 ], [ -67.538553333, -54.867506667, 16.4 ], [ -67.538553333, -54.867506667, 16.4 ], [ -67.538553333, -54.867506667, 16.4 ], [ -67.538553333, -54.867506667, 16.4 ], [ -67.538553333, -54.867506667, 16.4 ], [ -67.538553333, -54.867506667, 16.4 ], [ -67.538553333, -54.867506667, 16.4 ], [ -67.538553333, -54.867506667, 16.4 ], [ -67.538553333, -54.867506667, 16.4 ], [ -67.538553333, -54.867506667, 16.4 ], [ -67.538553333, -54.867506667, 16.4 ], [ -67.538553333, -54.867506667, 16.4 ], [ -67.538553333, -54.867506667, 16.4 ], [ -67.538553333, -54.867506667, 16.4 ], [ -67.538553333, -54.867506667, 16.4 ], [ -67.538553333, -54.867506667, 16.4 ], [ -67.538553333, -54.867506667, 16.4 ], [ -67.538553333, -54.867506667, 16.4 ], [ -67.538553333, -54.867506667, 16.4 ], [ -67.538553333, -54.867506667, 16.4 ], [ -67.538553333, -54.867506667, 16.4 ], [ -67.538553333, -54.867506667, 16.4 ], [ -67.538553333, -54.867506667, 16.4 ], [ -67.538553333, -54.867506667, 16.4 ], [ -67.538553333, -54.867506667, 16.4 ], [ -67.538553333, -54.867506667, 16.4 ], [ -67.538553333, -54.867506667, 16.4 ], [ -67.538553333, -54.867506667, 16.4 ], [ -67.538553333, -54.867506667, 16.4 ], [ -67.538553333, -54.867506667, 16.4 ], [ -67.538553333, -54.867506667, 16.4 ], [ -67.538553333, -54.867506667, 16.4 ], [ -67.538553333, -54.867506667, 16.4 ], [ -67.538553333, -54.867506667, 16.4 ], [ -67.538553333, -54.867506667, 16.4 ], [ -67.538553333, -54.867506667, 16.4 ], [ -67.538553333, -54.867506667, 16.4 ], [ -67.538553333, -54.867506667, 16.4 ], [ -67.538553333, -54.867506667, 16.4 ], [ -67.538553333, -54.867506667, 16.4 ], [ -67.538553333, -54.867506667, 16.4 ], [ -67.538553333, -54.867506667, 16.4 ], [ -67.538553333, -54.867506667, 16.4 ], [ -67.538553333, -54.867506667, 16.4 ], [ -67.538553333, -54.867506667, 16.4 ], [ -67.538553333, -54.867506667, 16.4 ], [ -67.538553333, -54.867506667, 16.4 ], [ -67.538553333, -54.867506667, 16.4 ], [ -67.538553333, -54.867506667, 16.4 ], [ -67.538553333, -54.867506667, 16.4 ], [ -67.538553333, -54.867506667, 16.4 ], [ -67.538553333, -54.867506667, 16.4 ], [ -67.538553333, -54.867506667, 16.4 ], [ -67.538553333, -54.867506667, 16.4 ], [ -67.538553333, -54.867506667, 16.4 ], [ -67.538553333, -54.867506667, 16.4 ], [ -67.538553333, -54.867506667, 16.4 ], [ -67.538553333, -54.867506667, 16.4 ], [ -67.538553333, -54.867506667, 16.4 ], [ -67.538553333, -54.867506667, 16.4 ], [ -67.538553333, -54.867506667, 16.4 ], [ -67.538553333, -54.867506667, 16.4 ], [ -67.538553333, -54.867506667, 16.4 ], [ -67.538553333, -54.867506667, 16.4 ], [ -67.538553333, -54.867506667, 16.4 ], [ -67.538553333, -54.867506667, 16.4 ], [ -67.538553333, -54.867506667, 16.4 ], [ -67.538553333, -54.867506667, 16.4 ], [ -67.538553333, -54.867506667, 16.4 ], [ -67.538553333, -54.867506667, 16.4 ], [ -67.538553333, -54.867506667, 16.4 ], [ -67.538553333, -54.867506667, 16.4 ], [ -67.538553333, -54.867506667, 16.4 ], [ -67.538553333, -54.867506667, 16.4 ], [ -67.538553333, -54.867506667, 16.4 ], [ -67.538553333, -54.867506667, 16.4 ], [ -67.538553333, -54.867506667, 16.4 ], [ -67.538553333, -54.867506667, 16.4 ], [ -67.538553333, -54.867506667, 16.4 ], [ -67.538553333, -54.867506667, 16.4 ], [ -67.538553333, -54.867506667, 16.4 ], [ -67.538553333, -54.867506667, 16.4 ], [ -67.538553333, -54.867506667, 16.4 ], [ -67.538553333, -54.867506667, 16.4 ], [ -67.538553333, -54.867506667, 16.4 ], [ -67.538553333, -54.867506667, 16.4 ], [ -67.538553333, -54.867506667, 16.4 ], [ -67.538553333, -54.867506667, 16.4 ], [ -67.538553333, -54.867506667, 16.4 ], [ -67.538553333, -54.867506667, 16.4 ], [ -67.538553333, -54.867506667, 16.4 ], [ -67.538553333, -54.867506667, 16.4 ], [ -67.538553333, -54.867506667, 16.4 ], [ -67.538553333, -54.867506667, 16.4 ], [ -67.538553333, -54.867506667, 16.4 ], [ -67.538553333, -54.867506667, 16.4 ], [ -67.538553333, -54.867506667, 16.4 ], [ -67.538553333, -54.867506667, 16.4 ], [ -67.538553333, -54.867506667, 16.4 ], [ -67.538553333, -54.867506667, 16.4 ], [ -67.538553333, -54.867506667, 16.4 ], [ -67.538553333, -54.867506667, 16.4 ], [ -67.538553333, -54.867506667, 16.4 ], [ -67.538553333, -54.867506667, 16.4 ], [ -67.538553333, -54.867506667, 16.4 ], [ -67.538555, -54.867528333, 17.8 ], [ -67.538553333, -54.867536667, 17.6 ], [ -67.538556667, -54.867546667, 17.5 ], [ -67.538565, -54.867561667, 17.6 ], [ -67.538578333, -54.867573333, 17.6 ], [ -67.53859, -54.867586667, 17.8 ], [ -67.538605, -54.867598333, 17.9 ], [ -67.538623333, -54.867608333, 17.8 ], [ -67.538651667, -54.867618333, 17.6 ], [ -67.538678333, -54.867625, 18.0 ], [ -67.538701667, -54.867626667, 18.4 ], [ -67.538726667, -54.867628333, 19.0 ], [ -67.53875, -54.867628333, 19.5 ], [ -67.53877, -54.867628333, 19.5 ], [ -67.5388, -54.86763, 19.1 ], [ -67.538833333, -54.867631667, 18.8 ], [ -67.538866667, -54.867631667, 18.9 ], [ -67.538898333, -54.867631667, 19.3 ], [ -67.538938333, -54.867638333, 19.5 ], [ -67.538978333, -54.867641667, 19.7 ], [ -67.539025, -54.867645, 19.6 ], [ -67.539071667, -54.867646667, 19.3 ], [ -67.539115, -54.867646667, 19.3 ], [ -67.539153333, -54.867648333, 19.1 ], [ -67.539193333, -54.867653333, 19.1 ], [ -67.539228333, -54.867656667, 19.0 ], [ -67.539258333, -54.867658333, 18.8 ], [ -67.539281667, -54.86766, 18.8 ], [ -67.539303333, -54.867661667, 18.7 ], [ -67.53932, -54.867661667, 18.8 ], [ -67.539326667, -54.867663333, 18.7 ], [ -67.539326667, -54.867661667, 18.7 ], [ -67.539325, -54.867661667, 18.7 ], [ -67.539323333, -54.86766, 18.5 ], [ -67.539321667, -54.867658333, 18.4 ], [ -67.53932, -54.867658333, 18.3 ], [ -67.53932, -54.867656667, 18.2 ], [ -67.539321667, -54.867658333, 18.2 ], [ -67.539321667, -54.867658333, 18.2 ], [ -67.539323333, -54.867658333, 18.4 ], [ -67.539323333, -54.867658333, 18.4 ], [ -67.539323333, -54.867658333, 18.4 ], [ -67.539323333, -54.867658333, 18.4 ], [ -67.539323333, -54.867658333, 18.4 ], [ -67.539323333, -54.867658333, 18.4 ], [ -67.539323333, -54.867658333, 18.4 ], [ -67.539323333, -54.867658333, 18.4 ], [ -67.539323333, -54.867658333, 18.4 ], [ -67.539323333, -54.867658333, 18.4 ], [ -67.539323333, -54.867658333, 18.4 ], [ -67.539323333, -54.867658333, 18.4 ], [ -67.539323333, -54.867658333, 18.4 ], [ -67.539323333, -54.867658333, 18.4 ], [ -67.539323333, -54.867658333, 18.4 ], [ -67.539348333, -54.867663333, 18.5 ], [ -67.53937, -54.867663333, 18.8 ], [ -67.539393333, -54.867663333, 19.2 ], [ -67.53942, -54.867663333, 19.7 ], [ -67.539448333, -54.867666667, 20.0 ], [ -67.539475, -54.86767, 20.3 ], [ -67.539503333, -54.867671667, 20.2 ], [ -67.539528333, -54.867675, 20.1 ], [ -67.539551667, -54.86768, 20.0 ], [ -67.53958, -54.86768, 19.8 ], [ -67.539603333, -54.86768, 19.2 ], [ -67.539628333, -54.867683333, 18.8 ], [ -67.539663333, -54.86769, 19.3 ], [ -67.539696667, -54.867695, 19.5 ], [ -67.539736667, -54.867701667, 19.7 ], [ -67.539776667, -54.867708333, 19.4 ], [ -67.539811667, -54.867708333, 18.6 ], [ -67.539841667, -54.86771, 18.5 ], [ -67.539875, -54.867711667, 18.8 ], [ -67.539901667, -54.867713333, 18.7 ], [ -67.539931667, -54.867715, 18.7 ], [ -67.539968333, -54.867713333, 19.1 ], [ -67.540005, -54.86771, 18.9 ], [ -67.540041667, -54.867706667, 18.4 ], [ -67.540076667, -54.867701667, 18.0 ], [ -67.540113333, -54.8677, 17.7 ], [ -67.54015, -54.867696667, 17.7 ], [ -67.540193333, -54.867695, 17.3 ], [ -67.540228333, -54.867695, 17.1 ], [ -67.540261667, -54.867698333, 17.0 ], [ -67.540291667, -54.867701667, 16.7 ], [ -67.540323333, -54.867701667, 16.5 ], [ -67.540348333, -54.867701667, 16.2 ], [ -67.540381667, -54.867705, 16.9 ], [ -67.540413333, -54.867708333, 17.2 ], [ -67.540445, -54.867713333, 17.5 ], [ -67.540473333, -54.867718333, 18.1 ], [ -67.540511667, -54.867725, 18.8 ], [ -67.54055, -54.86773, 19.3 ], [ -67.540588333, -54.867733333, 19.9 ], [ -67.540633333, -54.867731667, 20.2 ], [ -67.540675, -54.867736667, 20.0 ], [ -67.540715, -54.867738333, 20.3 ], [ -67.540751667, -54.867741667, 20.4 ], [ -67.540783333, -54.867746667, 20.4 ], [ -67.540818333, -54.867756667, 20.0 ], [ -67.540848333, -54.867756667, 19.4 ], [ -67.540898333, -54.867755, 19.0 ], [ -67.540955, -54.867755, 19.2 ], [ -67.541011667, -54.867756667, 19.8 ], [ -67.541068333, -54.867758333, 20.6 ], [ -67.54111, -54.867761667, 20.6 ], [ -67.541153333, -54.867766667, 21.3 ], [ -67.541191667, -54.867773333, 21.5 ], [ -67.54123, -54.867776667, 21.5 ], [ -67.54127, -54.867778333, 21.1 ], [ -67.541315, -54.867781667, 21.2 ], [ -67.541371667, -54.867791667, 21.0 ], [ -67.541416667, -54.867796667, 21.2 ], [ -67.541463333, -54.867803333, 21.4 ], [ -67.541508333, -54.867808333, 21.0 ], [ -67.541548333, -54.867813333, 20.6 ], [ -67.541598333, -54.867816667, 20.2 ], [ -67.541645, -54.86782, 20.1 ], [ -67.541693333, -54.867821667, 19.9 ], [ -67.541741667, -54.867823333, 19.9 ], [ -67.541791667, -54.867825, 19.8 ], [ -67.541841667, -54.867826667, 19.7 ], [ -67.541891667, -54.86783, 19.8 ], [ -67.541941667, -54.867836667, 19.7 ], [ -67.541988333, -54.867846667, 20.0 ], [ -67.54203, -54.867858333, 19.9 ], [ -67.542081667, -54.867866667, 20.1 ], [ -67.542138333, -54.867873333, 20.2 ], [ -67.542196667, -54.867876667, 20.2 ], [ -67.542266667, -54.867881667, 20.5 ], [ -67.54232, -54.867888333, 19.9 ], [ -67.542371667, -54.867896667, 19.8 ], [ -67.542421667, -54.867903333, 19.7 ], [ -67.542465, -54.867906667, 19.2 ], [ -67.542495, -54.867911667, 19.2 ], [ -67.542513333, -54.86791, 18.9 ], [ -67.542533333, -54.867908333, 18.5 ], [ -67.54256, -54.867906667, 18.4 ], [ -67.542588333, -54.867911667, 18.6 ], [ -67.542616667, -54.867921667, 18.6 ], [ -67.542651667, -54.86793, 18.6 ], [ -67.542688333, -54.867933333, 18.8 ], [ -67.542723333, -54.867936667, 19.0 ], [ -67.542765, -54.86794, 19.6 ], [ -67.542808333, -54.867941667, 20.0 ], [ -67.54285, -54.867948333, 20.3 ], [ -67.542891667, -54.867953333, 20.5 ], [ -67.542936667, -54.86796, 20.7 ], [ -67.542985, -54.867966667, 20.5 ], [ -67.543031667, -54.867973333, 20.0 ], [ -67.543076667, -54.867978333, 19.4 ], [ -67.543121667, -54.867983333, 19.2 ], [ -67.543168333, -54.867988333, 19.2 ], [ -67.543208333, -54.867996667, 19.6 ], [ -67.543256667, -54.868003333, 19.2 ], [ -67.543298333, -54.86801, 18.8 ], [ -67.543335, -54.86801, 18.7 ], [ -67.543373333, -54.868013333, 19.1 ], [ -67.54341, -54.868016667, 19.2 ], [ -67.543448333, -54.86802, 19.4 ], [ -67.543478333, -54.868025, 19.5 ], [ -67.54351, -54.86803, 19.5 ], [ -67.543545, -54.868031667, 19.6 ], [ -67.543583333, -54.868038333, 19.8 ], [ -67.543628333, -54.86804, 19.9 ], [ -67.543676667, -54.868043333, 19.9 ], [ -67.54372, -54.868056667, 19.7 ], [ -67.543761667, -54.868065, 19.7 ], [ -67.543803333, -54.868083333, 19.8 ], [ -67.543845, -54.868088333, 19.4 ], [ -67.543891667, -54.86809, 19.2 ], [ -67.543935, -54.868093333, 19.1 ], [ -67.543976667, -54.86809, 18.7 ], [ -67.544021667, -54.868095, 18.7 ], [ -67.544065, -54.868105, 18.9 ], [ -67.544113333, -54.868106667, 18.7 ], [ -67.544151667, -54.868113333, 18.4 ], [ -67.544195, -54.868123333, 18.9 ], [ -67.54423, -54.86813, 19.3 ], [ -67.544263333, -54.868136667, 20.1 ], [ -67.544288333, -54.868136667, 20.4 ], [ -67.544313333, -54.86814, 20.8 ], [ -67.544336667, -54.86814, 20.8 ], [ -67.54436, -54.868138333, 20.8 ], [ -67.544383333, -54.86814, 20.9 ], [ -67.544403333, -54.868145, 21.1 ], [ -67.544426667, -54.868148333, 21.2 ], [ -67.544453333, -54.868158333, 21.3 ], [ -67.54448, -54.868163333, 21.3 ], [ -67.544508333, -54.868165, 21.1 ], [ -67.544538333, -54.868168333, 21.1 ], [ -67.544566667, -54.868168333, 20.8 ], [ -67.544598333, -54.868171667, 20.2 ], [ -67.544628333, -54.868178333, 19.7 ], [ -67.544666667, -54.868185, 19.7 ], [ -67.544701667, -54.868183333, 19.7 ], [ -67.544731667, -54.868178333, 19.6 ], [ -67.544763333, -54.868176667, 19.7 ], [ -67.544796667, -54.868176667, 19.8 ], [ -67.544828333, -54.868178333, 19.6 ], [ -67.544863333, -54.868183333, 19.6 ], [ -67.544896667, -54.868188333, 19.6 ], [ -67.544931667, -54.868193333, 18.9 ], [ -67.544965, -54.868198333, 18.5 ], [ -67.544998333, -54.868205, 18.1 ], [ -67.545028333, -54.868206667, 18.0 ], [ -67.545051667, -54.868208333, 18.3 ], [ -67.545076667, -54.86821, 18.4 ], [ -67.545098333, -54.868213333, 18.5 ], [ -67.545116667, -54.868215, 18.4 ], [ -67.545136667, -54.868213333, 18.1 ], [ -67.545166667, -54.868215, 17.9 ], [ -67.545196667, -54.868213333, 17.3 ], [ -67.54523, -54.868211667, 16.7 ], [ -67.54527, -54.868213333, 16.9 ], [ -67.545311667, -54.868216667, 16.8 ], [ -67.545356667, -54.868215, 16.0 ], [ -67.5454, -54.868221667, 15.9 ], [ -67.545441667, -54.868226667, 15.7 ], [ -67.54548, -54.86823, 15.6 ], [ -67.545516667, -54.868233333, 16.4 ], [ -67.545548333, -54.868236667, 16.8 ], [ -67.545571667, -54.868238333, 17.4 ], [ -67.545595, -54.868243333, 17.7 ], [ -67.545623333, -54.868246667, 18.2 ], [ -67.54565, -54.868251667, 18.8 ], [ -67.545681667, -54.868251667, 19.2 ], [ -67.545716667, -54.868248333, 18.6 ], [ -67.545756667, -54.868245, 18.0 ], [ -67.54579, -54.868245, 18.0 ], [ -67.545823333, -54.868241667, 17.9 ], [ -67.54586, -54.868236667, 17.6 ], [ -67.545908333, -54.868233333, 17.5 ], [ -67.545948333, -54.868233333, 17.4 ], [ -67.54599, -54.868236667, 17.6 ], [ -67.546035, -54.868246667, 18.8 ], [ -67.546075, -54.86825, 19.3 ], [ -67.546116667, -54.868251667, 19.8 ], [ -67.546156667, -54.868251667, 19.9 ], [ -67.546195, -54.868251667, 20.2 ], [ -67.546228333, -54.868251667, 20.9 ], [ -67.546268333, -54.86825, 21.0 ], [ -67.546295, -54.86825, 21.2 ], [ -67.546315, -54.868248333, 21.1 ], [ -67.546336667, -54.868245, 21.2 ], [ -67.546355, -54.868248333, 21.6 ], [ -67.546368333, -54.868251667, 22.0 ], [ -67.54638, -54.868251667, 21.9 ], [ -67.54639, -54.868253333, 21.9 ], [ -67.546396667, -54.86825, 21.9 ], [ -67.546405, -54.86825, 21.7 ], [ -67.546415, -54.86825, 21.2 ], [ -67.546426667, -54.86825, 21.0 ], [ -67.546453333, -54.868251667, 20.6 ], [ -67.546488333, -54.868253333, 19.9 ], [ -67.546526667, -54.868256667, 19.4 ], [ -67.546556667, -54.868263333, 18.9 ], [ -67.546595, -54.868261667, 18.7 ], [ -67.546633333, -54.868255, 18.5 ], [ -67.546675, -54.868251667, 18.6 ], [ -67.546713333, -54.868251667, 18.7 ], [ -67.546755, -54.86825, 18.5 ], [ -67.546791667, -54.868235, 17.6 ], [ -67.546826667, -54.86823, 17.6 ], [ -67.546863333, -54.868223333, 17.1 ], [ -67.546896667, -54.868215, 16.5 ], [ -67.546935, -54.868206667, 16.0 ], [ -67.546976667, -54.868201667, 15.6 ], [ -67.547015, -54.868195, 15.3 ], [ -67.547053333, -54.8682, 15.3 ], [ -67.54709, -54.86821, 15.7 ], [ -67.54713, -54.868213333, 16.1 ], [ -67.547165, -54.868211667, 16.3 ], [ -67.547196667, -54.868211667, 16.2 ], [ -67.547228333, -54.86821, 15.9 ], [ -67.547265, -54.868208333, 15.9 ], [ -67.5473, -54.868208333, 15.9 ], [ -67.547345, -54.86821, 16.8 ], [ -67.547385, -54.86821, 17.4 ], [ -67.547421667, -54.868215, 17.8 ], [ -67.547465, -54.868218333, 18.5 ], [ -67.54751, -54.868218333, 18.2 ], [ -67.54755, -54.86822, 18.0 ], [ -67.547593333, -54.868216667, 18.2 ], [ -67.54763, -54.868213333, 17.9 ], [ -67.547673333, -54.868216667, 18.1 ], [ -67.547716667, -54.868218333, 18.0 ], [ -67.54776, -54.868223333, 18.2 ], [ -67.547798333, -54.868225, 18.3 ], [ -67.547838333, -54.868226667, 18.1 ], [ -67.547876667, -54.868228333, 17.9 ], [ -67.54792, -54.868228333, 18.0 ], [ -67.54796, -54.86823, 18.2 ], [ -67.547996667, -54.868231667, 18.0 ], [ -67.548026667, -54.868231667, 17.7 ], [ -67.54806, -54.868231667, 17.5 ], [ -67.548101667, -54.868238333, 16.9 ], [ -67.54814, -54.868245, 16.7 ], [ -67.548183333, -54.868248333, 17.0 ], [ -67.548228333, -54.868253333, 17.1 ], [ -67.548268333, -54.868255, 16.7 ], [ -67.548313333, -54.868255, 16.5 ], [ -67.548361667, -54.868256667, 16.6 ], [ -67.548406667, -54.868261667, 16.8 ], [ -67.54846, -54.868271667, 17.6 ], [ -67.5485, -54.868278333, 18.1 ], [ -67.548538333, -54.86828, 18.1 ], [ -67.548566667, -54.868283333, 18.2 ], [ -67.548585, -54.868283333, 18.1 ], [ -67.548581667, -54.868283333, 18.1 ], [ -67.548576667, -54.868275, 18.1 ], [ -67.548588333, -54.868241667, 18.1 ], [ -67.54865, -54.868196667, 18.0 ], [ -67.548693333, -54.86819, 17.9 ], [ -67.548746667, -54.868183333, 17.8 ], [ -67.548073333, -54.868178333, 17.8 ], [ -67.548731667, -54.868181667, 17.8 ], [ -67.548785, -54.868153333, 17.8 ], [ -67.548868333, -54.868145, 18.2 ], [ -67.54892, -54.868166667, 18.4 ], [ -67.548955, -54.868176667, 18.5 ], [ -67.548995, -54.868178333, 18.7 ], [ -67.549031667, -54.868188333, 18.9 ], [ -67.549083333, -54.868198333, 19.0 ], [ -67.549133333, -54.868205, 19.1 ], [ -67.549186667, -54.868213333, 19.2 ], [ -67.549246667, -54.868218333, 19.3 ], [ -67.549305, -54.868228333, 19.5 ], [ -67.549363333, -54.868238333, 19.3 ], [ -67.549418333, -54.868251667, 19.2 ], [ -67.549466667, -54.868268333, 19.2 ], [ -67.549525, -54.868281667, 19.2 ], [ -67.549585, -54.868303333, 19.1 ], [ -67.549635, -54.868315, 19.1 ], [ -67.549685, -54.86833, 19.0 ], [ -67.54976, -54.868363333, 19.1 ], [ -67.549828333, -54.868388333, 19.1 ], [ -67.549868333, -54.868391667, 19.0 ], [ -67.549921667, -54.868405, 19.0 ], [ -67.549978333, -54.868408333, 18.7 ], [ -67.550041667, -54.868426667, 18.8 ], [ -67.550106667, -54.868446667, 18.6 ], [ -67.550165, -54.868461667, 18.4 ], [ -67.550211667, -54.868473333, 18.4 ], [ -67.550251667, -54.868478333, 18.6 ], [ -67.55029, -54.868481667, 18.7 ], [ -67.55034, -54.868486667, 18.6 ], [ -67.550395, -54.868493333, 18.5 ], [ -67.55045, -54.868501667, 18.5 ], [ -67.550501667, -54.868506667, 18.6 ], [ -67.550563333, -54.86852, 19.0 ], [ -67.550618333, -54.868535, 19.1 ], [ -67.550668333, -54.86855, 19.2 ], [ -67.550713333, -54.86857, 19.7 ], [ -67.550765, -54.868585, 20.0 ], [ -67.550816667, -54.868596667, 19.8 ], [ -67.550855, -54.868586667, 17.4 ], [ -67.550893333, -54.868578333, 15.2 ], [ -67.550938333, -54.868588333, 14.3 ], [ -67.550986667, -54.868598333, 13.9 ], [ -67.551033333, -54.86861, 13.6 ], [ -67.551085, -54.86862, 12.8 ], [ -67.551125, -54.868616667, 11.4 ], [ -67.551166667, -54.868621667, 10.2 ], [ -67.551213333, -54.868635, 9.9 ], [ -67.551253333, -54.868645, 10.1 ], [ -67.551295, -54.86866, 11.4 ], [ -67.55134, -54.86867, 11.7 ], [ -67.551381667, -54.86868, 12.3 ], [ -67.551428333, -54.868695, 13.2 ], [ -67.551471667, -54.868708333, 13.9 ], [ -67.551513333, -54.868718333, 14.8 ], [ -67.551553333, -54.868721667, 15.3 ], [ -67.551591667, -54.868725, 15.3 ], [ -67.551631667, -54.86873, 15.4 ], [ -67.551671667, -54.86873, 15.8 ], [ -67.551713333, -54.868736667, 16.1 ], [ -67.551755, -54.86874, 15.2 ], [ -67.551796667, -54.868743333, 15.3 ], [ -67.551841667, -54.868751667, 14.9 ], [ -67.55188, -54.868761667, 16.1 ], [ -67.55193, -54.868768333, 16.4 ], [ -67.551971667, -54.868761667, 15.1 ], [ -67.552011667, -54.86877, 15.8 ], [ -67.552056667, -54.868775, 15.9 ], [ -67.552051667, -54.868773333, 15.9 ], [ -67.552045, -54.868755, 15.9 ], [ -67.552068333, -54.868756667, 16.0 ], [ -67.552111667, -54.868756667, 15.8 ], [ -67.552155, -54.868758333, 15.6 ], [ -67.552181667, -54.868751667, 15.5 ], [ -67.552203333, -54.868726667, 15.7 ], [ -67.552216667, -54.868695, 15.9 ], [ -67.552215, -54.868721667, 15.4 ], [ -67.552068333, -54.868716667, 15.6 ], [ -67.552046667, -54.868741667, 15.4 ], [ -67.552056667, -54.868743333, 15.4 ], [ -67.552103333, -54.868733333, 15.4 ], [ -67.552156667, -54.86874, 15.0 ], [ -67.552183333, -54.868735, 15.2 ], [ -67.55221, -54.868746667, 15.4 ], [ -67.55224, -54.868756667, 15.4 ], [ -67.552266667, -54.868756667, 15.6 ], [ -67.552291667, -54.868755, 15.5 ], [ -67.55231, -54.868745, 15.5 ], [ -67.552341667, -54.868751667, 15.2 ], [ -67.552373333, -54.86877, 15.1 ], [ -67.552393333, -54.868771667, 15.0 ], [ -67.552418333, -54.86879, 14.9 ], [ -67.552438333, -54.868796667, 15.0 ], [ -67.552468333, -54.86881, 15.0 ], [ -67.552491667, -54.868825, 15.1 ], [ -67.552508333, -54.868826667, 15.2 ], [ -67.552515, -54.868821667, 15.4 ], [ -67.552515, -54.86882, 15.6 ], [ -67.55252, -54.868818333, 15.7 ], [ -67.552513333, -54.868815, 15.8 ], [ -67.552518333, -54.868821667, 15.7 ], [ -67.552523333, -54.868825, 15.8 ], [ -67.552528333, -54.868826667, 15.7 ], [ -67.552528333, -54.868826667, 15.7 ], [ -67.552528333, -54.868826667, 15.7 ], [ -67.552526667, -54.868825, 15.8 ], [ -67.552525, -54.868825, 15.8 ], [ -67.55252, -54.868825, 15.8 ], [ -67.552518333, -54.868826667, 15.7 ], [ -67.552511667, -54.86883, 15.7 ], [ -67.552503333, -54.868836667, 15.6 ], [ -67.552503333, -54.868836667, 15.6 ], [ -67.552503333, -54.868836667, 15.6 ], [ -67.552503333, -54.868836667, 15.6 ], [ -67.552503333, -54.868836667, 15.6 ], [ -67.552503333, -54.868836667, 15.6 ], [ -67.552503333, -54.868836667, 15.6 ], [ -67.552503333, -54.868836667, 15.6 ], [ -67.552503333, -54.868836667, 15.6 ], [ -67.552503333, -54.868836667, 15.6 ], [ -67.552503333, -54.868836667, 15.6 ], [ -67.552503333, -54.868836667, 15.6 ], [ -67.552503333, -54.868836667, 15.6 ], [ -67.552503333, -54.868836667, 15.6 ], [ -67.552503333, -54.868836667, 15.6 ], [ -67.552503333, -54.868836667, 15.6 ], [ -67.552503333, -54.868836667, 15.6 ], [ -67.552503333, -54.868836667, 15.6 ], [ -67.552503333, -54.868836667, 15.6 ], [ -67.552503333, -54.868836667, 15.6 ], [ -67.552503333, -54.868836667, 15.6 ], [ -67.552503333, -54.868836667, 15.6 ], [ -67.552503333, -54.868836667, 15.6 ], [ -67.552503333, -54.868836667, 15.6 ], [ -67.552503333, -54.868836667, 15.6 ], [ -67.552503333, -54.868836667, 15.6 ], [ -67.552503333, -54.868836667, 15.6 ], [ -67.552503333, -54.868836667, 15.6 ], [ -67.552423333, -54.868876667, 14.8 ], [ -67.55242, -54.868886667, 14.5 ], [ -67.55242, -54.868886667, 14.5 ], [ -67.55242, -54.868886667, 14.5 ], [ -67.55242, -54.868886667, 14.5 ], [ -67.55251, -54.868881667, 14.3 ], [ -67.552528333, -54.868875, 14.2 ], [ -67.55253, -54.868865, 14.6 ], [ -67.552528333, -54.868858333, 14.8 ], [ -67.552518333, -54.86887, 13.8 ], [ -67.552523333, -54.868863333, 14.5 ], [ -67.552515, -54.868866667, 13.9 ], [ -67.552511667, -54.868865, 13.2 ], [ -67.552505, -54.868863333, 13.1 ], [ -67.552505, -54.868865, 13.3 ], [ -67.552501667, -54.868863333, 13.4 ], [ -67.552508333, -54.868865, 13.2 ], [ -67.552516667, -54.868865, 13.2 ], [ -67.552516667, -54.868865, 13.2 ], [ -67.552541667, -54.868866667, 13.6 ], [ -67.552563333, -54.868868333, 13.9 ], [ -67.552578333, -54.86887, 14.2 ], [ -67.552598333, -54.868875, 14.2 ], [ -67.552625, -54.868878333, 14.1 ], [ -67.552656667, -54.868878333, 14.1 ], [ -67.552693333, -54.868886667, 14.2 ], [ -67.552725, -54.868885, 14.1 ], [ -67.552748333, -54.868888333, 14.1 ], [ -67.552768333, -54.868888333, 14.1 ], [ -67.552788333, -54.868888333, 13.9 ], [ -67.552808333, -54.868893333, 13.9 ], [ -67.552825, -54.868893333, 13.6 ], [ -67.552858333, -54.8689, 13.6 ], [ -67.552883333, -54.868903333, 13.6 ], [ -67.55291, -54.868906667, 14.0 ], [ -67.552938333, -54.86891, 14.4 ], [ -67.552956667, -54.868915, 14.1 ], [ -67.552981667, -54.86891, 14.2 ], [ -67.553005, -54.868903333, 13.7 ], [ -67.553028333, -54.8689, 13.3 ], [ -67.553051667, -54.868901667, 13.8 ], [ -67.553076667, -54.868905, 14.2 ], [ -67.553108333, -54.86891, 13.9 ], [ -67.553141667, -54.86892, 14.2 ], [ -67.553171667, -54.868923333, 13.8 ], [ -67.553208333, -54.868923333, 13.0 ], [ -67.553248333, -54.86893, 13.2 ], [ -67.553285, -54.868935, 13.6 ], [ -67.55332, -54.868938333, 13.9 ], [ -67.553358333, -54.868943333, 13.8 ], [ -67.553408333, -54.868951667, 12.5 ], [ -67.553448333, -54.868951667, 11.3 ], [ -67.553488333, -54.868953333, 11.0 ], [ -67.55353, -54.868948333, 10.8 ], [ -67.553558333, -54.868953333, 11.5 ], [ -67.553586667, -54.868958333, 11.9 ], [ -67.553613333, -54.868968333, 12.3 ], [ -67.553638333, -54.868971667, 12.6 ], [ -67.553675, -54.868973333, 12.8 ], [ -67.553708333, -54.868978333, 13.5 ], [ -67.55374, -54.868983333, 13.8 ], [ -67.553763333, -54.868978333, 13.5 ], [ -67.553798333, -54.868978333, 13.0 ], [ -67.553831667, -54.868983333, 13.0 ], [ -67.553863333, -54.868988333, 12.8 ], [ -67.553885, -54.868986667, 12.9 ], [ -67.553856667, -54.868943333, 12.9 ], [ -67.55385, -54.868918333, 12.9 ], [ -67.553863333, -54.868951667, 12.5 ], [ -67.553873333, -54.868961667, 12.5 ], [ -67.553843333, -54.868956667, 12.6 ], [ -67.55382, -54.868925, 12.5 ], [ -67.553775, -54.868881667, 12.2 ], [ -67.553728333, -54.86883, 12.2 ], [ -67.553766667, -54.868926667, 12.5 ], [ -67.553736667, -54.868903333, 12.7 ], [ -67.55354, -54.868845, 12.6 ], [ -67.553876667, -54.868983333, 12.5 ], [ -67.55392, -54.869011667, 12.6 ], [ -67.553915, -54.869011667, 12.6 ], [ -67.554003333, -54.868996667, 12.6 ], [ -67.5541, -54.869005, 12.6 ], [ -67.554201667, -54.869035, 12.6 ], [ -67.554305, -54.869076667, 12.7 ], [ -67.55437, -54.869111667, 12.7 ], [ -67.554481667, -54.869158333, 12.8 ], [ -67.554536667, -54.869148333, 12.8 ], [ -67.554601667, -54.869125, 12.8 ], [ -67.554565, -54.869163333, 12.9 ], [ -67.55469, -54.86922, 12.9 ], [ -67.554748333, -54.869241667, 12.9 ], [ -67.554818333, -54.869256667, 13.0 ], [ -67.554858333, -54.869268333, 13.0 ], [ -67.55487, -54.869275, 13.2 ], [ -67.554933333, -54.869286667, 13.3 ], [ -67.55499, -54.869303333, 13.3 ], [ -67.555063333, -54.869325, 13.4 ], [ -67.555091667, -54.86933, 13.4 ], [ -67.555135, -54.869318333, 13.3 ], [ -67.555165, -54.869318333, 13.4 ], [ -67.555186667, -54.869315, 13.3 ], [ -67.555198333, -54.869305, 13.2 ], [ -67.555218333, -54.869295, 13.2 ], [ -67.55524, -54.869308333, 13.2 ], [ -67.555255, -54.869295, 13.2 ], [ -67.55528, -54.869286667, 13.3 ], [ -67.555306667, -54.869285, 12.8 ], [ -67.555331667, -54.869293333, 13.0 ], [ -67.555353333, -54.8693, 13.8 ], [ -67.555386667, -54.869303333, 14.1 ], [ -67.555428333, -54.869306667, 14.3 ], [ -67.555463333, -54.869316667, 14.0 ], [ -67.555496667, -54.869321667, 13.9 ], [ -67.555516667, -54.86934, 15.4 ], [ -67.555531667, -54.869351667, 16.7 ], [ -67.555528333, -54.869338333, 15.6 ], [ -67.555526667, -54.869333333, 16.2 ], [ -67.555515, -54.86933, 16.3 ], [ -67.555491667, -54.869323333, 16.4 ], [ -67.55548, -54.869321667, 16.6 ], [ -67.555475, -54.86932, 18.5 ], [ -67.555518333, -54.869298333, 21.9 ], [ -67.555543333, -54.869311667, 21.0 ], [ -67.555543333, -54.869313333, 21.0 ], [ -67.555538333, -54.869316667, 20.6 ], [ -67.555546667, -54.86931, 20.5 ], [ -67.55555, -54.86931, 20.3 ], [ -67.55555, -54.86931, 20.3 ], [ -67.55555, -54.86931, 20.3 ], [ -67.55555, -54.86931, 20.3 ], [ -67.55555, -54.86931, 20.3 ], [ -67.55555, -54.86931, 20.3 ], [ -67.55555, -54.86931, 20.3 ], [ -67.55555, -54.86931, 20.3 ], [ -67.55555, -54.86931, 20.3 ], [ -67.555501667, -54.86928, 19.5 ], [ -67.55549, -54.869268333, 19.5 ], [ -67.555541667, -54.869241667, 19.5 ], [ -67.555581667, -54.869228333, 19.2 ], [ -67.555348333, -54.86919, 19.2 ], [ -67.55542, -54.869235, 19.2 ], [ -67.555416667, -54.86923, 19.2 ], [ -67.55542, -54.86922, 19.2 ], [ -67.55543, -54.869211667, 19.2 ], [ -67.555446667, -54.869211667, 19.2 ], [ -67.555458333, -54.869208333, 19.2 ], [ -67.555466667, -54.86921, 19.2 ], [ -67.555471667, -54.86921, 19.2 ], [ -67.555475, -54.869213333, 19.1 ], [ -67.555475, -54.869216667, 19.1 ], [ -67.555481667, -54.86921, 19.1 ], [ -67.555495, -54.869215, 19.1 ], [ -67.555488333, -54.869216667, 19.2 ], [ -67.555481667, -54.869216667, 19.2 ], [ -67.555488333, -54.869238333, 19.3 ], [ -67.555506667, -54.869246667, 19.3 ], [ -67.555528333, -54.869235, 19.4 ], [ -67.555566667, -54.869213333, 19.0 ], [ -67.555561667, -54.8692, 18.7 ], [ -67.555585, -54.869191667, 18.0 ], [ -67.555601667, -54.869213333, 17.7 ], [ -67.5556, -54.869215, 16.6 ], [ -67.555593333, -54.869225, 16.7 ], [ -67.55558, -54.869231667, 16.9 ], [ -67.55555, -54.86924, 17.0 ], [ -67.555511667, -54.869243333, 17.4 ], [ -67.555488333, -54.869278333, 17.4 ], [ -67.555476667, -54.869303333, 17.3 ], [ -67.555488333, -54.869308333, 16.8 ], [ -67.555491667, -54.869311667, 17.0 ], [ -67.555491667, -54.869321667, 17.8 ], [ -67.55551, -54.869326667, 18.1 ], [ -67.555521667, -54.86933, 18.7 ], [ -67.555533333, -54.869328333, 18.3 ], [ -67.555536667, -54.86933, 17.8 ], [ -67.555533333, -54.869326667, 17.8 ], [ -67.55553, -54.869321667, 17.3 ], [ -67.555528333, -54.869325, 17.4 ], [ -67.555535, -54.86933, 16.8 ], [ -67.555531667, -54.869333333, 16.5 ], [ -67.555531667, -54.869333333, 16.4 ], [ -67.555528333, -54.869336667, 16.3 ], [ -67.555528333, -54.869336667, 16.3 ], [ -67.555511667, -54.869328333, 16.4 ], [ -67.55551, -54.86932, 16.5 ], [ -67.555526667, -54.869316667, 16.4 ], [ -67.555545, -54.869308333, 16.3 ], [ -67.555563333, -54.86931, 16.3 ], [ -67.555593333, -54.869318333, 16.2 ], [ -67.555635, -54.869321667, 16.1 ], [ -67.55567, -54.86933, 16.0 ], [ -67.555708333, -54.86934, 16.2 ], [ -67.555755, -54.869348333, 16.4 ], [ -67.555803333, -54.869355, 16.6 ], [ -67.55586, -54.869358333, 16.6 ], [ -67.55591, -54.86936, 16.8 ], [ -67.555963333, -54.869363333, 16.9 ], [ -67.556016667, -54.869365, 17.2 ], [ -67.556065, -54.869365, 17.0 ], [ -67.55611, -54.869368333, 16.7 ], [ -67.556166667, -54.869371667, 16.9 ], [ -67.556213333, -54.869371667, 16.8 ], [ -67.556271667, -54.869368333, 16.8 ], [ -67.556308333, -54.869368333, 17.2 ], [ -67.556363333, -54.869356667, 16.9 ], [ -67.556416667, -54.86935, 16.4 ], [ -67.556466667, -54.869351667, 16.5 ], [ -67.55652, -54.869353333, 16.6 ], [ -67.556665, -54.86932, 16.5 ], [ -67.556751667, -54.869301667, 16.3 ], [ -67.556728333, -54.869318333, 15.0 ], [ -67.556726667, -54.869331667, 18.4 ], [ -67.556658333, -54.869363333, 18.9 ], [ -67.55668, -54.869371667, 19.0 ], [ -67.5567, -54.869371667, 18.8 ], [ -67.556683333, -54.869385, 18.1 ], [ -67.556695, -54.86938, 18.2 ], [ -67.556711667, -54.86938, 17.8 ], [ -67.556716667, -54.86938, 18.1 ], [ -67.556805, -54.869393333, 18.1 ], [ -67.556751667, -54.869376667, 17.9 ], [ -67.556823333, -54.869376667, 17.9 ], [ -67.556916667, -54.869378333, 18.2 ], [ -67.55697, -54.869381667, 18.2 ], [ -67.557033333, -54.869385, 18.3 ], [ -67.557098333, -54.869391667, 18.3 ], [ -67.557153333, -54.869405, 18.3 ], [ -67.557215, -54.869415, 18.3 ], [ -67.557278333, -54.869418333, 18.4 ], [ -67.557355, -54.869411667, 18.3 ], [ -67.557421667, -54.869413333, 18.3 ], [ -67.557471667, -54.8694, 18.3 ], [ -67.557525, -54.869386667, 18.4 ], [ -67.557568333, -54.869376667, 18.3 ], [ -67.557616667, -54.86937, 18.4 ], [ -67.557666667, -54.86936, 18.5 ], [ -67.557703333, -54.869358333, 18.5 ], [ -67.557745, -54.869351667, 18.5 ], [ -67.557781667, -54.869345, 18.5 ], [ -67.557815, -54.869335, 18.6 ], [ -67.55785, -54.869333333, 18.6 ], [ -67.557888333, -54.869333333, 18.6 ], [ -67.557943333, -54.869326667, 18.7 ], [ -67.558, -54.869323333, 18.6 ], [ -67.558033333, -54.869315, 18.7 ], [ -67.558071667, -54.869306667, 18.6 ], [ -67.55811, -54.869295, 18.5 ], [ -67.55814, -54.869283333, 18.4 ], [ -67.558176667, -54.86928, 18.4 ], [ -67.558213333, -54.869278333, 18.6 ], [ -67.558246667, -54.869275, 18.7 ], [ -67.558285, -54.869271667, 18.8 ], [ -67.558328333, -54.869266667, 19.0 ], [ -67.558373333, -54.869265, 19.1 ], [ -67.558411667, -54.869265, 19.2 ], [ -67.558455, -54.869265, 19.3 ], [ -67.558496667, -54.869263333, 19.4 ], [ -67.558528333, -54.869256667, 19.4 ], [ -67.55858, -54.869266667, 19.5 ], [ -67.558626667, -54.86927, 19.6 ], [ -67.558676667, -54.869276667, 19.7 ], [ -67.558721667, -54.869283333, 19.5 ], [ -67.558755, -54.86928, 19.5 ], [ -67.558798333, -54.869281667, 19.7 ], [ -67.558838333, -54.869276667, 19.8 ], [ -67.558883333, -54.869271667, 19.6 ], [ -67.558921667, -54.869271667, 19.6 ], [ -67.558956667, -54.869263333, 19.9 ], [ -67.558995, -54.869261667, 19.8 ], [ -67.559025, -54.869261667, 19.8 ], [ -67.559041667, -54.86925, 19.9 ], [ -67.559073333, -54.869248333, 20.1 ], [ -67.5591, -54.86925, 20.3 ], [ -67.55913, -54.869253333, 20.5 ], [ -67.559163333, -54.869251667, 20.5 ], [ -67.559185, -54.869255, 20.6 ], [ -67.559196667, -54.869246667, 20.8 ], [ -67.559216667, -54.869243333, 20.7 ], [ -67.559231667, -54.869248333, 20.7 ], [ -67.559253333, -54.869251667, 20.6 ], [ -67.559281667, -54.869245, 20.8 ], [ -67.559306667, -54.869241667, 20.5 ], [ -67.559316667, -54.86924, 20.0 ], [ -67.55933, -54.869236667, 20.2 ], [ -67.559345, -54.869243333, 20.1 ], [ -67.559401667, -54.869201667, 20.6 ], [ -67.559418333, -54.869186667, 19.8 ], [ -67.55945, -54.86918, 19.0 ], [ -67.559475, -54.86919, 17.6 ], [ -67.559516667, -54.869176667, 17.8 ], [ -67.559558333, -54.869171667, 18.0 ], [ -67.559606667, -54.869175, 18.4 ], [ -67.559656667, -54.86918, 19.1 ], [ -67.559696667, -54.869181667, 19.8 ], [ -67.55974, -54.869181667, 20.3 ], [ -67.559781667, -54.869175, 21.0 ], [ -67.55982, -54.869163333, 20.8 ], [ -67.559868333, -54.869155, 21.4 ], [ -67.559916667, -54.869145, 22.0 ], [ -67.559961667, -54.869138333, 22.4 ], [ -67.559998333, -54.869136667, 22.9 ], [ -67.560011667, -54.869131667, 23.8 ], [ -67.560031667, -54.869123333, 23.4 ], [ -67.560075, -54.869123333, 24.2 ], [ -67.560105, -54.869131667, 22.7 ], [ -67.560121667, -54.869125, 22.9 ], [ -67.56016, -54.869126667, 21.9 ], [ -67.560203333, -54.869115, 22.2 ], [ -67.560256667, -54.869111667, 22.3 ], [ -67.560311667, -54.86911, 22.2 ], [ -67.560363333, -54.869113333, 22.0 ], [ -67.560411667, -54.869111667, 22.0 ], [ -67.560448333, -54.86912, 22.0 ], [ -67.560475, -54.869121667, 22.2 ], [ -67.560508333, -54.869131667, 21.7 ], [ -67.560533333, -54.869126667, 21.3 ], [ -67.560555, -54.86914, 19.6 ], [ -67.560578333, -54.869138333, 19.3 ], [ -67.560605, -54.869126667, 19.3 ], [ -67.560635, -54.86912, 19.4 ], [ -67.56066, -54.86911, 19.2 ], [ -67.560685, -54.869128333, 17.0 ], [ -67.560685, -54.869126667, 17.0 ], [ -67.560693333, -54.869138333, 17.0 ], [ -67.560718333, -54.869178333, 17.0 ], [ -67.560725, -54.869218333, 16.9 ], [ -67.560725, -54.86921, 17.0 ], [ -67.56073, -54.869198333, 17.0 ], [ -67.56073, -54.869196667, 17.0 ], [ -67.560735, -54.869196667, 17.0 ], [ -67.560785, -54.869193333, 17.1 ], [ -67.560825, -54.869195, 17.1 ], [ -67.56085, -54.869185, 17.3 ], [ -67.56086, -54.869183333, 17.6 ], [ -67.560865, -54.869175, 17.9 ], [ -67.560876667, -54.869171667, 18.6 ], [ -67.560876667, -54.869171667, 18.6 ], [ -67.560876667, -54.869171667, 18.6 ], [ -67.560876667, -54.869171667, 18.6 ], [ -67.560841667, -54.869176667, 19.9 ], [ -67.560776667, -54.86916, 20.0 ], [ -67.560776667, -54.86916, 20.0 ], [ -67.560776667, -54.86916, 20.0 ], [ -67.560776667, -54.86916, 20.0 ], [ -67.560776667, -54.86916, 20.0 ], [ -67.560776667, -54.86916, 20.0 ], [ -67.560703333, -54.869143333, 18.5 ], [ -67.5607, -54.869141667, 18.3 ], [ -67.560698333, -54.869141667, 18.1 ], [ -67.560693333, -54.869138333, 18.0 ], [ -67.560693333, -54.869136667, 17.8 ], [ -67.560693333, -54.869133333, 17.7 ], [ -67.560693333, -54.869133333, 17.7 ], [ -67.560696667, -54.869128333, 17.3 ], [ -67.560698333, -54.86913, 17.2 ], [ -67.560701667, -54.86913, 17.0 ], [ -67.5607, -54.869133333, 16.9 ], [ -67.560696667, -54.869135, 16.8 ], [ -67.560698333, -54.869138333, 16.7 ], [ -67.560698333, -54.869133333, 16.6 ], [ -67.560705, -54.869133333, 16.6 ], [ -67.560718333, -54.86913, 16.3 ], [ -67.560738333, -54.869128333, 15.9 ], [ -67.560766667, -54.869131667, 15.6 ], [ -67.560788333, -54.869131667, 15.2 ], [ -67.560806667, -54.869133333, 14.8 ], [ -67.56083, -54.869135, 14.4 ], [ -67.560851667, -54.869141667, 14.1 ], [ -67.560873333, -54.869148333, 13.6 ], [ -67.560901667, -54.86915, 13.2 ], [ -67.560933333, -54.869155, 12.9 ], [ -67.560946667, -54.869155, 12.5 ], [ -67.560968333, -54.869151667, 12.3 ], [ -67.560978333, -54.869143333, 12.1 ], [ -67.560978333, -54.869135, 12.4 ], [ -67.560966667, -54.869131667, 12.8 ], [ -67.560961667, -54.869128333, 13.2 ], [ -67.560963333, -54.869121667, 13.1 ], [ -67.56097, -54.869123333, 13.6 ], [ -67.560971667, -54.86913, 14.0 ], [ -67.560971667, -54.869128333, 14.4 ], [ -67.560973333, -54.869131667, 14.7 ], [ -67.560976667, -54.869135, 14.8 ], [ -67.56098, -54.869136667, 14.8 ], [ -67.560978333, -54.869138333, 15.0 ], [ -67.560978333, -54.869138333, 15.0 ], [ -67.560978333, -54.869138333, 15.0 ], [ -67.560978333, -54.869138333, 15.0 ], [ -67.560978333, -54.869138333, 15.0 ], [ -67.560978333, -54.869138333, 15.0 ], [ -67.560978333, -54.869138333, 15.0 ], [ -67.560978333, -54.869138333, 15.0 ], [ -67.560978333, -54.869138333, 15.0 ], [ -67.560978333, -54.869138333, 15.0 ], [ -67.560978333, -54.869138333, 15.0 ], [ -67.561, -54.86915, 14.0 ], [ -67.561006667, -54.869155, 14.4 ], [ -67.561015, -54.869156667, 14.7 ], [ -67.561015, -54.869156667, 14.7 ], [ -67.561015, -54.869155, 14.7 ], [ -67.561003333, -54.86914, 14.8 ], [ -67.561, -54.86914, 14.8 ], [ -67.561003333, -54.86914, 15.0 ], [ -67.561003333, -54.869145, 14.8 ], [ -67.561, -54.869146667, 14.6 ], [ -67.56099, -54.869151667, 14.4 ], [ -67.560978333, -54.869156667, 14.3 ], [ -67.560973333, -54.869163333, 14.0 ], [ -67.560968333, -54.869153333, 13.9 ], [ -67.560966667, -54.869143333, 13.6 ], [ -67.560976667, -54.869136667, 13.7 ], [ -67.560981667, -54.869131667, 14.2 ], [ -67.56098, -54.869133333, 15.0 ], [ -67.560991667, -54.869136667, 14.9 ], [ -67.56101, -54.869126667, 14.8 ], [ -67.56104, -54.869116667, 14.5 ], [ -67.561048333, -54.869116667, 14.3 ], [ -67.561051667, -54.869116667, 14.3 ], [ -67.561056667, -54.86912, 14.1 ], [ -67.56106, -54.869125, 14.1 ], [ -67.561056667, -54.869131667, 14.3 ], [ -67.561048333, -54.869131667, 14.1 ], [ -67.561036667, -54.86913, 14.1 ], [ -67.56103, -54.869131667, 14.2 ], [ -67.561038333, -54.869138333, 14.2 ], [ -67.561068333, -54.86915, 14.4 ], [ -67.561093333, -54.869156667, 14.5 ], [ -67.561121667, -54.869163333, 14.5 ], [ -67.561148333, -54.869166667, 14.7 ], [ -67.561171667, -54.869176667, 14.8 ], [ -67.56119, -54.86918, 14.9 ], [ -67.56121, -54.86919, 14.9 ], [ -67.561225, -54.869193333, 14.7 ], [ -67.561251667, -54.8692, 14.6 ], [ -67.561276667, -54.869206667, 14.8 ], [ -67.561306667, -54.869218333, 15.2 ], [ -67.561331667, -54.869231667, 15.5 ], [ -67.561358333, -54.869245, 15.8 ], [ -67.56138, -54.869256667, 16.2 ], [ -67.561403333, -54.869266667, 16.4 ], [ -67.561423333, -54.869273333, 16.4 ], [ -67.561458333, -54.86927, 15.8 ], [ -67.56148, -54.869263333, 15.0 ], [ -67.561506667, -54.869263333, 15.0 ], [ -67.561528333, -54.869268333, 15.1 ], [ -67.561543333, -54.869275, 15.2 ], [ -67.561561667, -54.869278333, 15.6 ], [ -67.561578333, -54.869281667, 15.8 ], [ -67.561573333, -54.869285, 16.1 ], [ -67.56157, -54.869285, 16.0 ], [ -67.561568333, -54.86929, 16.2 ], [ -67.561571667, -54.869296667, 16.4 ], [ -67.561568333, -54.869293333, 16.2 ], [ -67.561561667, -54.869285, 16.2 ], [ -67.561556667, -54.869273333, 15.6 ], [ -67.56155, -54.869276667, 15.3 ], [ -67.561548333, -54.86928, 15.3 ], [ -67.561546667, -54.869276667, 15.2 ], [ -67.561545, -54.869273333, 15.2 ], [ -67.561551667, -54.869268333, 15.2 ], [ -67.561555, -54.869263333, 15.1 ], [ -67.56156, -54.86926, 15.0 ], [ -67.561563333, -54.869258333, 14.9 ], [ -67.561565, -54.869258333, 14.8 ], [ -67.561561667, -54.869256667, 14.8 ], [ -67.561558333, -54.869256667, 14.7 ], [ -67.561558333, -54.869256667, 14.7 ], [ -67.561558333, -54.869256667, 14.7 ], [ -67.561558333, -54.869256667, 14.7 ], [ -67.561558333, -54.869256667, 14.7 ], [ -67.561558333, -54.869256667, 14.7 ], [ -67.561558333, -54.869256667, 14.7 ], [ -67.561558333, -54.869256667, 14.7 ], [ -67.561558333, -54.869256667, 14.7 ], [ -67.561558333, -54.869256667, 14.7 ], [ -67.561558333, -54.869256667, 14.7 ], [ -67.561558333, -54.869256667, 14.7 ], [ -67.561558333, -54.869256667, 14.7 ], [ -67.561558333, -54.869256667, 14.7 ], [ -67.561558333, -54.869256667, 14.7 ], [ -67.561558333, -54.869256667, 14.7 ], [ -67.561558333, -54.869256667, 14.7 ], [ -67.561558333, -54.869256667, 14.7 ], [ -67.561558333, -54.869256667, 14.7 ], [ -67.561558333, -54.869256667, 14.7 ], [ -67.561558333, -54.869256667, 14.7 ], [ -67.561558333, -54.869256667, 14.7 ], [ -67.561558333, -54.869256667, 14.7 ], [ -67.561558333, -54.869256667, 14.7 ], [ -67.561558333, -54.869256667, 14.7 ], [ -67.561558333, -54.869256667, 14.7 ], [ -67.561558333, -54.869256667, 14.7 ], [ -67.561558333, -54.869256667, 14.7 ], [ -67.561558333, -54.869256667, 14.7 ], [ -67.561558333, -54.869256667, 14.7 ], [ -67.561558333, -54.869256667, 14.7 ], [ -67.561558333, -54.869256667, 14.7 ], [ -67.561558333, -54.869256667, 14.7 ], [ -67.561558333, -54.869256667, 14.7 ], [ -67.561558333, -54.869256667, 14.7 ], [ -67.561558333, -54.869256667, 14.7 ], [ -67.561558333, -54.869256667, 14.7 ], [ -67.561558333, -54.869256667, 14.7 ], [ -67.561558333, -54.869256667, 14.7 ], [ -67.561558333, -54.869256667, 14.7 ], [ -67.561558333, -54.869256667, 14.7 ], [ -67.561558333, -54.869256667, 14.7 ], [ -67.561558333, -54.869256667, 14.7 ], [ -67.561558333, -54.869256667, 14.7 ], [ -67.561558333, -54.869256667, 14.7 ], [ -67.561558333, -54.869256667, 14.7 ], [ -67.561558333, -54.869256667, 14.7 ], [ -67.561558333, -54.869256667, 14.7 ], [ -67.561558333, -54.869256667, 14.7 ], [ -67.561558333, -54.869256667, 14.7 ], [ -67.561558333, -54.869256667, 14.7 ], [ -67.561558333, -54.869256667, 14.7 ], [ -67.561558333, -54.869256667, 14.7 ], [ -67.561598333, -54.869285, 13.6 ], [ -67.561615, -54.869293333, 13.8 ], [ -67.561631667, -54.8693, 14.1 ], [ -67.561645, -54.869303333, 14.2 ], [ -67.561661667, -54.869308333, 14.3 ], [ -67.561683333, -54.869316667, 14.3 ], [ -67.561713333, -54.86933, 14.6 ], [ -67.561741667, -54.869341667, 14.8 ], [ -67.561771667, -54.869348333, 15.1 ], [ -67.56182, -54.86936, 15.1 ], [ -67.561856667, -54.86937, 15.0 ], [ -67.561893333, -54.869385, 15.1 ], [ -67.561926667, -54.869393333, 15.1 ], [ -67.561948333, -54.869401667, 14.8 ], [ -67.561971667, -54.869408333, 15.0 ], [ -67.56196, -54.869401667, 15.0 ], [ -67.56194, -54.869391667, 14.3 ], [ -67.56193, -54.869395, 13.7 ], [ -67.561998333, -54.869413333, 14.1 ], [ -67.562008333, -54.869423333, 14.5 ], [ -67.56201, -54.869433333, 14.5 ], [ -67.562011667, -54.869451667, 14.4 ], [ -67.562005, -54.869475, 14.2 ], [ -67.561983333, -54.869488333, 14.1 ], [ -67.561988333, -54.86949, 14.1 ], [ -67.562048333, -54.869493333, 14.1 ], [ -67.562071667, -54.86949, 13.8 ], [ -67.562065, -54.86949, 13.7 ], [ -67.562055, -54.86949, 13.6 ], [ -67.56206, -54.86949, 13.7 ], [ -67.562068333, -54.86948, 13.7 ], [ -67.562075, -54.869478333, 13.7 ], [ -67.56208, -54.869473333, 13.7 ], [ -67.56208, -54.869473333, 13.7 ], [ -67.56208, -54.869473333, 13.7 ], [ -67.56208, -54.869473333, 13.7 ], [ -67.56208, -54.869473333, 13.7 ], [ -67.56208, -54.869473333, 13.7 ], [ -67.56208, -54.869473333, 13.7 ], [ -67.56208, -54.869473333, 13.7 ], [ -67.56208, -54.869473333, 13.7 ], [ -67.56208, -54.869473333, 13.7 ], [ -67.56208, -54.869473333, 13.7 ], [ -67.56208, -54.869473333, 13.7 ], [ -67.56208, -54.869473333, 13.7 ], [ -67.56208, -54.869473333, 13.7 ], [ -67.56208, -54.869473333, 13.7 ], [ -67.56208, -54.869473333, 13.7 ], [ -67.56208, -54.869473333, 13.7 ], [ -67.56208, -54.869473333, 13.7 ], [ -67.56208, -54.869473333, 13.7 ], [ -67.56208, -54.869473333, 13.7 ], [ -67.56208, -54.869473333, 13.7 ], [ -67.56208, -54.869473333, 13.7 ], [ -67.56208, -54.869473333, 13.7 ], [ -67.56208, -54.869473333, 13.7 ], [ -67.562113333, -54.869468333, 13.8 ], [ -67.562113333, -54.869466667, 13.8 ], [ -67.562111667, -54.869466667, 14.2 ], [ -67.562111667, -54.869466667, 14.2 ], [ -67.562111667, -54.869466667, 14.2 ], [ -67.562111667, -54.869466667, 14.2 ], [ -67.562111667, -54.869466667, 14.2 ], [ -67.562111667, -54.869466667, 14.2 ], [ -67.562111667, -54.869466667, 14.2 ], [ -67.562111667, -54.869466667, 14.2 ], [ -67.562111667, -54.869466667, 14.2 ], [ -67.562111667, -54.869466667, 14.2 ], [ -67.562111667, -54.869466667, 14.2 ], [ -67.562111667, -54.869466667, 14.2 ], [ -67.562143333, -54.869471667, 14.4 ], [ -67.562161667, -54.869476667, 14.2 ], [ -67.56218, -54.869481667, 14.0 ], [ -67.562198333, -54.869486667, 14.1 ], [ -67.562223333, -54.869493333, 14.0 ], [ -67.562243333, -54.869501667, 13.7 ], [ -67.562268333, -54.869513333, 13.8 ], [ -67.562286667, -54.869523333, 13.8 ], [ -67.562305, -54.869533333, 14.2 ], [ -67.562323333, -54.869541667, 14.1 ], [ -67.56234, -54.869551667, 14.4 ], [ -67.562361667, -54.869561667, 14.5 ], [ -67.562383333, -54.86957, 14.6 ], [ -67.562408333, -54.86958, 14.7 ], [ -67.56243, -54.869591667, 14.7 ], [ -67.562453333, -54.869606667, 14.8 ], [ -67.562478333, -54.869616667, 14.8 ], [ -67.5625, -54.869628333, 14.5 ], [ -67.562518333, -54.86964, 14.4 ], [ -67.562541667, -54.86965, 13.7 ], [ -67.56256, -54.869658333, 13.6 ], [ -67.562578333, -54.869653333, 14.2 ], [ -67.562608333, -54.869648333, 14.1 ], [ -67.56263, -54.869658333, 14.4 ], [ -67.562641667, -54.869665, 14.1 ], [ -67.56265, -54.869666667, 14.3 ], [ -67.56265, -54.869668333, 14.5 ], [ -67.562648333, -54.869671667, 14.7 ], [ -67.562646667, -54.869675, 15.2 ], [ -67.562645, -54.869675, 15.5 ], [ -67.56264, -54.869675, 16.0 ], [ -67.562643333, -54.869673333, 16.2 ], [ -67.562641667, -54.869671667, 16.2 ], [ -67.56264, -54.869666667, 16.2 ], [ -67.56264, -54.869663333, 16.3 ], [ -67.56264, -54.869661667, 16.4 ], [ -67.56264, -54.869661667, 16.4 ], [ -67.56264, -54.869661667, 16.4 ], [ -67.56264, -54.869661667, 16.4 ], [ -67.56264, -54.869661667, 16.4 ], [ -67.56264, -54.869661667, 16.4 ], [ -67.56264, -54.869661667, 16.4 ], [ -67.56264, -54.869661667, 16.4 ], [ -67.56264, -54.869661667, 16.4 ], [ -67.56264, -54.869661667, 16.4 ], [ -67.56264, -54.869661667, 16.4 ], [ -67.56264, -54.869661667, 16.4 ], [ -67.56264, -54.869661667, 16.4 ], [ -67.56264, -54.869661667, 16.4 ], [ -67.562663333, -54.869638333, 17.3 ], [ -67.562661667, -54.86963, 17.7 ], [ -67.562665, -54.869628333, 18.0 ], [ -67.562673333, -54.86963, 18.0 ], [ -67.562668333, -54.869635, 18.2 ], [ -67.562668333, -54.869635, 18.2 ], [ -67.562668333, -54.869635, 18.2 ], [ -67.562676667, -54.86966, 17.4 ], [ -67.56268, -54.869661667, 17.4 ], [ -67.562685, -54.869661667, 17.4 ], [ -67.562676667, -54.869673333, 16.9 ], [ -67.56267, -54.86968, 16.9 ], [ -67.56266, -54.869683333, 16.6 ], [ -67.562646667, -54.86968, 16.7 ], [ -67.562623333, -54.869676667, 16.8 ], [ -67.562615, -54.869666667, 16.4 ], [ -67.562605, -54.869656667, 16.1 ], [ -67.562598333, -54.86965, 16.1 ], [ -67.562595, -54.869646667, 16.2 ], [ -67.562598333, -54.86965, 16.1 ], [ -67.562601667, -54.869648333, 15.9 ], [ -67.562591667, -54.869638333, 16.1 ], [ -67.562586667, -54.869633333, 16.3 ], [ -67.562578333, -54.869633333, 16.3 ], [ -67.562573333, -54.869631667, 16.0 ], [ -67.562573333, -54.869625, 16.0 ], [ -67.56257, -54.869615, 15.9 ], [ -67.562576667, -54.869605, 15.4 ], [ -67.562588333, -54.869598333, 15.1 ], [ -67.562593333, -54.869595, 15.0 ], [ -67.562595, -54.869591667, 14.8 ], [ -67.562598333, -54.869591667, 14.6 ], [ -67.562606667, -54.869591667, 14.7 ], [ -67.562615, -54.869586667, 14.9 ], [ -67.56262, -54.869583333, 14.9 ], [ -67.562628333, -54.869583333, 14.7 ], [ -67.56263, -54.869581667, 14.7 ], [ -67.562603333, -54.869568333, 15.1 ], [ -67.5626, -54.869543333, 15.1 ], [ -67.562601667, -54.869545, 14.6 ], [ -67.562605, -54.869561667, 14.5 ], [ -67.562621667, -54.869581667, 14.9 ], [ -67.56263, -54.869578333, 15.5 ], [ -67.56263, -54.869575, 16.1 ], [ -67.562628333, -54.869573333, 16.7 ], [ -67.56263, -54.869573333, 17.3 ], [ -67.56263, -54.86957, 17.9 ], [ -67.562635, -54.869561667, 18.2 ], [ -67.562665, -54.869548333, 18.2 ], [ -67.562678333, -54.869543333, 18.2 ], [ -67.562678333, -54.869541667, 18.2 ], [ -67.562698333, -54.869541667, 18.1 ], [ -67.562685, -54.86953, 17.7 ], [ -67.562685, -54.869518333, 17.1 ], [ -67.562701667, -54.869505, 16.9 ], [ -67.562696667, -54.869496667, 16.8 ], [ -67.562691667, -54.869491667, 16.4 ], [ -67.562681667, -54.869485, 16.2 ], [ -67.562693333, -54.869475, 15.6 ], [ -67.5627, -54.869466667, 15.1 ], [ -67.562706667, -54.86946, 14.6 ], [ -67.562708333, -54.869461667, 14.0 ], [ -67.562711667, -54.86946, 13.9 ], [ -67.56271, -54.869453333, 14.2 ], [ -67.562713333, -54.869453333, 14.3 ], [ -67.562715, -54.869451667, 14.7 ], [ -67.56272, -54.869448333, 15.2 ], [ -67.562723333, -54.869441667, 15.5 ], [ -67.562733333, -54.869438333, 15.5 ], [ -67.56275, -54.869436667, 15.6 ], [ -67.56276, -54.869435, 16.0 ], [ -67.562765, -54.869435, 16.5 ], [ -67.562768333, -54.869436667, 17.2 ], [ -67.562763333, -54.869441667, 17.7 ], [ -67.562765, -54.869441667, 17.6 ], [ -67.562766667, -54.869443333, 17.7 ], [ -67.562766667, -54.869443333, 17.8 ], [ -67.562768333, -54.869443333, 17.7 ], [ -67.56277, -54.869443333, 17.6 ], [ -67.562748333, -54.869441667, 18.5 ], [ -67.562746667, -54.869438333, 18.6 ], [ -67.562733333, -54.869436667, 18.5 ], [ -67.562733333, -54.869431667, 18.2 ], [ -67.562723333, -54.86943, 18.7 ], [ -67.56271, -54.869428333, 19.5 ], [ -67.562698333, -54.869425, 19.9 ], [ -67.562701667, -54.869431667, 20.1 ], [ -67.562703333, -54.869435, 20.8 ], [ -67.562713333, -54.869431667, 21.3 ], [ -67.562723333, -54.869438333, 21.8 ], [ -67.56273, -54.869436667, 22.1 ], [ -67.56273, -54.869435, 22.7 ], [ -67.562745, -54.869445, 23.1 ], [ -67.562751667, -54.869456667, 23.8 ], [ -67.562738333, -54.869466667, 24.6 ], [ -67.562728333, -54.869461667, 24.8 ], [ -67.562715, -54.869455, 24.8 ], [ -67.562715, -54.869451667, 24.5 ], [ -67.562716667, -54.869455, 24.8 ], [ -67.562705, -54.869456667, 25.5 ], [ -67.562718333, -54.869458333, 25.9 ], [ -67.562721667, -54.869448333, 26.0 ], [ -67.562716667, -54.869445, 25.9 ], [ -67.562713333, -54.869438333, 26.2 ], [ -67.562706667, -54.869438333, 26.8 ], [ -67.562706667, -54.869438333, 26.9 ], [ -67.562696667, -54.869441667, 27.9 ], [ -67.562691667, -54.869445, 28.3 ], [ -67.562693333, -54.869445, 28.5 ], [ -67.562698333, -54.86944, 28.5 ], [ -67.562716667, -54.869441667, 28.3 ], [ -67.562713333, -54.869451667, 28.8 ], [ -67.562716667, -54.869453333, 28.9 ], [ -67.562771667, -54.86949, 28.2 ], [ -67.562788333, -54.869493333, 27.6 ], [ -67.562793333, -54.869483333, 23.8 ], [ -67.562806667, -54.86948, 22.0 ], [ -67.562801667, -54.869476667, 20.5 ], [ -67.56282, -54.869475, 19.6 ], [ -67.562836667, -54.869471667, 19.4 ], [ -67.562846667, -54.869466667, 19.7 ], [ -67.562861667, -54.869463333, 19.5 ], [ -67.562875, -54.869466667, 19.3 ], [ -67.56288, -54.869466667, 19.3 ], [ -67.562886667, -54.869465, 18.7 ], [ -67.562888333, -54.869468333, 18.6 ], [ -67.562881667, -54.869466667, 18.6 ], [ -67.562875, -54.869465, 18.6 ], [ -67.562873333, -54.869465, 18.4 ], [ -67.562866667, -54.869461667, 18.3 ], [ -67.562866667, -54.869461667, 18.3 ], [ -67.562866667, -54.869461667, 18.3 ], [ -67.562866667, -54.869461667, 18.3 ], [ -67.562866667, -54.869461667, 18.3 ], [ -67.562866667, -54.869461667, 18.3 ], [ -67.562866667, -54.869461667, 18.3 ], [ -67.562866667, -54.869461667, 18.3 ], [ -67.562866667, -54.869461667, 18.3 ], [ -67.562866667, -54.869461667, 18.3 ], [ -67.562866667, -54.869461667, 18.3 ], [ -67.562866667, -54.869461667, 18.3 ], [ -67.562866667, -54.869461667, 18.3 ], [ -67.562866667, -54.869461667, 18.3 ], [ -67.562866667, -54.869461667, 18.3 ], [ -67.562866667, -54.869461667, 18.3 ], [ -67.562866667, -54.869461667, 18.3 ], [ -67.562805, -54.869476667, 19.9 ], [ -67.562805, -54.869471667, 19.7 ], [ -67.562808333, -54.869471667, 19.7 ], [ -67.562811667, -54.869471667, 19.7 ], [ -67.56281, -54.86947, 19.7 ], [ -67.562808333, -54.869458333, 19.3 ], [ -67.562803333, -54.869446667, 19.3 ], [ -67.56281, -54.869446667, 19.1 ], [ -67.562808333, -54.86944, 18.8 ], [ -67.562805, -54.869435, 18.7 ], [ -67.562803333, -54.869431667, 18.6 ], [ -67.562803333, -54.86943, 18.5 ], [ -67.562801667, -54.869428333, 18.3 ], [ -67.562801667, -54.869428333, 18.3 ], [ -67.562801667, -54.869428333, 18.3 ], [ -67.562801667, -54.869428333, 18.3 ], [ -67.562801667, -54.869428333, 18.3 ], [ -67.562801667, -54.869428333, 18.3 ], [ -67.562801667, -54.869428333, 18.3 ], [ -67.562801667, -54.869428333, 18.3 ], [ -67.562801667, -54.869428333, 18.3 ], [ -67.562801667, -54.869428333, 18.3 ], [ -67.562801667, -54.869428333, 18.3 ], [ -67.562801667, -54.869428333, 18.3 ], [ -67.562801667, -54.869428333, 18.3 ], [ -67.562801667, -54.869428333, 18.3 ], [ -67.562801667, -54.869428333, 18.3 ], [ -67.562801667, -54.869428333, 18.3 ], [ -67.562801667, -54.869428333, 18.3 ], [ -67.562801667, -54.869428333, 18.3 ], [ -67.562801667, -54.869428333, 18.3 ], [ -67.562801667, -54.869428333, 18.3 ], [ -67.562801667, -54.869428333, 18.3 ], [ -67.562801667, -54.869428333, 18.3 ], [ -67.562801667, -54.869428333, 18.3 ], [ -67.562801667, -54.869428333, 18.3 ], [ -67.562801667, -54.869428333, 18.3 ], [ -67.562801667, -54.869428333, 18.3 ], [ -67.562801667, -54.869428333, 18.3 ], [ -67.562801667, -54.869428333, 18.3 ], [ -67.562801667, -54.869428333, 18.3 ], [ -67.562801667, -54.869428333, 18.3 ], [ -67.562801667, -54.869428333, 18.3 ], [ -67.562801667, -54.869428333, 18.3 ], [ -67.562801667, -54.869428333, 18.3 ], [ -67.562801667, -54.869428333, 18.3 ], [ -67.562801667, -54.869428333, 18.3 ], [ -67.562801667, -54.869428333, 18.3 ], [ -67.562801667, -54.869428333, 18.3 ], [ -67.562801667, -54.869428333, 18.3 ], [ -67.562801667, -54.869428333, 18.3 ], [ -67.562801667, -54.869428333, 18.3 ], [ -67.562801667, -54.869428333, 18.3 ], [ -67.562801667, -54.869428333, 18.3 ], [ -67.562801667, -54.869428333, 18.3 ], [ -67.562801667, -54.869428333, 18.3 ], [ -67.562801667, -54.869428333, 18.3 ], [ -67.562801667, -54.869428333, 18.3 ], [ -67.562801667, -54.869428333, 18.3 ], [ -67.562801667, -54.869428333, 18.3 ], [ -67.562801667, -54.869428333, 18.3 ], [ -67.562801667, -54.869428333, 18.3 ], [ -67.562801667, -54.869428333, 18.3 ], [ -67.562801667, -54.869428333, 18.3 ], [ -67.562801667, -54.869428333, 18.3 ], [ -67.562801667, -54.869428333, 18.3 ], [ -67.562801667, -54.869428333, 18.3 ], [ -67.562801667, -54.869428333, 18.3 ], [ -67.562801667, -54.869428333, 18.3 ], [ -67.562801667, -54.869428333, 18.3 ], [ -67.562801667, -54.869428333, 18.3 ], [ -67.562801667, -54.869428333, 18.3 ], [ -67.562801667, -54.869428333, 18.3 ], [ -67.562801667, -54.869428333, 18.3 ], [ -67.562801667, -54.869428333, 18.3 ], [ -67.562801667, -54.869428333, 18.3 ], [ -67.562801667, -54.869428333, 18.3 ], [ -67.562801667, -54.869428333, 18.3 ], [ -67.562801667, -54.869428333, 18.3 ], [ -67.562801667, -54.869428333, 18.3 ], [ -67.562801667, -54.869428333, 18.3 ], [ -67.562801667, -54.869428333, 18.3 ], [ -67.562801667, -54.869428333, 18.3 ], [ -67.562801667, -54.869428333, 18.3 ], [ -67.562801667, -54.869428333, 18.3 ], [ -67.562801667, -54.869428333, 18.3 ], [ -67.562801667, -54.869428333, 18.3 ], [ -67.562801667, -54.869428333, 18.3 ], [ -67.562801667, -54.869428333, 18.3 ], [ -67.562801667, -54.869428333, 18.3 ], [ -67.562801667, -54.869428333, 18.3 ], [ -67.562801667, -54.869428333, 18.3 ], [ -67.562801667, -54.869428333, 18.3 ], [ -67.562801667, -54.869428333, 18.3 ], [ -67.562801667, -54.869428333, 18.3 ], [ -67.562801667, -54.869428333, 18.3 ], [ -67.562801667, -54.869428333, 18.3 ], [ -67.562801667, -54.869428333, 18.3 ], [ -67.562801667, -54.869428333, 18.3 ], [ -67.562801667, -54.869428333, 18.3 ], [ -67.562801667, -54.869428333, 18.3 ], [ -67.562801667, -54.869428333, 18.3 ], [ -67.562801667, -54.869428333, 18.3 ], [ -67.562801667, -54.869428333, 18.3 ], [ -67.562801667, -54.869428333, 18.3 ], [ -67.562801667, -54.869428333, 18.3 ], [ -67.562801667, -54.869428333, 18.3 ], [ -67.562801667, -54.869428333, 18.3 ], [ -67.562801667, -54.869428333, 18.3 ], [ -67.562801667, -54.869428333, 18.3 ], [ -67.562801667, -54.869428333, 18.3 ], [ -67.562801667, -54.869428333, 18.3 ], [ -67.562801667, -54.869428333, 18.3 ], [ -67.562801667, -54.869428333, 18.3 ], [ -67.562801667, -54.869428333, 18.3 ], [ -67.562801667, -54.869428333, 18.3 ], [ -67.562801667, -54.869428333, 18.3 ], [ -67.562801667, -54.869428333, 18.3 ], [ -67.562801667, -54.869428333, 18.3 ], [ -67.562801667, -54.869428333, 18.3 ], [ -67.562801667, -54.869428333, 18.3 ], [ -67.562736667, -54.869465, 18.3 ], [ -67.562721667, -54.869471667, 18.4 ], [ -67.562711667, -54.869476667, 18.6 ], [ -67.562698333, -54.869476667, 18.7 ], [ -67.562688333, -54.869475, 18.8 ], [ -67.56268, -54.869471667, 19.1 ], [ -67.562671667, -54.869466667, 19.1 ], [ -67.562658333, -54.869461667, 19.3 ], [ -67.562646667, -54.869458333, 19.5 ], [ -67.562656667, -54.86946, 19.3 ], [ -67.562663333, -54.869463333, 19.4 ], [ -67.562661667, -54.869466667, 19.4 ], [ -67.562663333, -54.869473333, 19.5 ], [ -67.562663333, -54.86948, 19.5 ], [ -67.562663333, -54.869483333, 19.5 ], [ -67.562665, -54.869485, 19.4 ], [ -67.562666667, -54.869485, 19.3 ], [ -67.562666667, -54.869485, 19.3 ], [ -67.562666667, -54.869485, 19.3 ], [ -67.562666667, -54.869485, 19.3 ], [ -67.562666667, -54.869485, 19.3 ], [ -67.562666667, -54.869485, 19.3 ], [ -67.562666667, -54.869485, 19.3 ], [ -67.562666667, -54.869485, 19.3 ], [ -67.562666667, -54.869485, 19.3 ], [ -67.562665, -54.86951, 19.6 ], [ -67.562665, -54.869518333, 19.6 ], [ -67.562666667, -54.869526667, 19.4 ], [ -67.562668333, -54.869533333, 19.4 ], [ -67.562668333, -54.869541667, 19.4 ], [ -67.56267, -54.869548333, 19.0 ], [ -67.562671667, -54.869551667, 18.8 ], [ -67.562666667, -54.86955, 18.6 ], [ -67.562666667, -54.869546667, 18.4 ], [ -67.562663333, -54.869543333, 18.4 ], [ -67.562658333, -54.869545, 18.5 ], [ -67.562663333, -54.869546667, 18.3 ], [ -67.562665, -54.869551667, 18.3 ], [ -67.562663333, -54.869555, 18.2 ], [ -67.562658333, -54.869556667, 18.4 ], [ -67.562655, -54.869556667, 18.5 ], [ -67.562653333, -54.869555, 18.3 ], [ -67.562653333, -54.869555, 18.3 ], [ -67.562653333, -54.869555, 18.3 ], [ -67.562653333, -54.869555, 18.3 ], [ -67.562653333, -54.869555, 18.3 ], [ -67.562653333, -54.869555, 18.3 ], [ -67.562653333, -54.869555, 18.3 ], [ -67.562653333, -54.869555, 18.3 ], [ -67.562653333, -54.869555, 18.3 ], [ -67.562653333, -54.869555, 18.3 ], [ -67.562653333, -54.869555, 18.3 ], [ -67.562653333, -54.869555, 18.3 ], [ -67.562653333, -54.869555, 18.3 ], [ -67.562653333, -54.869555, 18.3 ], [ -67.562653333, -54.869555, 18.3 ], [ -67.562618333, -54.869581667, 17.2 ], [ -67.56261, -54.869585, 17.3 ], [ -67.562596667, -54.86959, 17.3 ], [ -67.562583333, -54.869595, 17.3 ], [ -67.562571667, -54.869601667, 17.3 ], [ -67.562561667, -54.869608333, 17.2 ], [ -67.562558333, -54.869618333, 17.1 ], [ -67.56256, -54.86963, 16.9 ], [ -67.562565, -54.869636667, 17.0 ], [ -67.562566667, -54.869645, 16.8 ], [ -67.562575, -54.869651667, 16.5 ], [ -67.562578333, -54.869653333, 16.3 ], [ -67.562585, -54.86966, 16.0 ], [ -67.562593333, -54.869663333, 15.8 ], [ -67.56261, -54.869666667, 15.6 ], [ -67.56262, -54.86967, 15.4 ], [ -67.562625, -54.869673333, 15.1 ], [ -67.562628333, -54.869671667, 15.1 ], [ -67.562633333, -54.86967, 14.9 ], [ -67.562638333, -54.869671667, 14.7 ], [ -67.562641667, -54.869673333, 14.6 ], [ -67.562646667, -54.869671667, 14.5 ], [ -67.562651667, -54.869673333, 14.4 ], [ -67.562666667, -54.869676667, 14.2 ], [ -67.562683333, -54.869688333, 14.1 ], [ -67.562698333, -54.869698333, 14.0 ], [ -67.562711667, -54.869705, 13.8 ], [ -67.562723333, -54.869716667, 14.2 ], [ -67.562731667, -54.869728333, 14.6 ], [ -67.562743333, -54.869738333, 15.1 ], [ -67.562755, -54.869745, 15.6 ], [ -67.56276, -54.86975, 15.8 ], [ -67.562765, -54.869758333, 15.6 ], [ -67.56277, -54.869765, 15.8 ], [ -67.562771667, -54.869766667, 15.8 ], [ -67.562776667, -54.869773333, 15.6 ], [ -67.562788333, -54.869776667, 15.4 ], [ -67.562805, -54.869783333, 15.3 ], [ -67.562811667, -54.869788333, 15.7 ], [ -67.562816667, -54.869795, 16.0 ], [ -67.562825, -54.869798333, 16.1 ], [ -67.562835, -54.869801667, 16.4 ], [ -67.562845, -54.869808333, 16.7 ], [ -67.562856667, -54.869813333, 16.9 ], [ -67.562866667, -54.869818333, 16.9 ], [ -67.562875, -54.869825, 16.3 ], [ -67.562883333, -54.869828333, 16.5 ], [ -67.56287, -54.869838333, 16.5 ], [ -67.56287, -54.869838333, 16.5 ], [ -67.562875, -54.869846667, 16.1 ], [ -67.56288, -54.869851667, 16.3 ], [ -67.562883333, -54.86981, 16.0 ], [ -67.562743333, -54.869718333, 16.0 ], [ -67.562661667, -54.869725, 15.8 ], [ -67.562661667, -54.869753333, 16.0 ], [ -67.56267, -54.869741667, 16.0 ], [ -67.562705, -54.869718333, 16.0 ], [ -67.562731667, -54.869736667, 16.6 ], [ -67.56267, -54.86965, 19.7 ], [ -67.562738333, -54.869746667, 25.7 ], [ -67.562843333, -54.869845, 19.3 ], [ -67.56286, -54.869861667, 18.5 ], [ -67.56287, -54.869883333, 18.8 ], [ -67.562876667, -54.869901667, 19.1 ], [ -67.562898333, -54.86991, 19.0 ], [ -67.562916667, -54.869898333, 19.1 ], [ -67.562871667, -54.869846667, 25.0 ], [ -67.562885, -54.869853333, 22.0 ], [ -67.562885, -54.869861667, 20.4 ], [ -67.562896667, -54.86987, 19.3 ], [ -67.562908333, -54.869876667, 18.4 ], [ -67.562923333, -54.869881667, 17.7 ], [ -67.562938333, -54.869886667, 17.4 ], [ -67.562953333, -54.86989, 17.1 ], [ -67.562966667, -54.869893333, 16.9 ], [ -67.562976667, -54.8699, 16.9 ], [ -67.562985, -54.869906667, 16.9 ], [ -67.562995, -54.869908333, 16.5 ], [ -67.563, -54.86991, 16.7 ], [ -67.563005, -54.869913333, 16.5 ], [ -67.563015, -54.869916667, 16.6 ], [ -67.563023333, -54.869915, 16.7 ], [ -67.563033333, -54.869923333, 16.5 ], [ -67.563045, -54.869928333, 16.5 ], [ -67.563061667, -54.869933333, 16.5 ], [ -67.563071667, -54.869933333, 17.0 ], [ -67.563073333, -54.869936667, 17.2 ], [ -67.563081667, -54.869946667, 16.9 ], [ -67.563093333, -54.869956667, 16.7 ], [ -67.563105, -54.869963333, 16.7 ], [ -67.563118333, -54.869968333, 17.2 ], [ -67.563118333, -54.869975, 17.5 ], [ -67.56312, -54.869981667, 17.6 ], [ -67.563125, -54.869983333, 17.4 ], [ -67.563128333, -54.869985, 17.0 ], [ -67.563138333, -54.87, 16.9 ], [ -67.563146667, -54.870006667, 16.4 ], [ -67.563155, -54.87001, 15.9 ], [ -67.563165, -54.870011667, 15.5 ], [ -67.563173333, -54.870013333, 15.0 ], [ -67.563181667, -54.870016667, 14.8 ], [ -67.56319, -54.870021667, 14.7 ], [ -67.5632, -54.870031667, 14.7 ], [ -67.563218333, -54.870038333, 15.0 ], [ -67.563228333, -54.870046667, 15.3 ], [ -67.563238333, -54.870048333, 15.9 ], [ -67.563248333, -54.870053333, 16.4 ], [ -67.563256667, -54.870058333, 17.1 ], [ -67.563261667, -54.87006, 17.6 ], [ -67.563266667, -54.870061667, 17.6 ], [ -67.56327, -54.870068333, 17.6 ], [ -67.563271667, -54.870075, 17.1 ], [ -67.563276667, -54.87008, 16.8 ], [ -67.563286667, -54.870086667, 16.5 ], [ -67.563276667, -54.870093333, 16.5 ], [ -67.563258333, -54.870095, 16.3 ], [ -67.563255, -54.870101667, 16.4 ], [ -67.563248333, -54.870101667, 16.3 ], [ -67.563246667, -54.870103333, 16.3 ], [ -67.56324, -54.870095, 16.3 ], [ -67.563231667, -54.87007, 16.4 ], [ -67.56324, -54.870026667, 16.4 ], [ -67.563191667, -54.87001, 16.6 ], [ -67.563181667, -54.870013333, 16.7 ], [ -67.56334, -54.870026667, 16.8 ], [ -67.563405, -54.87006, 16.9 ], [ -67.56346, -54.870093333, 16.8 ], [ -67.563548333, -54.870088333, 16.7 ], [ -67.56362, -54.870096667, 16.5 ], [ -67.563676667, -54.870091667, 16.4 ], [ -67.563663333, -54.870128333, 16.3 ], [ -67.56367, -54.870138333, 16.3 ], [ -67.563615, -54.870183333, 16.4 ], [ -67.563556667, -54.8702, 16.6 ], [ -67.563503333, -54.870188333, 16.7 ], [ -67.5635, -54.870186667, 16.8 ], [ -67.563508333, -54.87019, 16.7 ], [ -67.563521667, -54.870191667, 16.5 ], [ -67.56353, -54.870198333, 16.6 ], [ -67.563546667, -54.870208333, 16.2 ], [ -67.563565, -54.870216667, 15.7 ], [ -67.56358, -54.870221667, 15.4 ], [ -67.56359, -54.870223333, 15.1 ], [ -67.563605, -54.87023, 14.5 ], [ -67.563618333, -54.870233333, 14.6 ], [ -67.563651667, -54.870246667, 14.8 ], [ -67.563695, -54.870278333, 15.0 ], [ -67.563753333, -54.870325, 15.2 ], [ -67.563791667, -54.870293333, 15.0 ], [ -67.563721667, -54.870253333, 15.3 ], [ -67.563658333, -54.870235, 15.4 ], [ -67.563655, -54.870235, 15.4 ], [ -67.563596667, -54.870243333, 15.4 ], [ -67.563518333, -54.870248333, 16.0 ], [ -67.563473333, -54.870263333, 16.4 ], [ -67.563448333, -54.87028, 16.8 ], [ -67.563466667, -54.870306667, 17.1 ], [ -67.56354, -54.870308333, 17.0 ], [ -67.563663333, -54.870301667, 16.7 ], [ -67.563701667, -54.870303333, 16.3 ], [ -67.56373, -54.870306667, 16.1 ], [ -67.563743333, -54.870311667, 16.0 ], [ -67.563755, -54.870326667, 15.9 ], [ -67.56377, -54.87033, 15.9 ], [ -67.563793333, -54.870338333, 15.7 ], [ -67.563805, -54.87034, 15.7 ], [ -67.563808333, -54.870338333, 15.7 ], [ -67.563806667, -54.870345, 15.7 ], [ -67.563816667, -54.870348333, 15.5 ], [ -67.563848333, -54.870358333, 14.9 ], [ -67.563935, -54.870388333, 14.5 ], [ -67.564188333, -54.870446667, 14.3 ], [ -67.564185, -54.870453333, 14.3 ], [ -67.564073333, -54.870416667, 14.2 ], [ -67.563933333, -54.870395, 14.8 ], [ -67.56389, -54.870415, 15.3 ], [ -67.563856667, -54.870426667, 15.7 ], [ -67.563811667, -54.870441667, 16.1 ], [ -67.563781667, -54.870451667, 16.4 ], [ -67.563771667, -54.87045, 16.5 ], [ -67.563795, -54.870423333, 16.7 ], [ -67.563775, -54.870435, 15.7 ], [ -67.563766667, -54.870461667, 15.0 ], [ -67.563798333, -54.870518333, 14.3 ], [ -67.563735, -54.870556667, 13.9 ], [ -67.563751667, -54.870541667, 13.9 ], [ -67.563818333, -54.870491667, 13.8 ], [ -67.563895, -54.870428333, 14.0 ], [ -67.564016667, -54.870323333, 14.9 ], [ -67.564058333, -54.870298333, 14.6 ], [ -67.564048333, -54.870295, 14.3 ], [ -67.56385, -54.870413333, 14.4 ], [ -67.563966667, -54.870423333, 14.3 ], [ -67.563921667, -54.87043, 15.0 ], [ -67.563936667, -54.870425, 25.5 ], [ -67.56387, -54.870433333, 20.0 ], [ -67.563863333, -54.870436667, 18.4 ], [ -67.563906667, -54.870425, 18.0 ], [ -67.563936667, -54.870418333, 17.9 ], [ -67.56394, -54.870416667, 17.1 ], [ -67.563953333, -54.870421667, 16.7 ], [ -67.563971667, -54.87042, 16.5 ], [ -67.563981667, -54.870413333, 16.5 ], [ -67.56399, -54.870405, 15.9 ], [ -67.563995, -54.870398333, 15.0 ], [ -67.564003333, -54.870385, 14.8 ], [ -67.564126667, -54.870338333, 14.3 ], [ -67.56421, -54.8703, 14.3 ], [ -67.564171667, -54.87023, 14.2 ], [ -67.564098333, -54.870186667, 14.3 ], [ -67.56405, -54.87016, 14.5 ], [ -67.564033333, -54.870251667, 14.3 ], [ -67.564036667, -54.870308333, 14.6 ], [ -67.564025, -54.870355, 15.0 ], [ -67.564023333, -54.870381667, 15.1 ], [ -67.564023333, -54.870396667, 15.4 ], [ -67.564026667, -54.870406667, 15.1 ], [ -67.564035, -54.870415, 15.1 ], [ -67.564036667, -54.87042, 15.0 ], [ -67.56404, -54.870431667, 14.9 ], [ -67.564065, -54.870441667, 14.9 ], [ -67.564091667, -54.870453333, 14.6 ], [ -67.564093333, -54.870466667, 14.3 ], [ -67.564111667, -54.870468333, 14.2 ], [ -67.564143333, -54.870475, 14.6 ], [ -67.564146667, -54.870478333, 14.8 ], [ -67.564161667, -54.870475, 14.3 ], [ -67.564171667, -54.870475, 14.3 ], [ -67.564188333, -54.870476667, 14.2 ], [ -67.56424, -54.870488333, 14.2 ], [ -67.564525, -54.870473333, 14.1 ], [ -67.564545, -54.870491667, 13.9 ], [ -67.564325, -54.87033, 13.9 ], [ -67.564293333, -54.870473333, 14.1 ], [ -67.564251667, -54.870466667, 14.5 ], [ -67.564248333, -54.870455, 14.9 ], [ -67.56427, -54.87046, 14.9 ], [ -67.564276667, -54.870463333, 14.9 ], [ -67.564195, -54.87049, 24.4 ], [ -67.564185, -54.870491667, 18.4 ], [ -67.564181667, -54.870485, 17.8 ], [ -67.564178333, -54.870485, 17.4 ], [ -67.564176667, -54.870488333, 17.1 ], [ -67.564188333, -54.870486667, 16.7 ], [ -67.564201667, -54.870485, 16.5 ], [ -67.564221667, -54.870488333, 16.1 ], [ -67.564228333, -54.870491667, 15.1 ], [ -67.564255, -54.87048, 13.6 ], [ -67.564195, -54.87033, 13.6 ], [ -67.564275, -54.870456667, 13.7 ], [ -67.564268333, -54.870441667, 13.8 ], [ -67.564261667, -54.870445, 13.5 ], [ -67.564268333, -54.870448333, 13.3 ], [ -67.56428, -54.87045, 13.1 ], [ -67.564281667, -54.870455, 12.8 ], [ -67.56429, -54.870456667, 12.5 ], [ -67.564295, -54.87046, 12.5 ], [ -67.564303333, -54.870463333, 12.7 ], [ -67.564295, -54.87047, 12.9 ], [ -67.564295, -54.870473333, 13.0 ], [ -67.564311667, -54.87049, 13.3 ], [ -67.56432, -54.870491667, 13.5 ], [ -67.56432, -54.870491667, 13.7 ], [ -67.564318333, -54.870495, 13.9 ], [ -67.564326667, -54.870495, 13.9 ], [ -67.564326667, -54.870493333, 14.0 ], [ -67.564318333, -54.870501667, 13.9 ], [ -67.564318333, -54.8705, 13.7 ], [ -67.564321667, -54.870501667, 13.6 ], [ -67.564326667, -54.870501667, 14.0 ], [ -67.564326667, -54.870505, 14.2 ], [ -67.564323333, -54.870506667, 14.4 ], [ -67.564326667, -54.870506667, 14.4 ], [ -67.564326667, -54.870503333, 14.4 ], [ -67.564321667, -54.870496667, 14.5 ], [ -67.56432, -54.870493333, 14.8 ], [ -67.564318333, -54.870495, 15.0 ], [ -67.564316667, -54.870496667, 15.1 ], [ -67.564315, -54.870495, 15.2 ], [ -67.564315, -54.870495, 15.2 ], [ -67.564331667, -54.870493333, 15.6 ], [ -67.56435, -54.870493333, 16.1 ], [ -67.564376667, -54.87049, 15.9 ], [ -67.564383333, -54.870495, 15.5 ], [ -67.564391667, -54.8705, 15.2 ], [ -67.564408333, -54.870503333, 15.1 ], [ -67.564428333, -54.8705, 15.3 ], [ -67.564436667, -54.870506667, 14.8 ], [ -67.564455, -54.87051, 14.7 ], [ -67.56447, -54.87051, 14.6 ], [ -67.564486667, -54.870508333, 14.7 ], [ -67.564496667, -54.870506667, 14.8 ], [ -67.564505, -54.8705, 14.8 ], [ -67.564508333, -54.87049, 14.4 ], [ -67.56451, -54.870483333, 14.2 ], [ -67.564518333, -54.870475, 14.2 ], [ -67.564526667, -54.870466667, 14.5 ], [ -67.564533333, -54.870458333, 14.8 ], [ -67.564533333, -54.870451667, 14.8 ], [ -67.564528333, -54.870441667, 14.8 ], [ -67.564525, -54.870433333, 14.9 ], [ -67.564525, -54.870425, 14.7 ], [ -67.564535, -54.870416667, 14.9 ], [ -67.564543333, -54.870408333, 15.1 ], [ -67.564545, -54.870398333, 15.0 ], [ -67.564546667, -54.870386667, 14.9 ], [ -67.564548333, -54.870378333, 14.8 ], [ -67.564556667, -54.870366667, 14.8 ], [ -67.56456, -54.870356667, 14.9 ], [ -67.564568333, -54.870346667, 15.0 ], [ -67.564573333, -54.870336667, 14.9 ], [ -67.564583333, -54.870328333, 15.2 ], [ -67.564593333, -54.870318333, 15.8 ], [ -67.564595, -54.870308333, 16.1 ], [ -67.564593333, -54.870303333, 16.2 ], [ -67.5646, -54.870296667, 16.3 ], [ -67.564605, -54.870285, 16.8 ], [ -67.56461, -54.870275, 17.2 ], [ -67.56462, -54.870265, 17.4 ], [ -67.564626667, -54.870255, 17.6 ], [ -67.564631667, -54.870246667, 17.8 ], [ -67.564635, -54.87024, 17.9 ], [ -67.564638333, -54.87023, 18.2 ], [ -67.564636667, -54.870221667, 18.5 ], [ -67.56464, -54.870213333, 18.5 ], [ -67.564646667, -54.870205, 18.4 ], [ -67.56465, -54.870195, 18.4 ], [ -67.564658333, -54.87019, 18.4 ], [ -67.564658333, -54.870186667, 18.5 ], [ -67.564665, -54.870178333, 18.7 ], [ -67.564668333, -54.870171667, 18.8 ], [ -67.56468, -54.870163333, 19.2 ], [ -67.564683333, -54.870156667, 19.2 ], [ -67.564688333, -54.87015, 19.2 ], [ -67.564693333, -54.870143333, 19.3 ], [ -67.564696667, -54.870131667, 19.2 ], [ -67.564696667, -54.870118333, 19.0 ], [ -67.564701667, -54.870105, 18.9 ], [ -67.564708333, -54.870093333, 18.8 ], [ -67.564715, -54.870081667, 18.7 ], [ -67.56472, -54.870073333, 18.3 ], [ -67.56472, -54.870061667, 18.1 ], [ -67.564716667, -54.87005, 18.0 ], [ -67.564713333, -54.870041667, 18.0 ], [ -67.56471, -54.870036667, 17.8 ], [ -67.564703333, -54.870028333, 18.0 ], [ -67.564691667, -54.87002, 17.9 ], [ -67.564686667, -54.870016667, 17.9 ], [ -67.564696667, -54.870011667, 18.3 ], [ -67.564708333, -54.870008333, 18.4 ], [ -67.564716667, -54.870003333, 18.6 ], [ -67.56472, -54.870001667, 18.4 ], [ -67.564725, -54.870001667, 18.4 ], [ -67.564731667, -54.870001667, 18.2 ], [ -67.564728333, -54.87, 18.1 ], [ -67.564731667, -54.869996667, 18.2 ], [ -67.564731667, -54.869996667, 18.2 ], [ -67.564731667, -54.869996667, 18.2 ], [ -67.564731667, -54.869996667, 18.2 ], [ -67.564731667, -54.869996667, 18.2 ], [ -67.564731667, -54.869996667, 18.2 ], [ -67.564731667, -54.869996667, 18.2 ], [ -67.564731667, -54.869996667, 18.2 ], [ -67.564731667, -54.869996667, 18.2 ], [ -67.564731667, -54.869996667, 18.2 ], [ -67.564731667, -54.869996667, 18.2 ], [ -67.564731667, -54.869996667, 18.2 ], [ -67.564731667, -54.869996667, 18.2 ], [ -67.564731667, -54.869996667, 18.2 ], [ -67.564731667, -54.869996667, 18.2 ], [ -67.564731667, -54.869996667, 18.2 ], [ -67.564731667, -54.869996667, 18.2 ], [ -67.564731667, -54.869996667, 18.2 ], [ -67.564731667, -54.869996667, 18.2 ], [ -67.564731667, -54.869996667, 18.2 ], [ -67.564731667, -54.869996667, 18.2 ], [ -67.564731667, -54.869996667, 18.2 ], [ -67.564731667, -54.869996667, 18.2 ], [ -67.564731667, -54.869996667, 18.2 ], [ -67.564731667, -54.869996667, 18.2 ], [ -67.564731667, -54.869996667, 18.2 ], [ -67.564731667, -54.869996667, 18.2 ], [ -67.564731667, -54.869996667, 18.2 ], [ -67.564731667, -54.869996667, 18.2 ], [ -67.564731667, -54.869996667, 18.2 ], [ -67.564731667, -54.869996667, 18.2 ], [ -67.564731667, -54.869996667, 18.2 ], [ -67.564731667, -54.869996667, 18.2 ], [ -67.564731667, -54.869996667, 18.2 ], [ -67.564731667, -54.869996667, 18.2 ], [ -67.564731667, -54.869996667, 18.2 ], [ -67.564731667, -54.869996667, 18.2 ], [ -67.564731667, -54.869996667, 18.2 ], [ -67.564731667, -54.869996667, 18.2 ], [ -67.564731667, -54.869996667, 18.2 ], [ -67.564731667, -54.869996667, 18.2 ], [ -67.564731667, -54.869996667, 18.2 ], [ -67.564731667, -54.869996667, 18.2 ], [ -67.564731667, -54.869996667, 18.2 ], [ -67.564731667, -54.869996667, 18.2 ], [ -67.564731667, -54.869996667, 18.2 ], [ -67.564731667, -54.869996667, 18.2 ], [ -67.564731667, -54.869996667, 18.2 ], [ -67.564731667, -54.869996667, 18.2 ], [ -67.564731667, -54.869996667, 18.2 ], [ -67.564731667, -54.869996667, 18.2 ], [ -67.564731667, -54.869996667, 18.2 ], [ -67.564755, -54.87002, 22.7 ], [ -67.564761667, -54.870016667, 23.1 ], [ -67.564768333, -54.870018333, 23.4 ], [ -67.564768333, -54.870018333, 23.6 ], [ -67.564766667, -54.870018333, 23.7 ], [ -67.564766667, -54.870018333, 23.7 ], [ -67.564766667, -54.870018333, 23.7 ], [ -67.564766667, -54.870018333, 23.7 ], [ -67.564766667, -54.870018333, 23.7 ], [ -67.564766667, -54.870018333, 23.7 ], [ -67.564766667, -54.870018333, 23.7 ], [ -67.564766667, -54.870018333, 23.7 ], [ -67.564766667, -54.870018333, 23.7 ], [ -67.564766667, -54.870018333, 23.7 ], [ -67.564766667, -54.870018333, 23.7 ], [ -67.564766667, -54.870018333, 23.7 ], [ -67.564766667, -54.870018333, 23.7 ], [ -67.564766667, -54.870018333, 23.7 ], [ -67.564766667, -54.870018333, 23.7 ], [ -67.564766667, -54.870018333, 23.7 ], [ -67.564766667, -54.870018333, 23.7 ], [ -67.564766667, -54.870018333, 23.7 ], [ -67.564766667, -54.870018333, 23.7 ], [ -67.564766667, -54.870018333, 23.7 ], [ -67.564766667, -54.870018333, 23.7 ], [ -67.564766667, -54.870018333, 23.7 ], [ -67.564766667, -54.870018333, 23.7 ], [ -67.564766667, -54.870018333, 23.7 ], [ -67.564766667, -54.870018333, 23.7 ], [ -67.564766667, -54.870018333, 23.7 ], [ -67.564766667, -54.870018333, 23.7 ], [ -67.564766667, -54.870018333, 23.7 ], [ -67.564766667, -54.870018333, 23.7 ], [ -67.564766667, -54.870018333, 23.7 ], [ -67.564766667, -54.870018333, 23.7 ], [ -67.564766667, -54.870018333, 23.7 ], [ -67.564766667, -54.870018333, 23.7 ], [ -67.564766667, -54.870018333, 23.7 ], [ -67.564766667, -54.870018333, 23.7 ], [ -67.564766667, -54.870018333, 23.7 ], [ -67.564766667, -54.870018333, 23.7 ], [ -67.564761667, -54.87001, 24.0 ], [ -67.56476, -54.870008333, 23.7 ], [ -67.56476, -54.87001, 23.4 ], [ -67.564758333, -54.870011667, 23.1 ], [ -67.564765, -54.870013333, 23.3 ], [ -67.564765, -54.870013333, 23.3 ], [ -67.564765, -54.870013333, 23.3 ], [ -67.564765, -54.870013333, 23.3 ], [ -67.564765, -54.870013333, 23.3 ], [ -67.564783333, -54.870001667, 23.6 ], [ -67.564791667, -54.869993333, 23.5 ], [ -67.564791667, -54.869983333, 23.4 ], [ -67.564793333, -54.869976667, 23.4 ], [ -67.564806667, -54.869963333, 23.3 ], [ -67.564813333, -54.869951667, 23.4 ], [ -67.564816667, -54.869943333, 23.5 ], [ -67.564821667, -54.869938333, 23.6 ], [ -67.564825, -54.86993, 23.4 ], [ -67.56483, -54.869926667, 23.5 ], [ -67.564835, -54.869923333, 23.6 ], [ -67.564841667, -54.869921667, 23.6 ], [ -67.564855, -54.869921667, 23.7 ], [ -67.564868333, -54.86992, 23.9 ], [ -67.564883333, -54.869916667, 24.0 ], [ -67.564893333, -54.869915, 24.3 ], [ -67.564901667, -54.869913333, 24.2 ], [ -67.56491, -54.869905, 24.0 ], [ -67.564918333, -54.869901667, 24.0 ], [ -67.564925, -54.869895, 23.7 ], [ -67.564935, -54.869886667, 23.8 ], [ -67.564943333, -54.869878333, 23.8 ], [ -67.564948333, -54.86987, 23.9 ], [ -67.564956667, -54.869861667, 23.7 ], [ -67.564963333, -54.869851667, 23.5 ], [ -67.564968333, -54.869836667, 23.3 ], [ -67.564986667, -54.869825, 23.0 ], [ -67.564995, -54.869818333, 22.8 ], [ -67.565015, -54.869818333, 22.7 ], [ -67.565031667, -54.86982, 22.7 ], [ -67.56504, -54.869826667, 22.8 ], [ -67.565051667, -54.869823333, 22.5 ], [ -67.565056667, -54.869825, 22.2 ], [ -67.565065, -54.869826667, 22.3 ], [ -67.565073333, -54.86983, 22.3 ], [ -67.56508, -54.86983, 22.4 ], [ -67.565086667, -54.869825, 22.0 ], [ -67.565091667, -54.869821667, 21.8 ], [ -67.565093333, -54.869818333, 21.6 ], [ -67.565091667, -54.869813333, 21.3 ], [ -67.565085, -54.869805, 21.2 ], [ -67.565085, -54.8698, 21.2 ], [ -67.56509, -54.869796667, 21.0 ], [ -67.5651, -54.869796667, 21.1 ], [ -67.565108333, -54.869793333, 20.9 ], [ -67.565108333, -54.869786667, 20.8 ], [ -67.565118333, -54.869776667, 20.6 ], [ -67.565121667, -54.869766667, 20.4 ], [ -67.565115, -54.869763333, 20.4 ], [ -67.565116667, -54.869761667, 20.2 ], [ -67.565116667, -54.869758333, 20.0 ], [ -67.565115, -54.869753333, 19.8 ], [ -67.565113333, -54.869748333, 20.0 ], [ -67.565111667, -54.869746667, 20.1 ], [ -67.565111667, -54.869743333, 20.2 ], [ -67.565108333, -54.86974, 20.2 ], [ -67.565108333, -54.86974, 20.2 ], [ -67.565108333, -54.86974, 20.2 ], [ -67.565108333, -54.86974, 20.2 ], [ -67.565108333, -54.86974, 20.2 ], [ -67.565108333, -54.86974, 20.2 ], [ -67.565108333, -54.86974, 20.2 ], [ -67.565108333, -54.86974, 20.2 ], [ -67.565108333, -54.86974, 20.2 ], [ -67.565108333, -54.86974, 20.2 ], [ -67.565108333, -54.86974, 20.2 ], [ -67.565108333, -54.86974, 20.2 ], [ -67.565108333, -54.86974, 20.2 ], [ -67.565108333, -54.86974, 20.2 ], [ -67.565108333, -54.86974, 20.2 ], [ -67.565108333, -54.86974, 20.2 ], [ -67.565108333, -54.86974, 20.2 ], [ -67.565108333, -54.86974, 20.2 ], [ -67.565108333, -54.86974, 20.2 ], [ -67.565108333, -54.86974, 20.2 ], [ -67.565108333, -54.86974, 20.2 ], [ -67.565108333, -54.86974, 20.2 ], [ -67.565108333, -54.86974, 20.2 ], [ -67.565108333, -54.86974, 20.2 ], [ -67.565108333, -54.86974, 20.2 ], [ -67.565108333, -54.86974, 20.2 ], [ -67.565108333, -54.86974, 20.2 ], [ -67.565108333, -54.86974, 20.2 ], [ -67.565108333, -54.86974, 20.2 ], [ -67.565108333, -54.86974, 20.2 ], [ -67.565108333, -54.86974, 20.2 ], [ -67.565108333, -54.86974, 20.2 ], [ -67.565108333, -54.86974, 20.2 ], [ -67.565108333, -54.86974, 20.2 ], [ -67.565108333, -54.86974, 20.2 ], [ -67.565108333, -54.86974, 20.2 ], [ -67.565108333, -54.86974, 20.2 ], [ -67.565108333, -54.86974, 20.2 ], [ -67.565108333, -54.86974, 20.2 ], [ -67.565108333, -54.86974, 20.2 ], [ -67.565108333, -54.86974, 20.2 ], [ -67.565108333, -54.86974, 20.2 ], [ -67.565108333, -54.86974, 20.2 ], [ -67.565108333, -54.86974, 20.2 ], [ -67.565108333, -54.86974, 20.2 ], [ -67.565108333, -54.86974, 20.2 ], [ -67.565108333, -54.86974, 20.2 ], [ -67.565108333, -54.86974, 20.2 ], [ -67.565108333, -54.86974, 20.2 ], [ -67.565108333, -54.86974, 20.2 ], [ -67.565108333, -54.86974, 20.2 ], [ -67.565108333, -54.86974, 20.2 ], [ -67.565108333, -54.86974, 20.2 ], [ -67.565108333, -54.86974, 20.2 ], [ -67.565108333, -54.86974, 20.2 ], [ -67.565108333, -54.86974, 20.2 ], [ -67.565108333, -54.86974, 20.2 ], [ -67.565108333, -54.86974, 20.2 ], [ -67.565108333, -54.86974, 20.2 ], [ -67.565108333, -54.86974, 20.2 ], [ -67.565108333, -54.86974, 20.2 ], [ -67.565108333, -54.86974, 20.2 ], [ -67.565108333, -54.86974, 20.2 ], [ -67.565108333, -54.86974, 20.2 ], [ -67.565108333, -54.86974, 20.2 ], [ -67.565108333, -54.86974, 20.2 ], [ -67.565108333, -54.86974, 20.2 ], [ -67.565108333, -54.86974, 20.2 ], [ -67.565108333, -54.86974, 20.2 ], [ -67.565108333, -54.86974, 20.2 ], [ -67.565108333, -54.86974, 20.2 ], [ -67.565108333, -54.86974, 20.2 ], [ -67.565108333, -54.86974, 20.2 ], [ -67.565108333, -54.86974, 20.2 ], [ -67.565108333, -54.86974, 20.2 ], [ -67.565108333, -54.86974, 20.2 ], [ -67.565108333, -54.86974, 20.2 ], [ -67.565108333, -54.86974, 20.2 ], [ -67.565108333, -54.86974, 20.2 ], [ -67.565108333, -54.86974, 20.2 ], [ -67.565108333, -54.86974, 20.2 ], [ -67.565108333, -54.86974, 20.2 ], [ -67.565108333, -54.86974, 20.2 ], [ -67.565108333, -54.86974, 20.2 ], [ -67.565108333, -54.86974, 20.2 ], [ -67.565108333, -54.86974, 20.2 ], [ -67.565108333, -54.86974, 20.2 ], [ -67.565108333, -54.86974, 20.2 ], [ -67.565108333, -54.86974, 20.2 ], [ -67.565108333, -54.86974, 20.2 ], [ -67.565108333, -54.86974, 20.2 ], [ -67.565108333, -54.86974, 20.2 ], [ -67.565108333, -54.86974, 20.2 ], [ -67.565108333, -54.86974, 20.2 ], [ -67.565108333, -54.86974, 20.2 ], [ -67.565108333, -54.86974, 20.2 ], [ -67.565108333, -54.86974, 20.2 ], [ -67.565108333, -54.86974, 20.2 ], [ -67.565108333, -54.86974, 20.2 ], [ -67.565108333, -54.86974, 20.2 ], [ -67.565108333, -54.86974, 20.2 ], [ -67.565108333, -54.86974, 20.2 ], [ -67.565108333, -54.86974, 20.2 ], [ -67.565108333, -54.86974, 20.2 ], [ -67.565108333, -54.86974, 20.2 ], [ -67.565108333, -54.86974, 20.2 ], [ -67.565108333, -54.86974, 20.2 ], [ -67.565108333, -54.86974, 20.2 ], [ -67.565108333, -54.86974, 20.2 ], [ -67.565108333, -54.86974, 20.2 ], [ -67.565108333, -54.86974, 20.2 ], [ -67.565108333, -54.86974, 20.2 ], [ -67.565108333, -54.86974, 20.2 ], [ -67.565108333, -54.86974, 20.2 ], [ -67.565108333, -54.86974, 20.2 ], [ -67.565108333, -54.86974, 20.2 ], [ -67.565108333, -54.86974, 20.2 ], [ -67.565108333, -54.86974, 20.2 ], [ -67.565108333, -54.86974, 20.2 ], [ -67.565108333, -54.86974, 20.2 ], [ -67.565108333, -54.86974, 20.2 ], [ -67.565108333, -54.86974, 20.2 ], [ -67.565108333, -54.86974, 20.2 ], [ -67.565108333, -54.86974, 20.2 ], [ -67.565108333, -54.86974, 20.2 ], [ -67.565108333, -54.86974, 20.2 ], [ -67.565108333, -54.86974, 20.2 ], [ -67.565108333, -54.86974, 20.2 ], [ -67.565108333, -54.86974, 20.2 ], [ -67.565108333, -54.86974, 20.2 ], [ -67.565108333, -54.86974, 20.2 ], [ -67.565108333, -54.86974, 20.2 ], [ -67.565108333, -54.86974, 20.2 ], [ -67.565108333, -54.86974, 20.2 ], [ -67.565108333, -54.86974, 20.2 ], [ -67.565108333, -54.86974, 20.2 ], [ -67.565108333, -54.86974, 20.2 ], [ -67.565108333, -54.86974, 20.2 ], [ -67.565108333, -54.86974, 20.2 ], [ -67.565108333, -54.86974, 20.2 ], [ -67.565108333, -54.86974, 20.2 ], [ -67.565108333, -54.86974, 20.2 ], [ -67.565108333, -54.86974, 20.2 ], [ -67.565108333, -54.86974, 20.2 ], [ -67.565108333, -54.86974, 20.2 ], [ -67.565108333, -54.86974, 20.2 ], [ -67.565108333, -54.86974, 20.2 ], [ -67.565108333, -54.86974, 20.2 ], [ -67.565108333, -54.86974, 20.2 ], [ -67.565108333, -54.86974, 20.2 ], [ -67.565108333, -54.86974, 20.2 ], [ -67.565108333, -54.86974, 20.2 ], [ -67.565108333, -54.86974, 20.2 ], [ -67.565108333, -54.86974, 20.2 ], [ -67.565108333, -54.86974, 20.2 ], [ -67.565108333, -54.86974, 20.2 ], [ -67.565108333, -54.86974, 20.2 ], [ -67.565108333, -54.86974, 20.2 ], [ -67.565108333, -54.86974, 20.2 ], [ -67.565108333, -54.86974, 20.2 ], [ -67.565108333, -54.86974, 20.2 ], [ -67.565108333, -54.86974, 20.2 ], [ -67.565108333, -54.86974, 20.2 ], [ -67.565108333, -54.86974, 20.2 ], [ -67.565108333, -54.86974, 20.2 ], [ -67.565108333, -54.86974, 20.2 ], [ -67.565108333, -54.86974, 20.2 ], [ -67.565108333, -54.86974, 20.2 ], [ -67.565108333, -54.86974, 20.2 ], [ -67.565108333, -54.86974, 20.2 ], [ -67.565108333, -54.86974, 20.2 ], [ -67.565108333, -54.86974, 20.2 ], [ -67.565108333, -54.86974, 20.2 ], [ -67.565108333, -54.86974, 20.2 ], [ -67.565108333, -54.86974, 20.2 ], [ -67.565108333, -54.86974, 20.2 ], [ -67.565108333, -54.86974, 20.2 ], [ -67.565108333, -54.86974, 20.2 ], [ -67.565108333, -54.86974, 20.2 ], [ -67.565108333, -54.86974, 20.2 ], [ -67.565108333, -54.86974, 20.2 ], [ -67.565108333, -54.86974, 20.2 ], [ -67.565108333, -54.86974, 20.2 ], [ -67.565108333, -54.86974, 20.2 ], [ -67.565108333, -54.86974, 20.2 ], [ -67.565108333, -54.86974, 20.2 ], [ -67.565108333, -54.86974, 20.2 ], [ -67.565108333, -54.86974, 20.2 ], [ -67.565108333, -54.86974, 20.2 ], [ -67.565108333, -54.86974, 20.2 ], [ -67.565108333, -54.86974, 20.2 ], [ -67.565108333, -54.86974, 20.2 ], [ -67.565108333, -54.86974, 20.2 ], [ -67.565108333, -54.86974, 20.2 ], [ -67.565108333, -54.86974, 20.2 ], [ -67.565108333, -54.86974, 20.2 ], [ -67.565108333, -54.86974, 20.2 ], [ -67.565108333, -54.86974, 20.2 ], [ -67.565108333, -54.86974, 20.2 ], [ -67.565108333, -54.86974, 20.2 ], [ -67.565108333, -54.86974, 20.2 ], [ -67.565108333, -54.86974, 20.2 ], [ -67.565108333, -54.86974, 20.2 ], [ -67.565108333, -54.86974, 20.2 ], [ -67.565108333, -54.86974, 20.2 ], [ -67.565108333, -54.86974, 20.2 ], [ -67.565108333, -54.86974, 20.2 ], [ -67.565108333, -54.86974, 20.2 ], [ -67.565108333, -54.86974, 20.2 ], [ -67.565108333, -54.86974, 20.2 ], [ -67.565108333, -54.86974, 20.2 ], [ -67.565108333, -54.86974, 20.2 ], [ -67.565108333, -54.86974, 20.2 ], [ -67.565108333, -54.86974, 20.2 ], [ -67.565108333, -54.86974, 20.2 ], [ -67.565108333, -54.86974, 20.2 ], [ -67.565108333, -54.86974, 20.2 ], [ -67.565108333, -54.86974, 20.2 ], [ -67.565108333, -54.86974, 20.2 ], [ -67.565108333, -54.86974, 20.2 ], [ -67.565108333, -54.86974, 20.2 ], [ -67.565108333, -54.86974, 20.2 ], [ -67.565108333, -54.86974, 20.2 ], [ -67.565108333, -54.86974, 20.2 ], [ -67.565108333, -54.86974, 20.2 ], [ -67.565108333, -54.86974, 20.2 ], [ -67.565108333, -54.86974, 20.2 ], [ -67.565108333, -54.86974, 20.2 ], [ -67.565108333, -54.86974, 20.2 ], [ -67.565108333, -54.86974, 20.2 ], [ -67.565108333, -54.86974, 20.2 ], [ -67.565108333, -54.86974, 20.2 ], [ -67.565108333, -54.86974, 20.2 ], [ -67.565108333, -54.86974, 20.2 ], [ -67.565108333, -54.86974, 20.2 ], [ -67.565108333, -54.86974, 20.2 ], [ -67.565108333, -54.86974, 20.2 ], [ -67.565108333, -54.86974, 20.2 ], [ -67.565108333, -54.86974, 20.2 ], [ -67.565108333, -54.86974, 20.2 ], [ -67.565108333, -54.86974, 20.2 ], [ -67.565108333, -54.86974, 20.2 ], [ -67.565108333, -54.86974, 20.2 ], [ -67.565108333, -54.86974, 20.2 ], [ -67.565108333, -54.86974, 20.2 ], [ -67.565108333, -54.86974, 20.2 ], [ -67.565108333, -54.86974, 20.2 ], [ -67.565108333, -54.86974, 20.2 ], [ -67.565108333, -54.86974, 20.2 ], [ -67.565108333, -54.86974, 20.2 ], [ -67.565108333, -54.86974, 20.2 ], [ -67.565108333, -54.86974, 20.2 ], [ -67.565108333, -54.86974, 20.2 ], [ -67.565108333, -54.86974, 20.2 ], [ -67.565108333, -54.86974, 20.2 ], [ -67.565108333, -54.86974, 20.2 ], [ -67.565108333, -54.86974, 20.2 ], [ -67.565108333, -54.86974, 20.2 ], [ -67.565108333, -54.86974, 20.2 ], [ -67.565108333, -54.86974, 20.2 ], [ -67.565108333, -54.86974, 20.2 ], [ -67.565108333, -54.86974, 20.2 ], [ -67.565108333, -54.86974, 20.2 ], [ -67.565108333, -54.86974, 20.2 ], [ -67.565108333, -54.86974, 20.2 ], [ -67.565108333, -54.86974, 20.2 ], [ -67.565108333, -54.86974, 20.2 ], [ -67.565108333, -54.86974, 20.2 ], [ -67.565108333, -54.86974, 20.2 ], [ -67.565108333, -54.86974, 20.2 ], [ -67.565108333, -54.86974, 20.2 ], [ -67.565065, -54.869775, 18.6 ], [ -67.565051667, -54.869783333, 18.5 ], [ -67.565025, -54.869798333, 18.4 ], [ -67.565005, -54.869806667, 18.7 ], [ -67.564991667, -54.869818333, 19.1 ], [ -67.564981667, -54.86983, 19.2 ], [ -67.564975, -54.869843333, 19.2 ], [ -67.564978333, -54.869856667, 19.8 ], [ -67.56498, -54.869863333, 19.7 ], [ -67.564973333, -54.869871667, 19.5 ], [ -67.564956667, -54.869875, 18.9 ], [ -67.564943333, -54.86988, 18.3 ], [ -67.564926667, -54.86988, 17.7 ], [ -67.564903333, -54.869881667, 17.4 ], [ -67.564883333, -54.869885, 17.0 ], [ -67.564858333, -54.86989, 16.6 ], [ -67.564828333, -54.869895, 15.8 ], [ -67.564813333, -54.869906667, 16.4 ], [ -67.564801667, -54.869911667, 16.6 ], [ -67.56479, -54.869916667, 16.7 ], [ -67.564781667, -54.869923333, 16.8 ], [ -67.564773333, -54.869935, 16.8 ], [ -67.564758333, -54.86994, 16.9 ], [ -67.564743333, -54.869948333, 16.9 ], [ -67.56473, -54.869961667, 16.9 ], [ -67.564725, -54.869976667, 17.0 ], [ -67.564718333, -54.869983333, 16.9 ], [ -67.564711667, -54.869995, 17.1 ], [ -67.564708333, -54.87, 16.9 ], [ -67.564695, -54.870011667, 17.0 ], [ -67.56468, -54.870021667, 17.0 ], [ -67.564666667, -54.870033333, 17.1 ], [ -67.564658333, -54.870041667, 17.1 ], [ -67.564646667, -54.870046667, 17.0 ], [ -67.564636667, -54.87005, 16.7 ], [ -67.564633333, -54.870055, 16.4 ], [ -67.564626667, -54.870068333, 16.8 ], [ -67.564615, -54.870075, 17.0 ], [ -67.564601667, -54.870086667, 17.8 ], [ -67.56462, -54.870096667, 18.7 ], [ -67.564626667, -54.870106667, 20.5 ], [ -67.564631667, -54.870121667, 21.2 ], [ -67.564635, -54.870138333, 21.8 ], [ -67.56463, -54.87015, 22.3 ], [ -67.564621667, -54.87016, 22.9 ], [ -67.564621667, -54.870168333, 22.7 ], [ -67.56462, -54.870168333, 22.7 ], [ -67.564626667, -54.87018, 22.6 ], [ -67.564618333, -54.870186667, 22.3 ], [ -67.564598333, -54.870191667, 22.0 ], [ -67.5646, -54.870216667, 21.6 ], [ -67.564598333, -54.870235, 22.0 ], [ -67.564603333, -54.870285, 22.6 ], [ -67.564616667, -54.870328333, 23.4 ], [ -67.564606667, -54.870335, 23.4 ], [ -67.56462, -54.870326667, 23.4 ], [ -67.56462, -54.870328333, 23.5 ], [ -67.564595, -54.870323333, 23.0 ], [ -67.564583333, -54.87031, 23.4 ], [ -67.564395, -54.870315, 23.2 ], [ -67.564121667, -54.870326667, 23.0 ], [ -67.564143333, -54.870313333, 23.0 ], [ -67.564273333, -54.87027, 22.8 ], [ -67.564455, -54.870326667, 22.8 ], [ -67.564578333, -54.87029, 24.2 ], [ -67.564535, -54.870253333, 32.0 ], [ -67.564425, -54.870123333, 33.8 ], [ -67.564321667, -54.870146667, 27.4 ], [ -67.564221667, -54.870155, 26.2 ], [ -67.56415, -54.870191667, 25.7 ], [ -67.564138333, -54.870231667, 25.6 ], [ -67.564128333, -54.87026, 24.9 ], [ -67.564196667, -54.87032, 24.1 ], [ -67.56426, -54.870363333, 23.6 ], [ -67.564318333, -54.870403333, 23.4 ], [ -67.564295, -54.870413333, 22.8 ], [ -67.564343333, -54.870445, 22.3 ], [ -67.564328333, -54.870438333, 22.1 ], [ -67.56433, -54.87046, 21.9 ], [ -67.564298333, -54.870508333, 22.0 ], [ -67.564288333, -54.870541667, 22.2 ], [ -67.564285, -54.870553333, 22.6 ], [ -67.564308333, -54.870551667, 22.9 ], [ -67.564328333, -54.870545, 23.4 ], [ -67.564341667, -54.870536667, 23.5 ], [ -67.564373333, -54.870538333, 23.6 ], [ -67.56441, -54.870531667, 23.7 ], [ -67.564413333, -54.870538333, 23.7 ], [ -67.564423333, -54.870536667, 23.5 ], [ -67.564386667, -54.870521667, 23.1 ], [ -67.564388333, -54.870506667, 22.7 ], [ -67.564371667, -54.870511667, 22.4 ], [ -67.564383333, -54.870506667, 21.7 ], [ -67.564391667, -54.870503333, 21.8 ], [ -67.564393333, -54.870505, 22.1 ], [ -67.564395, -54.870503333, 22.1 ], [ -67.564395, -54.8705, 22.0 ], [ -67.564396667, -54.8705, 21.7 ], [ -67.5644, -54.8705, 21.5 ], [ -67.564403333, -54.870501667, 21.3 ], [ -67.564403333, -54.870501667, 21.3 ], [ -67.564403333, -54.870501667, 21.3 ], [ -67.564403333, -54.870501667, 21.3 ], [ -67.564403333, -54.870501667, 21.3 ], [ -67.564403333, -54.870501667, 21.3 ], [ -67.564403333, -54.870501667, 21.3 ], [ -67.564403333, -54.870501667, 21.3 ], [ -67.564403333, -54.870501667, 21.3 ], [ -67.564403333, -54.870501667, 21.3 ], [ -67.564403333, -54.870501667, 21.3 ], [ -67.564403333, -54.870501667, 21.3 ], [ -67.564403333, -54.870501667, 21.3 ], [ -67.564403333, -54.870501667, 21.3 ], [ -67.564403333, -54.870501667, 21.3 ], [ -67.564403333, -54.870501667, 21.3 ], [ -67.564403333, -54.870501667, 21.3 ], [ -67.564403333, -54.870501667, 21.3 ], [ -67.564403333, -54.870501667, 21.3 ], [ -67.564403333, -54.870501667, 21.3 ], [ -67.564426667, -54.870508333, 18.7 ], [ -67.564433333, -54.870511667, 18.8 ], [ -67.564443333, -54.870513333, 19.1 ], [ -67.564458333, -54.870515, 19.3 ], [ -67.56448, -54.87052, 19.2 ], [ -67.5645, -54.870526667, 19.3 ], [ -67.564518333, -54.870535, 19.4 ], [ -67.564538333, -54.87054, 19.2 ], [ -67.564556667, -54.870541667, 19.3 ], [ -67.564576667, -54.870545, 19.4 ], [ -67.564591667, -54.87055, 19.5 ], [ -67.564606667, -54.870556667, 19.3 ], [ -67.564621667, -54.870561667, 19.2 ], [ -67.56463, -54.870561667, 18.7 ], [ -67.564643333, -54.870565, 18.3 ], [ -67.564658333, -54.870565, 17.7 ], [ -67.564675, -54.870568333, 17.4 ], [ -67.564696667, -54.870573333, 17.2 ], [ -67.564718333, -54.870575, 17.2 ], [ -67.564741667, -54.870575, 17.1 ], [ -67.564765, -54.870583333, 17.0 ], [ -67.564791667, -54.870591667, 16.9 ], [ -67.564813333, -54.870603333, 17.0 ], [ -67.56484, -54.870611667, 17.1 ], [ -67.564861667, -54.870616667, 17.0 ], [ -67.56488, -54.87062, 16.9 ], [ -67.5649, -54.870625, 16.5 ], [ -67.564918333, -54.870628333, 16.5 ], [ -67.564936667, -54.87063, 16.4 ], [ -67.564958333, -54.870636667, 16.3 ], [ -67.564981667, -54.870641667, 16.1 ], [ -67.565005, -54.870646667, 15.9 ], [ -67.565018333, -54.87064, 15.3 ], [ -67.565028333, -54.870636667, 14.9 ], [ -67.565043333, -54.870635, 14.7 ], [ -67.565065, -54.870636667, 14.7 ], [ -67.56508, -54.870636667, 14.6 ], [ -67.565091667, -54.87064, 14.6 ], [ -67.565105, -54.870641667, 14.5 ], [ -67.565115, -54.870643333, 15.0 ], [ -67.565123333, -54.870646667, 15.3 ], [ -67.565128333, -54.870648333, 15.9 ], [ -67.565136667, -54.87065, 16.5 ], [ -67.565145, -54.870655, 16.5 ], [ -67.565153333, -54.870653333, 16.7 ], [ -67.565161667, -54.870653333, 16.9 ], [ -67.565171667, -54.870658333, 16.9 ], [ -67.565185, -54.87066, 16.8 ], [ -67.5652, -54.87066, 16.8 ], [ -67.565211667, -54.870661667, 16.9 ], [ -67.565221667, -54.870663333, 17.0 ], [ -67.565235, -54.870665, 17.0 ], [ -67.56525, -54.870666667, 17.1 ], [ -67.565258333, -54.870666667, 17.1 ], [ -67.565271667, -54.87067, 17.3 ], [ -67.56529, -54.870671667, 18.0 ], [ -67.565308333, -54.870676667, 18.3 ], [ -67.565328333, -54.870681667, 18.6 ], [ -67.565345, -54.870683333, 18.8 ], [ -67.565361667, -54.870685, 18.4 ], [ -67.565371667, -54.870686667, 18.3 ], [ -67.565378333, -54.870685, 18.0 ], [ -67.565378333, -54.870685, 18.0 ], [ -67.565376667, -54.870683333, 18.0 ], [ -67.565378333, -54.870686667, 17.7 ], [ -67.565373333, -54.870685, 17.5 ], [ -67.56538, -54.870685, 17.7 ], [ -67.565386667, -54.870685, 17.7 ], [ -67.565376667, -54.870686667, 17.4 ], [ -67.565371667, -54.870691667, 17.1 ], [ -67.565371667, -54.870691667, 17.1 ], [ -67.565371667, -54.870691667, 17.1 ], [ -67.56537, -54.870691667, 16.6 ], [ -67.565365, -54.870695, 16.8 ], [ -67.565396667, -54.870701667, 16.7 ], [ -67.565455, -54.870713333, 16.7 ], [ -67.565496667, -54.87076, 16.6 ], [ -67.565461667, -54.870896667, 16.6 ], [ -67.565556667, -54.870913333, 16.6 ], [ -67.565503333, -54.8709, 16.6 ], [ -67.565616667, -54.870916667, 16.6 ], [ -67.566493333, -54.871058333, 16.7 ], [ -67.56564, -54.8708, 16.7 ], [ -67.56546, -54.870795, 16.7 ], [ -67.565461667, -54.870716667, 16.6 ], [ -67.565333333, -54.870601667, 16.7 ], [ -67.565461667, -54.870695, 16.7 ], [ -67.565476667, -54.870703333, 16.9 ], [ -67.565448333, -54.870695, 17.0 ], [ -67.565441667, -54.87067, 16.9 ], [ -67.565446667, -54.87067, 17.1 ], [ -67.565461667, -54.87068, 17.4 ], [ -67.565478333, -54.870695, 17.7 ], [ -67.565491667, -54.870706667, 17.9 ], [ -67.5655, -54.870716667, 17.9 ], [ -67.565523333, -54.870711667, 17.5 ], [ -67.565533333, -54.870716667, 17.5 ], [ -67.565551667, -54.87072, 17.1 ], [ -67.565551667, -54.87072, 17.1 ], [ -67.565551667, -54.87072, 17.1 ], [ -67.565551667, -54.87072, 17.1 ], [ -67.565551667, -54.87072, 17.1 ], [ -67.565551667, -54.87072, 17.1 ], [ -67.565551667, -54.87072, 17.1 ], [ -67.565551667, -54.87072, 17.1 ], [ -67.565551667, -54.87072, 17.1 ], [ -67.565551667, -54.87072, 17.1 ], [ -67.565551667, -54.87072, 17.1 ], [ -67.565551667, -54.87072, 17.1 ], [ -67.565531667, -54.870708333, 13.8 ], [ -67.565561667, -54.870713333, 14.1 ], [ -67.565583333, -54.870716667, 13.3 ], [ -67.56561, -54.870718333, 13.4 ], [ -67.565636667, -54.870718333, 13.7 ], [ -67.56566, -54.87072, 14.1 ], [ -67.565683333, -54.870723333, 15.5 ], [ -67.565708333, -54.870723333, 16.3 ], [ -67.565735, -54.870726667, 16.5 ], [ -67.565766667, -54.870728333, 17.1 ], [ -67.565801667, -54.870728333, 17.3 ], [ -67.565838333, -54.87073, 17.9 ], [ -67.565873333, -54.870726667, 18.4 ], [ -67.565906667, -54.870725, 18.8 ], [ -67.56594, -54.870726667, 19.0 ], [ -67.565961667, -54.870725, 19.5 ], [ -67.565995, -54.870718333, 19.4 ], [ -67.566031667, -54.870716667, 19.3 ], [ -67.566073333, -54.870713333, 19.0 ], [ -67.566113333, -54.870711667, 19.6 ], [ -67.56616, -54.870711667, 19.9 ], [ -67.566205, -54.870711667, 19.6 ], [ -67.566246667, -54.870708333, 19.1 ], [ -67.566285, -54.870708333, 18.4 ], [ -67.566318333, -54.87071, 17.8 ], [ -67.566355, -54.87071, 17.4 ], [ -67.566391667, -54.870708333, 16.9 ], [ -67.56643, -54.87071, 16.4 ], [ -67.566476667, -54.870713333, 15.9 ], [ -67.566523333, -54.87071, 15.4 ], [ -67.566568333, -54.870708333, 15.3 ], [ -67.566601667, -54.870706667, 14.6 ], [ -67.566628333, -54.870708333, 14.6 ], [ -67.56664, -54.870706667, 14.9 ], [ -67.566656667, -54.870706667, 14.9 ], [ -67.566656667, -54.870706667, 14.9 ], [ -67.566656667, -54.870706667, 14.9 ], [ -67.566656667, -54.870706667, 14.9 ], [ -67.566648333, -54.870706667, 15.1 ], [ -67.56665, -54.870706667, 15.3 ], [ -67.566648333, -54.870706667, 15.1 ], [ -67.566646667, -54.870706667, 15.1 ], [ -67.566643333, -54.870708333, 15.4 ], [ -67.56664, -54.87071, 15.5 ], [ -67.566636667, -54.87071, 15.6 ], [ -67.566636667, -54.87071, 15.6 ], [ -67.566636667, -54.87071, 15.6 ], [ -67.566636667, -54.87071, 15.6 ], [ -67.566636667, -54.87071, 15.6 ], [ -67.566636667, -54.87071, 15.6 ], [ -67.566636667, -54.87071, 15.6 ], [ -67.566636667, -54.87071, 15.6 ], [ -67.566636667, -54.87071, 15.6 ], [ -67.566636667, -54.87071, 15.6 ], [ -67.566636667, -54.87071, 15.6 ], [ -67.566636667, -54.87071, 15.6 ], [ -67.566636667, -54.87071, 15.6 ], [ -67.566636667, -54.87071, 15.6 ], [ -67.566695, -54.870715, 15.7 ], [ -67.566721667, -54.870716667, 15.9 ], [ -67.566746667, -54.870718333, 16.5 ], [ -67.566778333, -54.870711667, 17.2 ], [ -67.566825, -54.870706667, 17.6 ], [ -67.566876667, -54.870703333, 17.6 ], [ -67.566925, -54.870703333, 18.0 ], [ -67.566976667, -54.870708333, 18.2 ], [ -67.567021667, -54.870716667, 18.3 ], [ -67.56707, -54.870723333, 18.4 ], [ -67.56712, -54.870723333, 18.5 ], [ -67.567175, -54.870725, 18.5 ], [ -67.567231667, -54.870728333, 19.0 ], [ -67.567291667, -54.870733333, 19.0 ], [ -67.567341667, -54.870733333, 18.8 ], [ -67.567386667, -54.870736667, 18.6 ], [ -67.567421667, -54.870748333, 19.3 ], [ -67.56746, -54.870755, 20.0 ], [ -67.567503333, -54.870763333, 20.8 ], [ -67.567546667, -54.870768333, 21.7 ], [ -67.567595, -54.870771667, 22.8 ], [ -67.567645, -54.870778333, 23.3 ], [ -67.567703333, -54.87078, 23.9 ], [ -67.567761667, -54.870781667, 24.6 ], [ -67.567825, -54.870785, 24.6 ], [ -67.56789, -54.870783333, 24.7 ], [ -67.567961667, -54.870778333, 25.6 ], [ -67.568026667, -54.870771667, 26.4 ], [ -67.568088333, -54.870768333, 27.6 ], [ -67.568148333, -54.870768333, 29.1 ], [ -67.568203333, -54.87076, 29.1 ], [ -67.568291667, -54.870766667, 28.1 ], [ -67.568343333, -54.870763333, 28.4 ], [ -67.568401667, -54.870763333, 28.6 ], [ -67.568466667, -54.870768333, 28.4 ], [ -67.568523333, -54.87077, 23.4 ], [ -67.568586667, -54.87077, 20.9 ], [ -67.568643333, -54.870771667, 19.4 ], [ -67.568696667, -54.870771667, 18.1 ], [ -67.568743333, -54.870773333, 17.3 ], [ -67.568773333, -54.870776667, 16.8 ], [ -67.568816667, -54.870788333, 16.3 ], [ -67.568826667, -54.870796667, 16.1 ], [ -67.568838333, -54.870795, 16.1 ], [ -67.568848333, -54.8708, 16.4 ], [ -67.568856667, -54.870803333, 16.6 ], [ -67.568871667, -54.870805, 16.6 ], [ -67.568886667, -54.870806667, 16.5 ], [ -67.568903333, -54.870806667, 16.6 ], [ -67.568923333, -54.87081, 16.6 ], [ -67.568948333, -54.870811667, 16.5 ], [ -67.568976667, -54.870815, 16.6 ], [ -67.569003333, -54.870818333, 16.5 ], [ -67.569025, -54.870821667, 16.7 ], [ -67.56904, -54.870826667, 17.1 ], [ -67.569058333, -54.870828333, 17.6 ], [ -67.569076667, -54.870833333, 18.2 ], [ -67.569096667, -54.870836667, 18.7 ], [ -67.569121667, -54.87084, 19.1 ], [ -67.56915, -54.870845, 19.5 ], [ -67.56919, -54.870851667, 19.9 ], [ -67.569235, -54.870865, 20.4 ], [ -67.569285, -54.870876667, 21.1 ], [ -67.569338333, -54.870888333, 21.7 ], [ -67.569391667, -54.870903333, 21.8 ], [ -67.569445, -54.870916667, 21.7 ], [ -67.569506667, -54.870926667, 22.5 ], [ -67.569566667, -54.870938333, 23.1 ], [ -67.56963, -54.870953333, 25.1 ], [ -67.56969, -54.87097, 26.1 ], [ -67.569751667, -54.870988333, 26.6 ], [ -67.569823333, -54.871011667, 25.9 ], [ -67.569895, -54.871043333, 25.6 ], [ -67.569965, -54.871078333, 27.0 ], [ -67.570035, -54.871115, 28.0 ], [ -67.570108333, -54.871156667, 28.8 ], [ -67.570173333, -54.871201667, 28.7 ], [ -67.570241667, -54.87124, 27.6 ], [ -67.570305, -54.871271667, 27.5 ], [ -67.570366667, -54.871306667, 27.5 ], [ -67.570423333, -54.871336667, 28.2 ], [ -67.570478333, -54.871368333, 29.7 ], [ -67.570526667, -54.871398333, 30.9 ], [ -67.570583333, -54.87142, 29.9 ], [ -67.570643333, -54.871443333, 30.3 ], [ -67.570708333, -54.871465, 31.4 ], [ -67.57078, -54.871485, 32.6 ], [ -67.570855, -54.871501667, 32.7 ], [ -67.570933333, -54.871513333, 32.7 ], [ -67.571018333, -54.871523333, 32.0 ], [ -67.571115, -54.871536667, 32.4 ], [ -67.571211667, -54.87155, 32.7 ], [ -67.57131, -54.871561667, 32.7 ], [ -67.57141, -54.871578333, 32.6 ], [ -67.571505, -54.8716, 33.7 ], [ -67.5716, -54.871616667, 33.9 ], [ -67.571701667, -54.87163, 33.6 ], [ -67.571805, -54.871641667, 33.6 ], [ -67.571913333, -54.871655, 34.2 ], [ -67.572025, -54.87167, 34.3 ], [ -67.57213, -54.871678333, 34.0 ], [ -67.572235, -54.871688333, 34.6 ], [ -67.572341667, -54.871703333, 35.3 ], [ -67.572446667, -54.871705, 35.6 ], [ -67.572558333, -54.871713333, 35.6 ], [ -67.572671667, -54.871733333, 35.5 ], [ -67.572786667, -54.87174, 35.2 ], [ -67.572886667, -54.871751667, 34.8 ], [ -67.572993333, -54.87176, 34.5 ], [ -67.57309, -54.871763333, 34.4 ], [ -67.573178333, -54.871766667, 34.4 ], [ -67.57326, -54.871766667, 33.8 ], [ -67.573348333, -54.87178, 35.6 ], [ -67.573435, -54.871783333, 36.3 ], [ -67.573515, -54.871785, 36.9 ], [ -67.573608333, -54.871795, 37.5 ], [ -67.573701667, -54.8718, 38.5 ], [ -67.573801667, -54.871793333, 38.5 ], [ -67.5739, -54.871788333, 38.5 ], [ -67.574008333, -54.871785, 38.2 ], [ -67.574111667, -54.871785, 37.8 ], [ -67.574218333, -54.87181, 40.4 ], [ -67.574335, -54.87181, 40.5 ], [ -67.574461667, -54.871816667, 41.4 ], [ -67.574585, -54.871815, 42.3 ], [ -67.574715, -54.8718, 41.6 ], [ -67.574841667, -54.87178, 41.3 ], [ -67.574966667, -54.871755, 42.0 ], [ -67.575098333, -54.871733333, 41.3 ], [ -67.575216667, -54.871718333, 40.9 ], [ -67.575323333, -54.8717, 40.8 ], [ -67.575413333, -54.871686667, 40.6 ], [ -67.575501667, -54.871668333, 39.8 ], [ -67.575581667, -54.871648333, 40.0 ], [ -67.575648333, -54.871625, 39.7 ], [ -67.575705, -54.87161, 40.7 ], [ -67.575765, -54.871588333, 41.3 ], [ -67.575826667, -54.871563333, 41.9 ], [ -67.57589, -54.87154, 42.3 ], [ -67.575948333, -54.871513333, 42.9 ], [ -67.576026667, -54.871488333, 42.7 ], [ -67.57613, -54.871468333, 42.7 ], [ -67.576236667, -54.871443333, 42.7 ], [ -67.576351667, -54.87142, 43.0 ], [ -67.576458333, -54.871395, 42.8 ], [ -67.576581667, -54.871371667, 42.3 ], [ -67.5767, -54.871351667, 41.9 ], [ -67.576815, -54.87134, 42.1 ], [ -67.57694, -54.87133, 42.4 ], [ -67.57707, -54.871316667, 42.3 ], [ -67.577196667, -54.871305, 43.0 ], [ -67.577315, -54.87131, 42.5 ], [ -67.577435, -54.871306667, 43.0 ], [ -67.577558333, -54.871303333, 43.1 ], [ -67.577675, -54.871311667, 42.7 ], [ -67.577788333, -54.871315, 42.9 ], [ -67.577901667, -54.871323333, 42.8 ], [ -67.578015, -54.871335, 42.3 ], [ -67.578138333, -54.871345, 42.6 ], [ -67.578255, -54.871348333, 42.9 ], [ -67.578375, -54.87137, 43.1 ], [ -67.578486667, -54.871388333, 42.3 ], [ -67.578603333, -54.871401667, 42.2 ], [ -67.578706667, -54.871425, 41.0 ], [ -67.578805, -54.871441667, 41.6 ], [ -67.5789, -54.871463333, 41.7 ], [ -67.578983333, -54.871503333, 40.7 ], [ -67.57909, -54.871535, 40.7 ], [ -67.579191667, -54.871566667, 40.0 ], [ -67.579306667, -54.871596667, 40.0 ], [ -67.579416667, -54.871631667, 39.7 ], [ -67.579525, -54.87167, 39.5 ], [ -67.579635, -54.871711667, 39.2 ], [ -67.579748333, -54.871745, 38.3 ], [ -67.579861667, -54.87178, 37.5 ], [ -67.579981667, -54.871808333, 36.6 ], [ -67.580101667, -54.871838333, 35.8 ], [ -67.580226667, -54.871871667, 35.4 ], [ -67.58036, -54.871898333, 34.9 ], [ -67.580501667, -54.871921667, 34.1 ], [ -67.580636667, -54.871945, 33.1 ], [ -67.580776667, -54.871965, 32.1 ], [ -67.580905, -54.871983333, 31.7 ], [ -67.581038333, -54.872, 31.7 ], [ -67.581173333, -54.872006667, 32.2 ], [ -67.5813, -54.87201, 35.3 ], [ -67.581406667, -54.87204, 35.3 ], [ -67.581525, -54.872075, 36.8 ], [ -67.581643333, -54.87209, 38.2 ], [ -67.581765, -54.872103333, 39.5 ], [ -67.581875, -54.872126667, 40.8 ], [ -67.581996667, -54.872145, 41.9 ], [ -67.58212, -54.872165, 42.5 ], [ -67.582216667, -54.87219, 43.1 ], [ -67.582305, -54.872211667, 43.9 ], [ -67.58241, -54.872243333, 44.3 ], [ -67.58252, -54.872276667, 44.5 ], [ -67.582603333, -54.87232, 43.6 ], [ -67.582688333, -54.872361667, 44.1 ], [ -67.582776667, -54.872403333, 44.8 ], [ -67.582866667, -54.872443333, 45.9 ], [ -67.582955, -54.872481667, 46.6 ], [ -67.583035, -54.872526667, 47.9 ], [ -67.58312, -54.872566667, 47.9 ], [ -67.583215, -54.872605, 48.7 ], [ -67.583311667, -54.87265, 48.9 ], [ -67.583406667, -54.872705, 48.4 ], [ -67.583518333, -54.872738333, 49.1 ], [ -67.58362, -54.872781667, 49.8 ], [ -67.583718333, -54.872826667, 50.0 ], [ -67.583821667, -54.872863333, 49.8 ], [ -67.58392, -54.872891667, 49.6 ], [ -67.584015, -54.872931667, 49.5 ], [ -67.584105, -54.872975, 49.1 ], [ -67.584181667, -54.873023333, 49.2 ], [ -67.584258333, -54.873068333, 49.3 ], [ -67.584321667, -54.87313, 50.9 ], [ -67.584386667, -54.873183333, 51.9 ], [ -67.584473333, -54.873231667, 53.8 ], [ -67.584555, -54.873273333, 53.9 ], [ -67.58464, -54.873308333, 53.6 ], [ -67.58473, -54.873338333, 52.9 ], [ -67.58481, -54.873375, 53.4 ], [ -67.584893333, -54.873406667, 53.7 ], [ -67.584983333, -54.87344, 53.5 ], [ -67.585073333, -54.873476667, 53.3 ], [ -67.585165, -54.873508333, 52.6 ], [ -67.585256667, -54.873546667, 52.1 ], [ -67.585368333, -54.873581667, 52.1 ], [ -67.585471667, -54.873613333, 51.8 ], [ -67.585581667, -54.873646667, 51.9 ], [ -67.585676667, -54.873691667, 51.4 ], [ -67.585775, -54.87374, 51.1 ], [ -67.585885, -54.87379, 50.6 ], [ -67.585946667, -54.873853333, 50.2 ], [ -67.585988333, -54.873903333, 49.6 ], [ -67.586026667, -54.87396, 49.2 ], [ -67.586046667, -54.874021667, 47.8 ], [ -67.586051667, -54.874096667, 48.5 ], [ -67.58604, -54.874158333, 49.5 ], [ -67.586033333, -54.874208333, 50.2 ], [ -67.586038333, -54.87426, 50.3 ], [ -67.58605, -54.874311667, 50.3 ], [ -67.586085, -54.874358333, 50.4 ], [ -67.58613, -54.874411667, 50.2 ], [ -67.586188333, -54.874451667, 50.0 ], [ -67.586236667, -54.874488333, 49.5 ], [ -67.586293333, -54.874518333, 49.0 ], [ -67.586363333, -54.874538333, 48.2 ], [ -67.586448333, -54.874551667, 48.0 ], [ -67.586541667, -54.874565, 47.4 ], [ -67.586633333, -54.874585, 46.5 ], [ -67.586731667, -54.874603333, 45.6 ], [ -67.586806667, -54.874633333, 44.8 ], [ -67.586891667, -54.874676667, 44.3 ], [ -67.586958333, -54.874715, 44.1 ], [ -67.587021667, -54.874763333, 44.7 ], [ -67.587083333, -54.874811667, 44.8 ], [ -67.587108333, -54.87487, 45.0 ], [ -67.58712, -54.87494, 46.4 ], [ -67.58713, -54.875006667, 48.5 ], [ -67.587161667, -54.875061667, 49.5 ], [ -67.587193333, -54.875101667, 49.9 ], [ -67.58723, -54.875136667, 52.7 ], [ -67.587265, -54.87517, 55.2 ], [ -67.587315, -54.87519, 57.0 ], [ -67.587368333, -54.875205, 57.5 ], [ -67.587438333, -54.875211667, 58.4 ], [ -67.587516667, -54.87522, 59.3 ], [ -67.587595, -54.875245, 59.7 ], [ -67.58767, -54.875265, 59.6 ], [ -67.587753333, -54.875298333, 59.0 ], [ -67.587848333, -54.875333333, 57.7 ], [ -67.58794, -54.87537, 57.8 ], [ -67.588023333, -54.875403333, 57.5 ], [ -67.588088333, -54.875435, 56.6 ], [ -67.588171667, -54.875463333, 56.5 ], [ -67.588256667, -54.875496667, 56.8 ], [ -67.588351667, -54.875536667, 58.2 ], [ -67.588446667, -54.875575, 59.3 ], [ -67.588541667, -54.8756, 59.3 ], [ -67.588623333, -54.875628333, 58.9 ], [ -67.58869, -54.875671667, 58.0 ], [ -67.58876, -54.875703333, 57.4 ], [ -67.588826667, -54.875741667, 57.7 ], [ -67.588895, -54.875771667, 57.9 ], [ -67.588961667, -54.875808333, 58.5 ], [ -67.589036667, -54.87584, 59.4 ], [ -67.589098333, -54.875868333, 61.2 ], [ -67.589155, -54.87589, 62.6 ], [ -67.589206667, -54.875903333, 62.5 ], [ -67.589263333, -54.87591, 62.7 ], [ -67.589321667, -54.87593, 63.1 ], [ -67.589393333, -54.875948333, 63.5 ], [ -67.589466667, -54.875966667, 63.6 ], [ -67.589538333, -54.875976667, 63.3 ], [ -67.589608333, -54.875985, 63.1 ], [ -67.589688333, -54.87598, 61.5 ], [ -67.589766667, -54.875975, 61.5 ], [ -67.589845, -54.875975, 61.0 ], [ -67.589923333, -54.875978333, 61.2 ], [ -67.590015, -54.875975, 61.8 ], [ -67.590103333, -54.875965, 61.7 ], [ -67.590186667, -54.875955, 61.4 ], [ -67.590271667, -54.875945, 61.4 ], [ -67.590361667, -54.875938333, 61.4 ], [ -67.590453333, -54.87593, 61.0 ], [ -67.590543333, -54.875928333, 61.3 ], [ -67.590646667, -54.875925, 61.9 ], [ -67.59076, -54.875926667, 63.0 ], [ -67.590875, -54.875935, 63.9 ], [ -67.59099, -54.875951667, 67.0 ], [ -67.591086667, -54.875956667, 67.7 ], [ -67.591171667, -54.87597, 67.7 ], [ -67.591265, -54.875986667, 67.1 ], [ -67.591351667, -54.876, 66.7 ], [ -67.591448333, -54.876013333, 65.5 ], [ -67.591551667, -54.876023333, 64.7 ], [ -67.591656667, -54.87604, 64.4 ], [ -67.591758333, -54.876058333, 63.6 ], [ -67.591861667, -54.876073333, 62.1 ], [ -67.59197, -54.87609, 61.1 ], [ -67.592071667, -54.876113333, 61.0 ], [ -67.59218, -54.876126667, 59.5 ], [ -67.59228, -54.876143333, 59.6 ], [ -67.59237, -54.876175, 59.8 ], [ -67.592463333, -54.876198333, 59.2 ], [ -67.592555, -54.876211667, 59.5 ], [ -67.59264, -54.876225, 60.8 ], [ -67.592731667, -54.876226667, 61.8 ], [ -67.592821667, -54.876238333, 62.8 ], [ -67.592915, -54.87625, 63.7 ], [ -67.593005, -54.876268333, 64.1 ], [ -67.5931, -54.876296667, 65.0 ], [ -67.593211667, -54.876318333, 65.5 ], [ -67.593311667, -54.876351667, 64.6 ], [ -67.593413333, -54.876386667, 64.2 ], [ -67.59353, -54.876416667, 64.3 ], [ -67.593625, -54.876451667, 63.4 ], [ -67.593728333, -54.876478333, 62.8 ], [ -67.593831667, -54.8765, 62.8 ], [ -67.59394, -54.87652, 63.3 ], [ -67.59404, -54.87653, 63.2 ], [ -67.594128333, -54.876551667, 63.4 ], [ -67.594208333, -54.876578333, 63.7 ], [ -67.594296667, -54.876595, 64.0 ], [ -67.59438, -54.87662, 62.6 ], [ -67.594475, -54.876646667, 61.9 ], [ -67.59456, -54.876665, 62.0 ], [ -67.59463, -54.876693333, 62.7 ], [ -67.59471, -54.876721667, 63.3 ], [ -67.59479, -54.876746667, 65.9 ], [ -67.594885, -54.876786667, 68.1 ], [ -67.594975, -54.87682, 68.7 ], [ -67.595051667, -54.876838333, 68.0 ], [ -67.595121667, -54.876855, 66.4 ], [ -67.595201667, -54.876871667, 66.2 ], [ -67.595281667, -54.876885, 66.5 ], [ -67.595371667, -54.876901667, 66.9 ], [ -67.59546, -54.876915, 68.5 ], [ -67.595553333, -54.876925, 69.5 ], [ -67.595658333, -54.876945, 70.0 ], [ -67.595763333, -54.876956667, 69.8 ], [ -67.595875, -54.87697, 69.5 ], [ -67.59598, -54.877001667, 68.3 ], [ -67.596073333, -54.877043333, 68.2 ], [ -67.596136667, -54.87709, 66.9 ], [ -67.596195, -54.877135, 65.9 ], [ -67.596271667, -54.877186667, 64.1 ], [ -67.596353333, -54.877228333, 63.0 ], [ -67.596438333, -54.877275, 62.6 ], [ -67.596515, -54.877323333, 62.5 ], [ -67.596598333, -54.87737, 62.0 ], [ -67.596691667, -54.877411667, 61.4 ], [ -67.596783333, -54.87746, 61.4 ], [ -67.596868333, -54.877511667, 61.4 ], [ -67.596951667, -54.877556667, 61.2 ], [ -67.597058333, -54.87759, 62.0 ], [ -67.597166667, -54.877625, 62.8 ], [ -67.59728, -54.877653333, 64.2 ], [ -67.597408333, -54.877683333, 65.2 ], [ -67.597536667, -54.877695, 65.9 ], [ -67.597656667, -54.877721667, 66.4 ], [ -67.597773333, -54.877736667, 67.4 ], [ -67.597885, -54.87775, 68.2 ], [ -67.597988333, -54.877755, 68.5 ], [ -67.598088333, -54.877753333, 69.0 ], [ -67.598206667, -54.877775, 69.0 ], [ -67.59833, -54.877793333, 68.7 ], [ -67.598448333, -54.877791667, 68.5 ], [ -67.59857, -54.877791667, 68.3 ], [ -67.59869, -54.8778, 69.4 ], [ -67.598825, -54.8778, 70.2 ], [ -67.59894, -54.877801667, 71.1 ], [ -67.59904, -54.877783333, 70.2 ], [ -67.599146667, -54.877781667, 71.5 ], [ -67.599248333, -54.877768333, 72.5 ], [ -67.599341667, -54.877771667, 74.0 ], [ -67.599475, -54.877783333, 73.9 ], [ -67.59962, -54.877803333, 74.3 ], [ -67.599776667, -54.877801667, 74.9 ], [ -67.599925, -54.877811667, 74.9 ], [ -67.600076667, -54.877841667, 75.8 ], [ -67.60021, -54.87787, 78.5 ], [ -67.60036, -54.877913333, 80.9 ], [ -67.600498333, -54.87795, 82.0 ], [ -67.600636667, -54.877985, 83.0 ], [ -67.600768333, -54.87803, 84.4 ], [ -67.600898333, -54.878078333, 85.3 ], [ -67.601035, -54.878133333, 86.3 ], [ -67.601165, -54.878171667, 86.7 ], [ -67.601293333, -54.878193333, 86.3 ], [ -67.601418333, -54.87821, 86.4 ], [ -67.601548333, -54.878235, 88.4 ], [ -67.601683333, -54.878255, 89.0 ], [ -67.601818333, -54.878275, 89.9 ], [ -67.601956667, -54.878291667, 90.2 ], [ -67.602108333, -54.878311667, 90.3 ], [ -67.602256667, -54.878338333, 90.5 ], [ -67.602411667, -54.87837, 91.0 ], [ -67.602571667, -54.8784, 90.8 ], [ -67.602725, -54.878428333, 90.7 ], [ -67.60287, -54.87846, 90.5 ], [ -67.603011667, -54.878488333, 90.2 ], [ -67.603168333, -54.878508333, 91.3 ], [ -67.603316667, -54.878531667, 91.3 ], [ -67.603466667, -54.878558333, 91.5 ], [ -67.603606667, -54.878581667, 91.3 ], [ -67.603748333, -54.8786, 90.7 ], [ -67.603891667, -54.878615, 91.6 ], [ -67.60404, -54.878626667, 92.6 ], [ -67.60418, -54.878633333, 93.0 ], [ -67.604325, -54.87863, 92.6 ], [ -67.604468333, -54.878628333, 93.2 ], [ -67.6046, -54.878631667, 93.6 ], [ -67.60474, -54.878641667, 94.2 ], [ -67.604886667, -54.878638333, 94.3 ], [ -67.60501, -54.878631667, 93.9 ], [ -67.60512, -54.878618333, 93.8 ], [ -67.605233333, -54.878615, 94.3 ], [ -67.605335, -54.878621667, 94.0 ], [ -67.605445, -54.878628333, 94.5 ], [ -67.605538333, -54.878633333, 94.3 ], [ -67.605653333, -54.878648333, 94.5 ], [ -67.605768333, -54.878656667, 94.1 ], [ -67.60589, -54.87868, 94.3 ], [ -67.606016667, -54.878693333, 94.2 ], [ -67.606138333, -54.878698333, 94.3 ], [ -67.606251667, -54.878698333, 94.7 ], [ -67.606363333, -54.87869, 94.9 ], [ -67.606481667, -54.87869, 94.9 ], [ -67.606603333, -54.87869, 95.5 ], [ -67.60673, -54.87869, 96.3 ], [ -67.606853333, -54.878691667, 96.8 ], [ -67.606981667, -54.878693333, 97.3 ], [ -67.607105, -54.878701667, 97.2 ], [ -67.607226667, -54.878706667, 97.4 ], [ -67.607358333, -54.878713333, 98.6 ], [ -67.6075, -54.878725, 100.3 ], [ -67.607638333, -54.878733333, 101.6 ], [ -67.607758333, -54.878758333, 103.8 ], [ -67.607876667, -54.878773333, 104.8 ], [ -67.60798, -54.878793333, 105.9 ], [ -67.60808, -54.878823333, 105.8 ], [ -67.608175, -54.878863333, 106.0 ], [ -67.608263333, -54.878906667, 106.8 ], [ -67.608376667, -54.878936667, 108.2 ], [ -67.608473333, -54.878966667, 107.2 ], [ -67.60857, -54.87899, 105.8 ], [ -67.60867, -54.879016667, 104.4 ], [ -67.608795, -54.879038333, 102.6 ], [ -67.608931667, -54.879058333, 101.2 ], [ -67.60906, -54.879098333, 100.8 ], [ -67.609193333, -54.879143333, 100.7 ], [ -67.609306667, -54.879213333, 101.9 ], [ -67.609426667, -54.879273333, 100.5 ], [ -67.609555, -54.87932, 98.0 ], [ -67.609678333, -54.879375, 97.8 ], [ -67.609798333, -54.879421667, 96.9 ], [ -67.609901667, -54.879471667, 96.4 ], [ -67.610001667, -54.879521667, 95.9 ], [ -67.610103333, -54.879561667, 95.8 ], [ -67.610215, -54.879598333, 95.0 ], [ -67.610328333, -54.879636667, 93.5 ], [ -67.610438333, -54.87967, 91.9 ], [ -67.610555, -54.879711667, 90.8 ], [ -67.61068, -54.879751667, 87.8 ], [ -67.610803333, -54.879793333, 86.0 ], [ -67.610911667, -54.879828333, 83.7 ], [ -67.611021667, -54.879865, 81.1 ], [ -67.611143333, -54.879915, 80.2 ], [ -67.61126, -54.879963333, 79.7 ], [ -67.61138, -54.88002, 79.3 ], [ -67.611491667, -54.880085, 78.9 ], [ -67.61161, -54.880145, 78.1 ], [ -67.611721667, -54.880181667, 75.6 ], [ -67.611866667, -54.880215, 73.5 ], [ -67.612013333, -54.880238333, 71.3 ], [ -67.612156667, -54.88027, 69.8 ], [ -67.612305, -54.880316667, 68.9 ], [ -67.612456667, -54.880373333, 68.5 ], [ -67.612611667, -54.880426667, 69.0 ], [ -67.61276, -54.880465, 68.8 ], [ -67.612901667, -54.880501667, 69.8 ], [ -67.613028333, -54.880541667, 70.9 ], [ -67.613153333, -54.880573333, 71.8 ], [ -67.613271667, -54.880623333, 71.6 ], [ -67.613415, -54.880663333, 72.4 ], [ -67.613556667, -54.880698333, 72.2 ], [ -67.613706667, -54.880726667, 71.4 ], [ -67.613858333, -54.88076, 70.4 ], [ -67.614006667, -54.880796667, 69.6 ], [ -67.614163333, -54.880828333, 69.1 ], [ -67.614323333, -54.880865, 67.8 ], [ -67.61447, -54.880896667, 67.1 ], [ -67.614621667, -54.880921667, 68.1 ], [ -67.614776667, -54.88094, 68.5 ], [ -67.614926667, -54.880951667, 67.9 ], [ -67.615038333, -54.880973333, 72.1 ], [ -67.615151667, -54.88099, 74.4 ], [ -67.615263333, -54.88101, 75.0 ], [ -67.615373333, -54.88103, 76.8 ], [ -67.615496667, -54.881058333, 77.8 ], [ -67.615601667, -54.881108333, 78.0 ], [ -67.615695, -54.88116, 79.3 ], [ -67.615788333, -54.881198333, 79.7 ], [ -67.615891667, -54.881238333, 80.0 ], [ -67.615983333, -54.881283333, 80.1 ], [ -67.616085, -54.881318333, 80.8 ], [ -67.616211667, -54.881348333, 80.8 ], [ -67.616326667, -54.881383333, 80.6 ], [ -67.616441667, -54.881415, 80.6 ], [ -67.616558333, -54.881448333, 80.5 ], [ -67.616665, -54.881481667, 80.5 ], [ -67.616773333, -54.881513333, 80.4 ], [ -67.616891667, -54.88153, 79.8 ], [ -67.617013333, -54.881548333, 79.1 ], [ -67.617135, -54.881575, 77.8 ], [ -67.617265, -54.881595, 76.4 ], [ -67.617395, -54.881616667, 75.1 ], [ -67.617526667, -54.881641667, 74.0 ], [ -67.617668333, -54.88167, 72.5 ], [ -67.617811667, -54.8817, 71.1 ], [ -67.61795, -54.881735, 70.8 ], [ -67.618086667, -54.881778333, 70.0 ], [ -67.618225, -54.881823333, 68.1 ], [ -67.61836, -54.881856667, 66.0 ], [ -67.618495, -54.881885, 63.2 ], [ -67.618641667, -54.881915, 60.3 ], [ -67.618818333, -54.881943333, 59.4 ], [ -67.61898, -54.881973333, 57.0 ], [ -67.619131667, -54.882005, 55.2 ], [ -67.619276667, -54.882028333, 54.6 ], [ -67.619411667, -54.88204, 53.7 ], [ -67.61954, -54.882041667, 52.7 ], [ -67.619645, -54.882031667, 52.0 ], [ -67.619765, -54.882023333, 51.8 ], [ -67.619893333, -54.882015, 50.7 ], [ -67.620038333, -54.882013333, 50.8 ], [ -67.620171667, -54.882011667, 50.3 ], [ -67.62031, -54.882011667, 50.0 ], [ -67.620458333, -54.882016667, 49.3 ], [ -67.620598333, -54.882035, 48.2 ], [ -67.62075, -54.882051667, 46.9 ], [ -67.620905, -54.882086667, 45.7 ], [ -67.621066667, -54.882118333, 45.2 ], [ -67.621235, -54.882151667, 44.5 ], [ -67.621395, -54.882196667, 43.9 ], [ -67.621555, -54.882228333, 44.1 ], [ -67.62171, -54.882256667, 43.9 ], [ -67.621871667, -54.88229, 45.0 ], [ -67.622043333, -54.882328333, 46.0 ], [ -67.622216667, -54.88236, 46.6 ], [ -67.622385, -54.882383333, 47.9 ], [ -67.622541667, -54.8824, 48.4 ], [ -67.62268, -54.882418333, 49.1 ], [ -67.62281, -54.88243, 50.0 ], [ -67.622938333, -54.882443333, 50.1 ], [ -67.623071667, -54.882448333, 50.9 ], [ -67.623205, -54.88245, 51.3 ], [ -67.623353333, -54.882448333, 52.0 ], [ -67.623511667, -54.882448333, 52.5 ], [ -67.623688333, -54.882446667, 53.2 ], [ -67.623881667, -54.882441667, 54.6 ], [ -67.624061667, -54.88246, 53.9 ], [ -67.62423, -54.882453333, 53.0 ], [ -67.624403333, -54.882451667, 52.8 ], [ -67.624575, -54.882455, 53.0 ], [ -67.62475, -54.882473333, 53.8 ], [ -67.624921667, -54.882503333, 54.2 ], [ -67.62509, -54.882533333, 53.1 ], [ -67.625248333, -54.88256, 52.5 ], [ -67.625401667, -54.882576667, 53.0 ], [ -67.625545, -54.882591667, 52.8 ], [ -67.625685, -54.882611667, 52.8 ], [ -67.62582, -54.882635, 52.8 ], [ -67.625955, -54.882656667, 52.6 ], [ -67.626071667, -54.882678333, 53.0 ], [ -67.626191667, -54.882695, 53.6 ], [ -67.626305, -54.882711667, 53.9 ], [ -67.626416667, -54.882726667, 54.4 ], [ -67.626521667, -54.88274, 54.6 ], [ -67.626623333, -54.882748333, 55.0 ], [ -67.626735, -54.882746667, 54.5 ], [ -67.62686, -54.882748333, 54.2 ], [ -67.626983333, -54.882753333, 53.6 ], [ -67.62711, -54.882763333, 53.0 ], [ -67.627233333, -54.882783333, 52.6 ], [ -67.627353333, -54.882796667, 51.2 ], [ -67.627475, -54.882808333, 49.9 ], [ -67.627598333, -54.882825, 49.2 ], [ -67.627721667, -54.882846667, 49.6 ], [ -67.627856667, -54.882865, 48.8 ], [ -67.627995, -54.882895, 48.4 ], [ -67.628135, -54.88292, 48.3 ], [ -67.62826, -54.882935, 47.8 ], [ -67.628371667, -54.882948333, 46.7 ], [ -67.628461667, -54.882961667, 46.2 ], [ -67.628538333, -54.882971667, 46.1 ], [ -67.628618333, -54.88298, 47.5 ], [ -67.628691667, -54.88298, 47.8 ], [ -67.628761667, -54.882978333, 47.7 ], [ -67.628845, -54.882983333, 47.6 ], [ -67.628928333, -54.882986667, 47.3 ], [ -67.62901, -54.882991667, 47.2 ], [ -67.629086667, -54.883003333, 46.2 ], [ -67.629175, -54.883003333, 45.5 ], [ -67.629253333, -54.883, 45.4 ], [ -67.629338333, -54.882996667, 45.7 ], [ -67.629423333, -54.883001667, 46.4 ], [ -67.629511667, -54.883006667, 47.6 ], [ -67.629616667, -54.883013333, 48.2 ], [ -67.629716667, -54.883015, 48.8 ], [ -67.629821667, -54.883028333, 48.2 ], [ -67.629938333, -54.883046667, 47.7 ], [ -67.630053333, -54.88305, 46.7 ], [ -67.630171667, -54.883051667, 45.8 ], [ -67.630281667, -54.883061667, 45.4 ], [ -67.630411667, -54.883073333, 45.9 ], [ -67.630546667, -54.883085, 46.4 ], [ -67.630671667, -54.883096667, 46.6 ], [ -67.63079, -54.883106667, 47.0 ], [ -67.630901667, -54.883106667, 46.9 ], [ -67.631015, -54.883103333, 46.8 ], [ -67.631143333, -54.883096667, 47.3 ], [ -67.631261667, -54.88308, 47.7 ], [ -67.631368333, -54.883073333, 47.7 ], [ -67.631471667, -54.883068333, 48.0 ], [ -67.631578333, -54.883055, 47.5 ], [ -67.631681667, -54.883041667, 47.5 ], [ -67.631793333, -54.88303, 47.7 ], [ -67.63191, -54.883013333, 47.7 ], [ -67.632023333, -54.882985, 48.5 ], [ -67.632136667, -54.882953333, 47.6 ], [ -67.63225, -54.882925, 46.6 ], [ -67.63237, -54.882898333, 45.9 ], [ -67.6325, -54.882868333, 44.7 ], [ -67.632638333, -54.882838333, 44.1 ], [ -67.632771667, -54.882813333, 43.7 ], [ -67.632906667, -54.882801667, 42.7 ], [ -67.633053333, -54.882778333, 42.4 ], [ -67.633193333, -54.882753333, 41.8 ], [ -67.633341667, -54.882736667, 41.9 ], [ -67.633475, -54.882713333, 41.7 ], [ -67.63361, -54.882693333, 42.1 ], [ -67.633756667, -54.882683333, 43.6 ], [ -67.633901667, -54.882676667, 45.3 ], [ -67.634068333, -54.882665, 46.2 ], [ -67.634245, -54.882661667, 46.1 ], [ -67.634411667, -54.882661667, 45.5 ], [ -67.634565, -54.882661667, 45.8 ], [ -67.634718333, -54.88266, 46.5 ], [ -67.634868333, -54.882645, 48.0 ], [ -67.635006667, -54.882633333, 49.7 ], [ -67.63513, -54.882618333, 51.0 ], [ -67.635275, -54.8826, 51.9 ], [ -67.635411667, -54.882576667, 52.6 ], [ -67.63555, -54.882555, 53.8 ], [ -67.635706667, -54.882538333, 54.8 ], [ -67.635871667, -54.882513333, 55.7 ], [ -67.636011667, -54.882486667, 56.5 ], [ -67.636148333, -54.882466667, 57.9 ], [ -67.63628, -54.882436667, 59.2 ], [ -67.636413333, -54.882413333, 59.4 ], [ -67.63655, -54.882386667, 60.3 ], [ -67.636685, -54.882365, 60.3 ], [ -67.63685, -54.882348333, 55.5 ], [ -67.636996667, -54.88235, 54.3 ], [ -67.637111667, -54.882341667, 54.7 ], [ -67.637251667, -54.882346667, 55.3 ], [ -67.637383333, -54.882351667, 55.6 ], [ -67.637513333, -54.882363333, 55.6 ], [ -67.637653333, -54.882378333, 54.3 ], [ -67.637786667, -54.882406667, 53.5 ], [ -67.637903333, -54.882443333, 53.2 ], [ -67.63799, -54.882478333, 52.1 ], [ -67.63806, -54.882511667, 51.5 ], [ -67.638108333, -54.882543333, 50.4 ], [ -67.638166667, -54.882563333, 49.9 ], [ -67.638235, -54.882583333, 50.2 ], [ -67.638311667, -54.882603333, 50.7 ], [ -67.638383333, -54.882613333, 49.4 ], [ -67.638456667, -54.882625, 49.3 ], [ -67.63854, -54.882636667, 50.7 ], [ -67.638618333, -54.882655, 51.4 ], [ -67.638695, -54.882675, 51.7 ], [ -67.638771667, -54.882693333, 52.1 ], [ -67.638853333, -54.882711667, 52.1 ], [ -67.638941667, -54.882731667, 51.9 ], [ -67.639033333, -54.882756667, 50.4 ], [ -67.639128333, -54.882783333, 50.0 ], [ -67.639238333, -54.88281, 49.7 ], [ -67.639351667, -54.882831667, 49.5 ], [ -67.63946, -54.882843333, 48.5 ], [ -67.639585, -54.882866667, 47.0 ], [ -67.639713333, -54.882895, 46.9 ], [ -67.639846667, -54.882936667, 47.1 ], [ -67.640005, -54.882968333, 45.8 ], [ -67.640151667, -54.88299, 44.4 ], [ -67.640281667, -54.883001667, 43.6 ], [ -67.640385, -54.883013333, 43.2 ], [ -67.640491667, -54.883026667, 42.7 ], [ -67.640596667, -54.883035, 42.2 ], [ -67.640708333, -54.88304, 42.5 ], [ -67.640815, -54.883038333, 42.1 ], [ -67.640926667, -54.883038333, 41.6 ], [ -67.641038333, -54.883035, 41.0 ], [ -67.641153333, -54.883038333, 40.5 ], [ -67.641273333, -54.883036667, 40.8 ], [ -67.641408333, -54.883038333, 41.0 ], [ -67.641546667, -54.883036667, 41.0 ], [ -67.641693333, -54.883035, 41.4 ], [ -67.641848333, -54.883035, 41.3 ], [ -67.641986667, -54.883028333, 40.8 ], [ -67.642145, -54.883021667, 41.1 ], [ -67.642301667, -54.883013333, 41.6 ], [ -67.642453333, -54.883011667, 42.9 ], [ -67.642598333, -54.883008333, 43.9 ], [ -67.642723333, -54.883011667, 44.6 ], [ -67.642848333, -54.88302, 44.7 ], [ -67.643, -54.883025, 45.4 ], [ -67.64314, -54.883031667, 44.6 ], [ -67.643288333, -54.883025, 45.1 ], [ -67.64344, -54.883013333, 45.4 ], [ -67.643591667, -54.882998333, 46.3 ], [ -67.643743333, -54.882981667, 47.1 ], [ -67.643886667, -54.882963333, 48.8 ], [ -67.644013333, -54.882943333, 50.7 ], [ -67.644075, -54.882928333, 52.3 ], [ -67.644208333, -54.8829, 53.0 ], [ -67.644543333, -54.882845, 53.0 ], [ -67.64468, -54.882813333, 51.4 ], [ -67.644798333, -54.882766667, 51.0 ], [ -67.64493, -54.882728333, 51.8 ], [ -67.64504, -54.882675, 51.3 ], [ -67.645155, -54.882625, 51.5 ], [ -67.645245, -54.882586667, 51.7 ], [ -67.645335, -54.882543333, 52.4 ], [ -67.645423333, -54.88251, 53.0 ], [ -67.645505, -54.882496667, 53.2 ], [ -67.6456, -54.882476667, 53.3 ], [ -67.645698333, -54.882455, 53.8 ], [ -67.645805, -54.882445, 53.9 ], [ -67.645901667, -54.882435, 54.4 ], [ -67.645991667, -54.882408333, 54.9 ], [ -67.646093333, -54.882385, 55.6 ], [ -67.6462, -54.882371667, 55.7 ], [ -67.646321667, -54.882355, 55.5 ], [ -67.646381667, -54.882303333, 55.3 ], [ -67.646471667, -54.882281667, 54.1 ], [ -67.646573333, -54.882241667, 53.9 ], [ -67.646678333, -54.882218333, 53.6 ], [ -67.646786667, -54.882206667, 52.5 ], [ -67.646896667, -54.882195, 52.5 ], [ -67.647003333, -54.882181667, 50.8 ], [ -67.647116667, -54.88217, 50.6 ], [ -67.647226667, -54.882156667, 50.6 ], [ -67.647326667, -54.88215, 50.5 ], [ -67.647446667, -54.88215, 50.2 ], [ -67.647571667, -54.882158333, 51.2 ], [ -67.647685, -54.882166667, 53.2 ], [ -67.647788333, -54.882175, 56.1 ], [ -67.64789, -54.882186667, 59.6 ], [ -67.648013333, -54.882218333, 61.6 ], [ -67.648126667, -54.882268333, 62.6 ], [ -67.648258333, -54.882311667, 63.8 ], [ -67.648358333, -54.882368333, 61.7 ], [ -67.648473333, -54.882411667, 61.5 ], [ -67.648583333, -54.882456667, 61.8 ], [ -67.648681667, -54.882505, 61.5 ], [ -67.648813333, -54.882543333, 63.0 ], [ -67.64894, -54.88257, 63.4 ], [ -67.64906, -54.88259, 63.7 ], [ -67.649183333, -54.882626667, 63.3 ], [ -67.649305, -54.882611667, 63.2 ], [ -67.649423333, -54.882608333, 63.8 ], [ -67.649528333, -54.882596667, 63.3 ], [ -67.649626667, -54.882598333, 61.6 ], [ -67.649726667, -54.882606667, 61.4 ], [ -67.649825, -54.88262, 61.4 ], [ -67.649918333, -54.882635, 60.6 ], [ -67.65, -54.882655, 59.7 ], [ -67.650068333, -54.882666667, 58.6 ], [ -67.650116667, -54.88268, 58.2 ], [ -67.650171667, -54.8827, 57.7 ], [ -67.650216667, -54.882713333, 58.0 ], [ -67.65028, -54.88272, 56.8 ], [ -67.650366667, -54.882731667, 56.2 ], [ -67.650455, -54.882731667, 54.4 ], [ -67.650543333, -54.882736667, 54.4 ], [ -67.650641667, -54.882735, 54.1 ], [ -67.650731667, -54.882735, 54.3 ], [ -67.650826667, -54.882731667, 54.2 ], [ -67.650925, -54.882725, 54.0 ], [ -67.651015, -54.882708333, 53.2 ], [ -67.651115, -54.882688333, 53.2 ], [ -67.651218333, -54.882661667, 53.2 ], [ -67.651336667, -54.882635, 53.3 ], [ -67.651453333, -54.882608333, 53.7 ], [ -67.65157, -54.88258, 53.3 ], [ -67.65169, -54.882555, 53.1 ], [ -67.651818333, -54.882528333, 53.3 ], [ -67.651931667, -54.882505, 53.1 ], [ -67.652055, -54.882488333, 55.1 ], [ -67.652165, -54.882476667, 55.8 ], [ -67.652265, -54.882471667, 56.3 ], [ -67.65236, -54.882473333, 56.7 ], [ -67.652453333, -54.882475, 56.9 ], [ -67.65256, -54.882485, 56.5 ], [ -67.652676667, -54.882508333, 56.0 ], [ -67.6528, -54.882535, 55.7 ], [ -67.652898333, -54.882568333, 55.2 ], [ -67.652991667, -54.882591667, 55.3 ], [ -67.653071667, -54.88262, 55.9 ], [ -67.653116667, -54.88266, 54.8 ], [ -67.653163333, -54.882695, 54.0 ], [ -67.653218333, -54.882725, 54.3 ], [ -67.653291667, -54.882755, 53.9 ], [ -67.653373333, -54.882785, 53.0 ], [ -67.653448333, -54.88281, 51.6 ], [ -67.653536667, -54.882835, 50.6 ], [ -67.653623333, -54.88287, 48.4 ], [ -67.65373, -54.882908333, 47.6 ], [ -67.653825, -54.882948333, 46.5 ], [ -67.653895, -54.882988333, 44.8 ], [ -67.653955, -54.883028333, 43.3 ], [ -67.654016667, -54.883068333, 41.0 ], [ -67.654093333, -54.8831, 40.3 ], [ -67.654163333, -54.883138333, 38.6 ], [ -67.654245, -54.883181667, 37.4 ], [ -67.654343333, -54.88322, 35.0 ], [ -67.654446667, -54.883266667, 32.9 ], [ -67.654583333, -54.8833, 33.0 ], [ -67.654715, -54.883345, 33.9 ], [ -67.654825, -54.883378333, 33.8 ], [ -67.654936667, -54.883415, 34.3 ], [ -67.655003333, -54.883438333, 35.9 ], [ -67.65508, -54.883458333, 36.0 ], [ -67.65515, -54.883478333, 35.5 ], [ -67.655231667, -54.88349, 35.2 ], [ -67.65531, -54.883503333, 34.7 ], [ -67.655398333, -54.883518333, 34.1 ], [ -67.655495, -54.883535, 34.7 ], [ -67.655585, -54.883548333, 34.2 ], [ -67.655676667, -54.88357, 34.4 ], [ -67.655751667, -54.883578333, 33.5 ], [ -67.655816667, -54.883595, 31.7 ], [ -67.655901667, -54.883591667, 30.8 ], [ -67.655985, -54.883583333, 30.1 ], [ -67.656071667, -54.88358, 29.2 ], [ -67.65616, -54.883583333, 28.6 ], [ -67.656248333, -54.883583333, 28.2 ], [ -67.656326667, -54.883581667, 27.6 ], [ -67.656443333, -54.88358, 27.0 ], [ -67.656565, -54.883583333, 26.3 ], [ -67.656678333, -54.883585, 25.1 ], [ -67.656798333, -54.883586667, 25.1 ], [ -67.65693, -54.88359, 25.4 ], [ -67.657038333, -54.883615, 25.4 ], [ -67.657148333, -54.883636667, 26.0 ], [ -67.65726, -54.88366, 26.6 ], [ -67.657363333, -54.883695, 26.9 ], [ -67.657473333, -54.88373, 26.4 ], [ -67.657573333, -54.883763333, 25.9 ], [ -67.657658333, -54.883798333, 25.1 ], [ -67.657738333, -54.883833333, 24.7 ], [ -67.65782, -54.883866667, 24.5 ], [ -67.657896667, -54.883891667, 24.4 ], [ -67.657971667, -54.883908333, 24.8 ], [ -67.658048333, -54.883931667, 25.6 ], [ -67.658126667, -54.883958333, 25.7 ], [ -67.658205, -54.883966667, 25.4 ], [ -67.658276667, -54.883983333, 24.4 ], [ -67.658348333, -54.884005, 22.6 ], [ -67.658425, -54.88402, 20.7 ], [ -67.6585, -54.884031667, 19.0 ], [ -67.658575, -54.884046667, 17.1 ], [ -67.658661667, -54.884051667, 15.5 ], [ -67.658746667, -54.884071667, 14.6 ], [ -67.658838333, -54.884096667, 14.6 ], [ -67.658933333, -54.884115, 13.5 ], [ -67.659035, -54.884138333, 12.6 ], [ -67.659148333, -54.884163333, 13.3 ], [ -67.659271667, -54.884185, 13.3 ], [ -67.659386667, -54.884206667, 13.8 ], [ -67.659488333, -54.884223333, 14.5 ], [ -67.659596667, -54.884238333, 15.5 ], [ -67.65969, -54.884253333, 16.8 ], [ -67.659786667, -54.884275, 17.4 ], [ -67.659878333, -54.884291667, 17.2 ], [ -67.659973333, -54.884301667, 16.8 ], [ -67.660056667, -54.884308333, 16.4 ], [ -67.660133333, -54.884321667, 16.8 ], [ -67.660211667, -54.884338333, 18.0 ], [ -67.660296667, -54.884358333, 18.5 ], [ -67.660373333, -54.884376667, 19.0 ], [ -67.660456667, -54.884395, 20.1 ], [ -67.660528333, -54.884401667, 20.2 ], [ -67.660606667, -54.884408333, 21.2 ], [ -67.66068, -54.884411667, 21.4 ], [ -67.66076, -54.884416667, 21.2 ], [ -67.66085, -54.884411667, 20.3 ], [ -67.660945, -54.884406667, 19.8 ], [ -67.661041667, -54.884406667, 18.8 ], [ -67.661135, -54.884403333, 17.6 ], [ -67.66124, -54.884408333, 17.6 ], [ -67.661343333, -54.884413333, 17.2 ], [ -67.66144, -54.884415, 16.4 ], [ -67.66154, -54.88443, 16.5 ], [ -67.661631667, -54.884438333, 16.7 ], [ -67.661725, -54.884448333, 16.8 ], [ -67.661815, -54.884455, 17.1 ], [ -67.661898333, -54.884455, 16.8 ], [ -67.661978333, -54.884446667, 15.9 ], [ -67.66209, -54.884456667, 17.3 ], [ -67.662191667, -54.884456667, 17.7 ], [ -67.662288333, -54.884453333, 18.8 ], [ -67.662381667, -54.884451667, 19.7 ], [ -67.662475, -54.884448333, 19.2 ], [ -67.662561667, -54.884441667, 19.3 ], [ -67.662648333, -54.88444, 19.1 ], [ -67.66273, -54.884441667, 18.8 ], [ -67.662806667, -54.884441667, 18.6 ], [ -67.662873333, -54.884441667, 18.9 ], [ -67.662925, -54.884436667, 19.2 ], [ -67.662968333, -54.884436667, 19.5 ], [ -67.663001667, -54.884438333, 19.9 ], [ -67.663035, -54.884445, 20.0 ], [ -67.663063333, -54.884448333, 20.1 ], [ -67.66309, -54.88445, 20.3 ], [ -67.663113333, -54.884448333, 20.1 ], [ -67.663143333, -54.884448333, 20.3 ], [ -67.663181667, -54.884448333, 20.3 ], [ -67.663221667, -54.88445, 19.9 ], [ -67.663268333, -54.884448333, 19.3 ], [ -67.663315, -54.884446667, 18.8 ], [ -67.663355, -54.884441667, 18.5 ], [ -67.6634, -54.88444, 18.4 ], [ -67.663446667, -54.88444, 18.5 ], [ -67.663491667, -54.884441667, 18.6 ], [ -67.663546667, -54.88444, 18.4 ], [ -67.663611667, -54.884441667, 18.5 ], [ -67.663683333, -54.884443333, 18.4 ], [ -67.66376, -54.88445, 17.9 ], [ -67.663835, -54.884458333, 17.8 ], [ -67.66391, -54.884463333, 17.8 ], [ -67.663986667, -54.884465, 18.2 ], [ -67.66407, -54.884468333, 18.4 ], [ -67.664145, -54.884473333, 18.3 ], [ -67.664213333, -54.884476667, 18.0 ], [ -67.664281667, -54.884481667, 17.8 ], [ -67.66434, -54.884485, 17.8 ], [ -67.664398333, -54.88449, 17.8 ], [ -67.664466667, -54.884498333, 17.7 ], [ -67.664535, -54.884506667, 17.8 ], [ -67.664605, -54.884513333, 17.7 ], [ -67.664668333, -54.884516667, 17.7 ], [ -67.66473, -54.884521667, 17.5 ], [ -67.66479, -54.884523333, 17.4 ], [ -67.664838333, -54.884528333, 17.6 ], [ -67.664886667, -54.884531667, 18.0 ], [ -67.664938333, -54.884536667, 18.0 ], [ -67.664985, -54.88454, 17.3 ], [ -67.665021667, -54.884548333, 17.8 ], [ -67.665073333, -54.884546667, 18.3 ], [ -67.665128333, -54.884548333, 18.1 ], [ -67.665185, -54.884558333, 18.5 ], [ -67.665241667, -54.884565, 19.1 ], [ -67.6653, -54.884571667, 19.1 ], [ -67.665361667, -54.884576667, 19.2 ], [ -67.665423333, -54.884583333, 19.4 ], [ -67.66547, -54.884585, 18.8 ], [ -67.665521667, -54.884595, 18.8 ], [ -67.665571667, -54.884598333, 18.5 ], [ -67.66563, -54.884603333, 18.5 ], [ -67.665695, -54.884618333, 18.9 ], [ -67.665765, -54.884628333, 18.8 ], [ -67.665835, -54.884636667, 19.0 ], [ -67.665903333, -54.884643333, 18.8 ], [ -67.665973333, -54.884655, 19.2 ], [ -67.666041667, -54.884665, 18.8 ], [ -67.666106667, -54.884678333, 18.7 ], [ -67.666171667, -54.884693333, 19.3 ], [ -67.666238333, -54.884708333, 19.5 ], [ -67.666306667, -54.884723333, 19.8 ], [ -67.666376667, -54.884743333, 20.1 ], [ -67.666446667, -54.884763333, 20.2 ], [ -67.666513333, -54.884781667, 20.4 ], [ -67.66658, -54.884801667, 20.9 ], [ -67.666655, -54.88483, 21.1 ], [ -67.666726667, -54.884853333, 20.9 ], [ -67.666791667, -54.884876667, 20.3 ], [ -67.666858333, -54.884903333, 20.4 ], [ -67.666925, -54.88493, 20.2 ], [ -67.666996667, -54.884955, 20.0 ], [ -67.667063333, -54.884983333, 19.7 ], [ -67.667125, -54.885008333, 19.8 ], [ -67.667193333, -54.885031667, 19.3 ], [ -67.667261667, -54.885048333, 19.5 ], [ -67.667315, -54.885063333, 20.0 ], [ -67.667365, -54.885076667, 19.9 ], [ -67.667413333, -54.885081667, 19.7 ], [ -67.667466667, -54.88509, 19.6 ], [ -67.667523333, -54.8851, 19.8 ], [ -67.667573333, -54.885106667, 20.0 ], [ -67.667626667, -54.885118333, 19.5 ], [ -67.667685, -54.88513, 19.8 ], [ -67.667735, -54.885141667, 20.1 ], [ -67.667786667, -54.885156667, 19.9 ], [ -67.66784, -54.885168333, 20.1 ], [ -67.667886667, -54.885178333, 20.0 ], [ -67.667928333, -54.88519, 19.8 ], [ -67.667955, -54.885196667, 19.5 ], [ -67.667966667, -54.885198333, 19.7 ], [ -67.66798, -54.885201667, 19.7 ], [ -67.667986667, -54.885203333, 19.7 ], [ -67.667986667, -54.885203333, 19.7 ], [ -67.667986667, -54.885203333, 19.7 ], [ -67.667986667, -54.885203333, 19.7 ], [ -67.667986667, -54.885203333, 19.7 ], [ -67.667986667, -54.885203333, 19.7 ], [ -67.668056667, -54.88521, 20.0 ], [ -67.668076667, -54.885208333, 20.1 ], [ -67.668101667, -54.885208333, 20.1 ], [ -67.668126667, -54.885208333, 20.0 ], [ -67.668146667, -54.885206667, 19.7 ], [ -67.668178333, -54.885206667, 19.4 ], [ -67.668213333, -54.885208333, 18.9 ], [ -67.668263333, -54.885213333, 18.6 ], [ -67.668321667, -54.885216667, 18.6 ], [ -67.668386667, -54.885225, 18.4 ], [ -67.668465, -54.885231667, 18.7 ], [ -67.668553333, -54.885241667, 19.4 ], [ -67.668631667, -54.88525, 18.8 ], [ -67.668818333, -54.885628333, 18.7 ], [ -67.668841667, -54.885255, 18.7 ], [ -67.668961667, -54.885256667, 18.7 ], [ -67.669023333, -54.885356667, 17.7 ], [ -67.669005, -54.885361667, 17.7 ], [ -67.668996667, -54.885365, 18.0 ], [ -67.66899, -54.885358333, 18.0 ], [ -67.668946667, -54.885321667, 17.9 ], [ -67.669005, -54.885366667, 18.8 ], [ -67.669078333, -54.885325, 19.6 ], [ -67.669153333, -54.885331667, 20.2 ], [ -67.669171667, -54.885348333, 19.8 ], [ -67.669191667, -54.885336667, 19.9 ], [ -67.669255, -54.885346667, 20.8 ], [ -67.669283333, -54.885346667, 20.5 ], [ -67.669301667, -54.885346667, 20.0 ], [ -67.669306667, -54.885348333, 20.0 ], [ -67.669305, -54.88535, 19.9 ], [ -67.669306667, -54.885356667, 19.7 ], [ -67.669305, -54.885363333, 19.7 ], [ -67.669305, -54.885361667, 19.6 ], [ -67.669301667, -54.885361667, 19.6 ], [ -67.669303333, -54.885363333, 19.5 ], [ -67.6693, -54.885365, 19.4 ], [ -67.669281667, -54.885366667, 19.2 ], [ -67.669243333, -54.88536, 18.6 ], [ -67.669186667, -54.885335, 17.6 ], [ -67.669185, -54.885325, 17.1 ], [ -67.669225, -54.885325, 17.1 ], [ -67.669261667, -54.885336667, 17.8 ], [ -67.66929, -54.885341667, 18.1 ], [ -67.669301667, -54.885343333, 18.2 ], [ -67.66931, -54.885346667, 18.7 ], [ -67.66931, -54.88534, 18.8 ], [ -67.66931, -54.885338333, 18.8 ], [ -67.669306667, -54.885341667, 19.1 ], [ -67.669306667, -54.885343333, 19.2 ], [ -67.66931, -54.885341667, 19.3 ], [ -67.669313333, -54.885341667, 19.5 ], [ -67.669313333, -54.885341667, 19.5 ], [ -67.669331667, -54.885348333, 19.5 ], [ -67.669365, -54.88536, 19.4 ], [ -67.669405, -54.885373333, 19.2 ], [ -67.66944, -54.885381667, 19.0 ], [ -67.669473333, -54.885393333, 18.9 ], [ -67.669505, -54.88541, 18.9 ], [ -67.669551667, -54.885423333, 18.9 ], [ -67.6696, -54.885433333, 18.9 ], [ -67.66964, -54.885441667, 19.4 ], [ -67.669678333, -54.885453333, 19.9 ], [ -67.669718333, -54.885466667, 20.4 ], [ -67.669755, -54.885483333, 21.1 ], [ -67.669798333, -54.885501667, 21.3 ], [ -67.669838333, -54.88552, 21.5 ], [ -67.6699, -54.885533333, 21.8 ], [ -67.669955, -54.885546667, 22.0 ], [ -67.670006667, -54.885561667, 22.0 ], [ -67.67006, -54.885576667, 21.1 ], [ -67.670121667, -54.885593333, 20.7 ], [ -67.670191667, -54.885613333, 20.7 ], [ -67.670256667, -54.885633333, 21.9 ], [ -67.670323333, -54.885653333, 22.2 ], [ -67.67039, -54.885673333, 22.6 ], [ -67.670456667, -54.885695, 23.2 ], [ -67.670523333, -54.885715, 23.4 ], [ -67.670591667, -54.885736667, 24.1 ], [ -67.670665, -54.88576, 24.5 ], [ -67.670726667, -54.885778333, 24.8 ], [ -67.670795, -54.885798333, 24.9 ], [ -67.67086, -54.885818333, 24.4 ], [ -67.670921667, -54.88584, 24.5 ], [ -67.670986667, -54.885861667, 24.0 ], [ -67.671046667, -54.885885, 24.6 ], [ -67.671093333, -54.885913333, 23.6 ], [ -67.67116, -54.885933333, 23.5 ], [ -67.671208333, -54.885946667, 22.9 ], [ -67.671265, -54.885966667, 22.6 ], [ -67.671321667, -54.885981667, 22.0 ], [ -67.67136, -54.885985, 22.1 ], [ -67.671401667, -54.885995, 22.3 ], [ -67.671431667, -54.886006667, 22.1 ], [ -67.671463333, -54.88602, 23.1 ], [ -67.671496667, -54.886031667, 22.7 ], [ -67.671515, -54.88604, 22.7 ], [ -67.671521667, -54.88604, 22.4 ], [ -67.671531667, -54.886038333, 22.6 ], [ -67.671535, -54.88604, 22.7 ], [ -67.671538333, -54.88604, 23.2 ], [ -67.671541667, -54.886038333, 23.2 ], [ -67.671541667, -54.88604, 23.4 ], [ -67.671543333, -54.88604, 23.4 ], [ -67.671545, -54.88604, 23.4 ], [ -67.671546667, -54.88604, 23.3 ], [ -67.671543333, -54.886041667, 23.1 ], [ -67.671541667, -54.886043333, 23.0 ], [ -67.671541667, -54.886043333, 22.9 ], [ -67.671545, -54.886041667, 22.7 ], [ -67.671546667, -54.886041667, 22.5 ], [ -67.671548333, -54.886041667, 22.5 ], [ -67.671553333, -54.886043333, 22.4 ], [ -67.671551667, -54.886041667, 22.2 ], [ -67.671546667, -54.886045, 22.1 ], [ -67.671553333, -54.886045, 22.2 ], [ -67.671553333, -54.886033333, 22.6 ], [ -67.671553333, -54.886033333, 22.6 ], [ -67.671553333, -54.886033333, 22.6 ], [ -67.671553333, -54.886033333, 22.6 ], [ -67.671553333, -54.886033333, 22.6 ], [ -67.671328333, -54.885985, 24.0 ], [ -67.671478333, -54.88601, 24.0 ], [ -67.671478333, -54.88601, 24.0 ], [ -67.671496667, -54.886033333, 23.8 ], [ -67.6715, -54.886033333, 23.7 ], [ -67.67151, -54.886028333, 23.6 ], [ -67.671508333, -54.886026667, 23.6 ], [ -67.67151, -54.886028333, 23.5 ], [ -67.671513333, -54.886026667, 23.5 ], [ -67.671518333, -54.886021667, 23.4 ], [ -67.671516667, -54.886023333, 23.3 ], [ -67.671518333, -54.886025, 23.4 ], [ -67.67153, -54.886023333, 23.5 ], [ -67.671531667, -54.886028333, 23.3 ], [ -67.671526667, -54.886026667, 23.6 ], [ -67.67153, -54.886018333, 23.2 ], [ -67.671535, -54.886013333, 22.7 ], [ -67.671531667, -54.88601, 22.6 ], [ -67.67153, -54.886011667, 22.8 ], [ -67.671533333, -54.886013333, 23.0 ], [ -67.671533333, -54.886016667, 23.2 ], [ -67.671536667, -54.886025, 23.5 ], [ -67.67154, -54.886028333, 23.5 ], [ -67.671545, -54.886028333, 23.5 ], [ -67.671548333, -54.88603, 23.5 ], [ -67.671546667, -54.886031667, 23.6 ], [ -67.671551667, -54.88603, 23.7 ], [ -67.671556667, -54.886033333, 23.8 ], [ -67.671556667, -54.886033333, 23.8 ], [ -67.671558333, -54.886031667, 23.9 ], [ -67.671558333, -54.886033333, 23.9 ], [ -67.671555, -54.886035, 23.8 ], [ -67.671556667, -54.88604, 23.8 ], [ -67.671556667, -54.88604, 23.8 ], [ -67.671556667, -54.88604, 23.8 ], [ -67.671556667, -54.88604, 23.8 ], [ -67.671556667, -54.88604, 23.8 ], [ -67.671556667, -54.88604, 23.8 ], [ -67.671556667, -54.88604, 23.8 ], [ -67.671556667, -54.88604, 23.8 ], [ -67.671556667, -54.88604, 23.8 ], [ -67.671556667, -54.88604, 23.8 ], [ -67.671556667, -54.88604, 23.8 ], [ -67.671556667, -54.88604, 23.8 ], [ -67.671556667, -54.88604, 23.8 ], [ -67.671556667, -54.88604, 23.8 ], [ -67.671556667, -54.88604, 23.8 ], [ -67.671556667, -54.88604, 23.8 ], [ -67.671556667, -54.88604, 23.8 ], [ -67.671556667, -54.88604, 23.8 ], [ -67.671556667, -54.88604, 23.8 ], [ -67.671556667, -54.88604, 23.8 ], [ -67.671556667, -54.88604, 23.8 ], [ -67.671556667, -54.88604, 23.8 ], [ -67.671556667, -54.88604, 23.8 ], [ -67.671556667, -54.88604, 23.8 ], [ -67.671556667, -54.88604, 23.8 ], [ -67.671556667, -54.88604, 23.8 ], [ -67.671556667, -54.88604, 23.8 ], [ -67.671556667, -54.88604, 23.8 ], [ -67.671556667, -54.88604, 23.8 ], [ -67.671556667, -54.88604, 23.8 ], [ -67.671556667, -54.88604, 23.8 ], [ -67.671556667, -54.88604, 23.8 ], [ -67.671556667, -54.88604, 23.8 ], [ -67.671556667, -54.88604, 23.8 ], [ -67.671556667, -54.88604, 23.8 ], [ -67.671556667, -54.88604, 23.8 ], [ -67.671556667, -54.88604, 23.8 ], [ -67.671556667, -54.88604, 23.8 ], [ -67.671556667, -54.88604, 23.8 ], [ -67.671556667, -54.88604, 23.8 ], [ -67.671556667, -54.88604, 23.8 ], [ -67.671556667, -54.88604, 23.8 ], [ -67.671556667, -54.88604, 23.8 ], [ -67.671556667, -54.88604, 23.8 ], [ -67.671556667, -54.88604, 23.8 ], [ -67.671556667, -54.88604, 23.8 ], [ -67.671556667, -54.88604, 23.8 ], [ -67.671556667, -54.88604, 23.8 ], [ -67.671556667, -54.88604, 23.8 ], [ -67.671556667, -54.88604, 23.8 ], [ -67.67159, -54.886048333, 21.2 ], [ -67.671626667, -54.886056667, 21.2 ], [ -67.671673333, -54.88607, 21.8 ], [ -67.671741667, -54.88608, 21.1 ], [ -67.671793333, -54.88609, 20.4 ], [ -67.671845, -54.886095, 20.4 ], [ -67.671905, -54.886103333, 20.4 ], [ -67.671965, -54.886115, 20.6 ], [ -67.672015, -54.886125, 20.6 ], [ -67.672063333, -54.886135, 20.5 ], [ -67.672111667, -54.88614, 20.6 ], [ -67.672158333, -54.886146667, 21.6 ], [ -67.6722, -54.886145, 23.3 ], [ -67.67224, -54.886148333, 24.0 ], [ -67.67228, -54.886153333, 24.5 ], [ -67.672323333, -54.886145, 23.9 ], [ -67.672371667, -54.886143333, 23.6 ], [ -67.672428333, -54.886146667, 23.7 ], [ -67.672491667, -54.886153333, 24.0 ], [ -67.672545, -54.886156667, 24.2 ], [ -67.672596667, -54.886155, 25.1 ], [ -67.672643333, -54.886153333, 25.8 ], [ -67.672695, -54.88615, 26.5 ], [ -67.672741667, -54.886145, 27.1 ], [ -67.672791667, -54.886141667, 27.6 ], [ -67.67284, -54.886138333, 27.0 ], [ -67.67289, -54.886136667, 26.5 ], [ -67.672931667, -54.886136667, 26.3 ], [ -67.672966667, -54.886136667, 26.3 ], [ -67.672996667, -54.88614, 25.3 ], [ -67.673038333, -54.886135, 24.8 ], [ -67.673095, -54.88613, 24.4 ], [ -67.673151667, -54.886123333, 24.1 ], [ -67.673195, -54.886111667, 23.8 ], [ -67.673255, -54.886105, 23.2 ], [ -67.673326667, -54.886091667, 21.9 ], [ -67.673396667, -54.886078333, 21.4 ], [ -67.673455, -54.88607, 21.2 ], [ -67.673516667, -54.886061667, 21.7 ], [ -67.673578333, -54.886053333, 21.5 ], [ -67.673635, -54.886048333, 22.0 ], [ -67.673696667, -54.886043333, 20.8 ], [ -67.673751667, -54.886046667, 19.8 ], [ -67.67382, -54.886038333, 18.8 ], [ -67.673908333, -54.886036667, 17.9 ], [ -67.673978333, -54.886028333, 16.9 ], [ -67.67406, -54.886021667, 17.9 ], [ -67.674136667, -54.886013333, 17.7 ], [ -67.674206667, -54.886006667, 18.0 ], [ -67.674285, -54.886006667, 17.3 ], [ -67.674366667, -54.886003333, 16.5 ], [ -67.674438333, -54.88599, 16.4 ], [ -67.674516667, -54.885978333, 15.6 ], [ -67.67458, -54.885963333, 15.3 ], [ -67.674663333, -54.885951667, 16.0 ], [ -67.674733333, -54.885945, 17.0 ], [ -67.674806667, -54.885938333, 17.5 ], [ -67.674881667, -54.88593, 17.9 ], [ -67.67495, -54.885925, 18.8 ], [ -67.675021667, -54.88592, 19.2 ], [ -67.675096667, -54.885913333, 18.4 ], [ -67.675173333, -54.88591, 17.5 ], [ -67.675266667, -54.885915, 16.9 ], [ -67.675353333, -54.885906667, 16.6 ], [ -67.675448333, -54.88591, 16.6 ], [ -67.675541667, -54.885915, 16.7 ], [ -67.67563, -54.885915, 17.1 ], [ -67.675721667, -54.885921667, 17.3 ], [ -67.675808333, -54.885928333, 17.5 ], [ -67.675886667, -54.885928333, 17.9 ], [ -67.675963333, -54.88593, 18.3 ], [ -67.676036667, -54.88593, 18.6 ], [ -67.676113333, -54.885938333, 18.7 ], [ -67.676181667, -54.885941667, 18.7 ], [ -67.676256667, -54.885956667, 19.0 ], [ -67.676328333, -54.885966667, 19.1 ], [ -67.676395, -54.885973333, 19.0 ], [ -67.67646, -54.885973333, 18.9 ], [ -67.676525, -54.885981667, 18.6 ], [ -67.676588333, -54.885988333, 18.7 ], [ -67.676648333, -54.885991667, 18.7 ], [ -67.676705, -54.885995, 18.3 ], [ -67.676755, -54.885996667, 17.7 ], [ -67.676811667, -54.885995, 16.7 ], [ -67.676868333, -54.886005, 16.7 ], [ -67.676928333, -54.886013333, 16.6 ], [ -67.676988333, -54.886025, 17.1 ], [ -67.677038333, -54.886031667, 17.3 ], [ -67.677085, -54.886036667, 18.0 ], [ -67.677125, -54.886036667, 17.7 ], [ -67.677163333, -54.886035, 18.0 ], [ -67.677205, -54.88604, 18.9 ], [ -67.677246667, -54.886048333, 18.8 ], [ -67.677286667, -54.88606, 19.1 ], [ -67.677328333, -54.886063333, 18.8 ], [ -67.67738, -54.886073333, 18.8 ], [ -67.677423333, -54.886078333, 18.8 ], [ -67.677463333, -54.88608, 18.6 ], [ -67.677505, -54.88608, 18.4 ], [ -67.677545, -54.886086667, 18.7 ], [ -67.677581667, -54.88609, 19.4 ], [ -67.677623333, -54.88609, 19.2 ], [ -67.677663333, -54.886096667, 19.3 ], [ -67.677705, -54.886098333, 19.3 ], [ -67.677745, -54.8861, 18.9 ], [ -67.677781667, -54.886113333, 18.9 ], [ -67.677823333, -54.886121667, 18.7 ], [ -67.677866667, -54.886121667, 18.4 ], [ -67.677901667, -54.886121667, 18.1 ], [ -67.677946667, -54.886125, 17.9 ], [ -67.678001667, -54.886135, 17.9 ], [ -67.678058333, -54.88614, 17.4 ], [ -67.678118333, -54.886151667, 17.1 ], [ -67.678181667, -54.886161667, 16.8 ], [ -67.678246667, -54.886176667, 16.5 ], [ -67.678311667, -54.88619, 16.5 ], [ -67.678373333, -54.886203333, 16.2 ], [ -67.678435, -54.886216667, 16.2 ], [ -67.678498333, -54.886228333, 16.1 ], [ -67.67856, -54.886243333, 15.9 ], [ -67.678621667, -54.88626, 16.1 ], [ -67.678681667, -54.886275, 16.7 ], [ -67.67874, -54.886293333, 17.7 ], [ -67.6788, -54.886308333, 18.0 ], [ -67.67886, -54.886321667, 18.2 ], [ -67.678923333, -54.886345, 17.9 ], [ -67.678975, -54.886361667, 18.0 ], [ -67.679033333, -54.886376667, 18.1 ], [ -67.679086667, -54.886393333, 18.2 ], [ -67.679145, -54.886406667, 19.1 ], [ -67.679211667, -54.886423333, 19.5 ], [ -67.679276667, -54.886441667, 19.6 ], [ -67.679343333, -54.886458333, 19.6 ], [ -67.679411667, -54.88647, 19.5 ], [ -67.679473333, -54.886478333, 19.5 ], [ -67.679541667, -54.886486667, 19.7 ], [ -67.679611667, -54.886493333, 19.8 ], [ -67.679686667, -54.886501667, 19.6 ], [ -67.679768333, -54.886513333, 20.0 ], [ -67.679836667, -54.886531667, 20.0 ], [ -67.679906667, -54.886536667, 19.6 ], [ -67.679983333, -54.886546667, 19.2 ], [ -67.680061667, -54.886555, 19.5 ], [ -67.680131667, -54.886563333, 19.8 ], [ -67.680198333, -54.88657, 19.9 ], [ -67.680268333, -54.886576667, 21.1 ], [ -67.680333333, -54.886588333, 21.9 ], [ -67.680403333, -54.886596667, 22.5 ], [ -67.680473333, -54.8866, 22.5 ], [ -67.680541667, -54.886608333, 23.2 ], [ -67.680611667, -54.886616667, 23.2 ], [ -67.68068, -54.886618333, 22.8 ], [ -67.680743333, -54.886621667, 22.1 ], [ -67.680808333, -54.886626667, 21.3 ], [ -67.680868333, -54.886631667, 21.0 ], [ -67.680916667, -54.886636667, 20.3 ], [ -67.680961667, -54.886635, 18.7 ], [ -67.681003333, -54.886638333, 18.3 ], [ -67.681048333, -54.886645, 18.6 ], [ -67.681085, -54.886651667, 19.5 ], [ -67.68112, -54.886653333, 19.8 ], [ -67.68115, -54.886653333, 20.3 ], [ -67.68118, -54.886656667, 20.6 ], [ -67.68121, -54.88666, 20.8 ], [ -67.681226667, -54.886658333, 21.2 ], [ -67.681225, -54.886655, 21.1 ], [ -67.681223333, -54.886653333, 21.4 ], [ -67.68122, -54.886651667, 21.4 ], [ -67.681215, -54.886653333, 21.5 ], [ -67.681211667, -54.886653333, 21.8 ], [ -67.68121, -54.886655, 22.0 ], [ -67.681205, -54.886648333, 21.9 ], [ -67.681201667, -54.886643333, 22.1 ], [ -67.681205, -54.88664, 21.8 ], [ -67.681203333, -54.886635, 21.9 ], [ -67.681201667, -54.886636667, 21.9 ], [ -67.68119, -54.886636667, 22.0 ], [ -67.68119, -54.886633333, 21.9 ], [ -67.68117, -54.886633333, 21.8 ], [ -67.681163333, -54.886636667, 21.8 ], [ -67.681155, -54.886638333, 21.9 ], [ -67.681156667, -54.88664, 21.9 ], [ -67.681158333, -54.886641667, 21.9 ], [ -67.681211667, -54.886673333, 21.4 ], [ -67.681213333, -54.88667, 21.1 ], [ -67.68122, -54.886671667, 20.7 ], [ -67.681216667, -54.886671667, 20.3 ], [ -67.681193333, -54.886666667, 19.2 ], [ -67.68119, -54.886666667, 18.7 ], [ -67.681195, -54.886666667, 18.0 ], [ -67.6812, -54.886668333, 17.8 ], [ -67.681201667, -54.88667, 17.7 ], [ -67.681203333, -54.886666667, 17.0 ], [ -67.681206667, -54.886665, 16.8 ], [ -67.681211667, -54.886663333, 16.6 ], [ -67.681213333, -54.886663333, 16.7 ], [ -67.681213333, -54.886663333, 17.0 ], [ -67.681216667, -54.886661667, 17.3 ], [ -67.68122, -54.88666, 17.7 ], [ -67.681223333, -54.886656667, 17.5 ], [ -67.681223333, -54.886655, 17.4 ], [ -67.681223333, -54.886653333, 17.3 ], [ -67.681225, -54.886651667, 17.3 ], [ -67.681225, -54.88665, 17.2 ], [ -67.681225, -54.88665, 17.3 ], [ -67.681228333, -54.886648333, 17.4 ], [ -67.681228333, -54.88664, 16.5 ], [ -67.681228333, -54.886638333, 16.3 ], [ -67.68123, -54.886638333, 16.3 ], [ -67.68123, -54.886636667, 16.3 ], [ -67.68123, -54.886636667, 16.3 ], [ -67.681226667, -54.886638333, 16.3 ], [ -67.681226667, -54.886638333, 16.3 ], [ -67.681226667, -54.886638333, 16.3 ], [ -67.681226667, -54.886638333, 16.3 ], [ -67.681226667, -54.886638333, 16.3 ], [ -67.681226667, -54.886638333, 16.3 ], [ -67.681226667, -54.886638333, 16.3 ], [ -67.681226667, -54.886638333, 16.3 ], [ -67.681226667, -54.886638333, 16.3 ], [ -67.681226667, -54.886638333, 16.3 ], [ -67.681203333, -54.886648333, 16.6 ], [ -67.681203333, -54.886643333, 16.5 ], [ -67.681206667, -54.886638333, 16.3 ], [ -67.681218333, -54.886636667, 16.0 ], [ -67.681221667, -54.886633333, 15.9 ], [ -67.68123, -54.886631667, 15.6 ], [ -67.68123, -54.886631667, 15.6 ], [ -67.681231667, -54.886633333, 15.6 ], [ -67.681236667, -54.886633333, 15.7 ], [ -67.681241667, -54.886633333, 15.7 ], [ -67.681248333, -54.886635, 15.8 ], [ -67.681253333, -54.886638333, 16.0 ], [ -67.681253333, -54.886638333, 16.0 ], [ -67.681253333, -54.886638333, 16.0 ], [ -67.681253333, -54.886638333, 16.0 ], [ -67.681253333, -54.886638333, 16.0 ], [ -67.681253333, -54.886638333, 16.0 ], [ -67.681253333, -54.886638333, 16.0 ], [ -67.681253333, -54.886638333, 16.0 ], [ -67.681253333, -54.886638333, 16.0 ], [ -67.681253333, -54.886638333, 16.0 ], [ -67.681253333, -54.886638333, 16.0 ], [ -67.681253333, -54.886638333, 16.0 ], [ -67.681253333, -54.886638333, 16.0 ], [ -67.681253333, -54.886638333, 16.0 ], [ -67.681253333, -54.886638333, 16.0 ], [ -67.681253333, -54.886638333, 16.0 ], [ -67.681253333, -54.886638333, 16.0 ], [ -67.681253333, -54.886638333, 16.0 ], [ -67.681253333, -54.886638333, 16.0 ], [ -67.681253333, -54.886638333, 16.0 ], [ -67.681253333, -54.886638333, 16.0 ], [ -67.681253333, -54.886638333, 16.0 ], [ -67.681253333, -54.886638333, 16.0 ], [ -67.681253333, -54.886638333, 16.0 ], [ -67.681253333, -54.886638333, 16.0 ], [ -67.681253333, -54.886638333, 16.0 ], [ -67.681253333, -54.886638333, 16.0 ], [ -67.681253333, -54.886638333, 16.0 ], [ -67.681253333, -54.886638333, 16.0 ], [ -67.681253333, -54.886638333, 16.0 ], [ -67.681253333, -54.886638333, 16.0 ], [ -67.681253333, -54.886638333, 16.0 ], [ -67.681253333, -54.886638333, 16.0 ], [ -67.681253333, -54.886638333, 16.0 ], [ -67.681266667, -54.88664, 21.4 ], [ -67.681275, -54.88664, 21.4 ], [ -67.681275, -54.88664, 21.3 ], [ -67.681273333, -54.886641667, 21.1 ], [ -67.681273333, -54.886641667, 20.9 ], [ -67.681268333, -54.886643333, 20.7 ], [ -67.681273333, -54.886648333, 20.6 ], [ -67.681315, -54.886655, 20.0 ], [ -67.681361667, -54.886665, 19.9 ], [ -67.681406667, -54.88667, 20.0 ], [ -67.681458333, -54.886681667, 20.3 ], [ -67.68151, -54.886693333, 20.4 ], [ -67.681605, -54.886705, 20.4 ], [ -67.681673333, -54.886711667, 20.3 ], [ -67.681731667, -54.886721667, 20.5 ], [ -67.681788333, -54.886731667, 20.9 ], [ -67.681836667, -54.886735, 21.3 ], [ -67.681891667, -54.88674, 21.6 ], [ -67.68196, -54.886748333, 22.0 ], [ -67.682035, -54.886761667, 22.6 ], [ -67.68212, -54.886778333, 23.0 ], [ -67.682188333, -54.886791667, 23.3 ], [ -67.682271667, -54.886805, 23.7 ], [ -67.68235, -54.886825, 24.4 ], [ -67.68243, -54.886841667, 24.6 ], [ -67.682516667, -54.886851667, 24.2 ], [ -67.682606667, -54.88686, 24.2 ], [ -67.6827, -54.88687, 24.5 ], [ -67.68277, -54.886886667, 24.1 ], [ -67.682878333, -54.886896667, 23.3 ], [ -67.682975, -54.886905, 23.5 ], [ -67.683078333, -54.886911667, 23.5 ], [ -67.683178333, -54.886911667, 23.5 ], [ -67.683278333, -54.886906667, 22.4 ], [ -67.68338, -54.8869, 22.5 ], [ -67.683478333, -54.886891667, 22.4 ], [ -67.68358, -54.88689, 22.2 ], [ -67.683673333, -54.886893333, 22.2 ], [ -67.683775, -54.886895, 22.2 ], [ -67.683873333, -54.886888333, 21.6 ], [ -67.683966667, -54.886883333, 21.5 ], [ -67.684066667, -54.886873333, 21.3 ], [ -67.68417, -54.886863333, 21.5 ], [ -67.68427, -54.886855, 21.4 ], [ -67.684371667, -54.886845, 21.3 ], [ -67.68449, -54.886835, 21.2 ], [ -67.684596667, -54.886823333, 21.1 ], [ -67.68472, -54.88682, 21.3 ], [ -67.684828333, -54.88682, 21.3 ], [ -67.684946667, -54.886825, 21.1 ], [ -67.685051667, -54.886828333, 21.3 ], [ -67.685161667, -54.886828333, 21.6 ], [ -67.685295, -54.886825, 21.8 ], [ -67.685378333, -54.886823333, 21.8 ], [ -67.685465, -54.886823333, 21.8 ], [ -67.685565, -54.886835, 21.7 ], [ -67.685665, -54.88684, 21.9 ], [ -67.685775, -54.88685, 21.8 ], [ -67.685885, -54.886858333, 21.8 ], [ -67.685996667, -54.886863333, 21.9 ], [ -67.686103333, -54.886861667, 22.1 ], [ -67.686206667, -54.88686, 22.1 ], [ -67.686301667, -54.886858333, 22.1 ], [ -67.686396667, -54.886858333, 21.1 ], [ -67.686488333, -54.886863333, 19.6 ], [ -67.68659, -54.886861667, 19.7 ], [ -67.686693333, -54.88687, 19.7 ], [ -67.686806667, -54.886875, 20.1 ], [ -67.686921667, -54.886878333, 20.7 ], [ -67.687038333, -54.886876667, 21.3 ], [ -67.687146667, -54.88688, 22.0 ], [ -67.687255, -54.886873333, 22.4 ], [ -67.687351667, -54.886873333, 22.4 ], [ -67.687435, -54.886876667, 22.2 ], [ -67.68752, -54.886878333, 22.4 ], [ -67.687613333, -54.88688, 22.5 ], [ -67.687673333, -54.88688, 22.1 ], [ -67.68773, -54.886876667, 22.4 ], [ -67.687778333, -54.886878333, 23.7 ], [ -67.687813333, -54.886876667, 22.3 ], [ -67.687838333, -54.886875, 21.9 ], [ -67.687861667, -54.886873333, 21.8 ], [ -67.68788, -54.886871667, 22.1 ], [ -67.687886667, -54.886871667, 22.3 ], [ -67.687886667, -54.886871667, 22.3 ], [ -67.687886667, -54.886871667, 22.3 ], [ -67.687886667, -54.886871667, 22.3 ], [ -67.687886667, -54.886871667, 22.3 ], [ -67.687886667, -54.886871667, 22.3 ], [ -67.687886667, -54.886871667, 22.3 ], [ -67.687886667, -54.886871667, 22.3 ], [ -67.687886667, -54.886871667, 22.3 ], [ -67.687886667, -54.886871667, 22.3 ], [ -67.687886667, -54.886871667, 22.3 ], [ -67.687886667, -54.886871667, 22.3 ], [ -67.687886667, -54.886871667, 22.3 ], [ -67.687886667, -54.886871667, 22.3 ], [ -67.687886667, -54.886871667, 22.3 ], [ -67.687886667, -54.886871667, 22.3 ], [ -67.687886667, -54.886871667, 22.3 ], [ -67.687886667, -54.886871667, 22.3 ], [ -67.687886667, -54.886871667, 22.3 ], [ -67.687886667, -54.886871667, 22.3 ], [ -67.687886667, -54.886871667, 22.3 ], [ -67.687886667, -54.886871667, 22.3 ], [ -67.687886667, -54.886871667, 22.3 ], [ -67.687886667, -54.886871667, 22.3 ], [ -67.687886667, -54.886871667, 22.3 ], [ -67.687886667, -54.886871667, 22.3 ], [ -67.687875, -54.886866667, 23.3 ], [ -67.687888333, -54.886868333, 23.4 ], [ -67.687893333, -54.88687, 23.5 ], [ -67.687901667, -54.88687, 23.7 ], [ -67.687896667, -54.88687, 23.6 ], [ -67.687896667, -54.88687, 23.6 ], [ -67.687896667, -54.88687, 23.6 ], [ -67.687896667, -54.88687, 23.6 ], [ -67.687896667, -54.88687, 23.6 ], [ -67.687896667, -54.88687, 23.6 ], [ -67.687896667, -54.88687, 23.6 ], [ -67.687896667, -54.88687, 23.6 ], [ -67.687896667, -54.88687, 23.6 ], [ -67.687896667, -54.88687, 23.6 ], [ -67.687896667, -54.88687, 23.6 ], [ -67.687896667, -54.88687, 23.6 ], [ -67.687896667, -54.88687, 23.6 ], [ -67.687896667, -54.88687, 23.6 ], [ -67.687896667, -54.88687, 23.6 ], [ -67.687896667, -54.88687, 23.6 ], [ -67.687896667, -54.88687, 23.6 ], [ -67.687896667, -54.88687, 23.6 ], [ -67.687896667, -54.88687, 23.6 ], [ -67.687896667, -54.88687, 23.6 ], [ -67.687896667, -54.88687, 23.6 ], [ -67.687896667, -54.88687, 23.6 ], [ -67.687896667, -54.88687, 23.6 ], [ -67.687896667, -54.88687, 23.6 ], [ -67.687896667, -54.88687, 23.6 ], [ -67.687896667, -54.88687, 23.6 ], [ -67.687896667, -54.88687, 23.6 ], [ -67.687896667, -54.88687, 23.6 ], [ -67.687896667, -54.88687, 23.6 ], [ -67.687896667, -54.88687, 23.6 ], [ -67.687896667, -54.88687, 23.6 ], [ -67.687896667, -54.88687, 23.6 ], [ -67.687896667, -54.88687, 23.6 ], [ -67.687896667, -54.88687, 23.6 ], [ -67.687896667, -54.88687, 23.6 ], [ -67.687896667, -54.88687, 23.6 ], [ -67.687896667, -54.88687, 23.6 ], [ -67.687965, -54.886868333, 24.3 ], [ -67.688016667, -54.886875, 23.9 ], [ -67.688068333, -54.886876667, 23.8 ], [ -67.688145, -54.886885, 23.1 ], [ -67.688218333, -54.886885, 22.5 ], [ -67.688285, -54.886883333, 22.4 ], [ -67.688365, -54.886883333, 22.2 ], [ -67.688453333, -54.886893333, 22.1 ], [ -67.688533333, -54.886893333, 22.3 ], [ -67.688608333, -54.886888333, 23.1 ], [ -67.6887, -54.88688, 23.1 ], [ -67.688776667, -54.886861667, 23.5 ], [ -67.688856667, -54.886851667, 22.6 ], [ -67.688941667, -54.886846667, 22.1 ], [ -67.688823333, -54.886803333, 22.2 ], [ -67.689096667, -54.886925, 22.3 ], [ -67.689076667, -54.886861667, 22.2 ], [ -67.689261667, -54.886866667, 22.2 ], [ -67.689346667, -54.886826667, 22.5 ], [ -67.689445, -54.886828333, 23.6 ], [ -67.689531667, -54.886823333, 23.8 ], [ -67.68962, -54.886813333, 23.7 ], [ -67.689693333, -54.886803333, 23.5 ], [ -67.689763333, -54.886795, 23.4 ], [ -67.689838333, -54.886786667, 23.3 ], [ -67.689916667, -54.886781667, 23.1 ], [ -67.689985, -54.886773333, 23.0 ], [ -67.69005, -54.886771667, 23.0 ], [ -67.690133333, -54.886788333, 23.1 ], [ -67.690206667, -54.886788333, 23.0 ], [ -67.690271667, -54.886791667, 23.2 ], [ -67.690343333, -54.886803333, 23.1 ], [ -67.690408333, -54.886813333, 23.0 ], [ -67.690478333, -54.886811667, 23.0 ], [ -67.690563333, -54.886811667, 22.9 ], [ -67.690618333, -54.88681, 22.9 ], [ -67.690675, -54.886808333, 23.0 ], [ -67.690725, -54.886808333, 23.0 ], [ -67.690788333, -54.886801667, 23.1 ], [ -67.690878333, -54.886801667, 22.7 ], [ -67.690956667, -54.886808333, 22.2 ], [ -67.691048333, -54.886801667, 21.5 ], [ -67.691125, -54.886793333, 21.1 ], [ -67.691203333, -54.886791667, 20.8 ], [ -67.691288333, -54.886788333, 21.1 ], [ -67.691378333, -54.886785, 21.5 ], [ -67.691463333, -54.88678, 21.9 ], [ -67.691548333, -54.886778333, 22.3 ], [ -67.691631667, -54.886775, 22.8 ], [ -67.691713333, -54.88677, 23.0 ], [ -67.691793333, -54.886768333, 23.3 ], [ -67.691871667, -54.886761667, 23.5 ], [ -67.691948333, -54.886755, 23.5 ], [ -67.69204, -54.886746667, 23.7 ], [ -67.692123333, -54.886738333, 24.1 ], [ -67.692211667, -54.886726667, 24.3 ], [ -67.692295, -54.88672, 24.8 ], [ -67.692383333, -54.886708333, 25.2 ], [ -67.692485, -54.8867, 25.1 ], [ -67.692586667, -54.886693333, 24.8 ], [ -67.692685, -54.886696667, 24.6 ], [ -67.692793333, -54.886705, 24.5 ], [ -67.692901667, -54.886698333, 24.3 ], [ -67.69301, -54.886695, 24.2 ], [ -67.693115, -54.886681667, 24.0 ], [ -67.693218333, -54.886666667, 24.3 ], [ -67.69331, -54.886646667, 23.8 ], [ -67.6934, -54.886626667, 23.5 ], [ -67.693488333, -54.886608333, 23.4 ], [ -67.69358, -54.886588333, 23.2 ], [ -67.693665, -54.886568333, 23.2 ], [ -67.69375, -54.886548333, 23.2 ], [ -67.693835, -54.88653, 23.0 ], [ -67.693921667, -54.886513333, 22.8 ], [ -67.694026667, -54.886498333, 21.9 ], [ -67.694125, -54.886483333, 21.9 ], [ -67.694231667, -54.886468333, 21.7 ], [ -67.694338333, -54.886458333, 21.5 ], [ -67.694448333, -54.886445, 21.4 ], [ -67.694566667, -54.88643, 21.2 ], [ -67.694676667, -54.886416667, 20.7 ], [ -67.694791667, -54.8864, 19.6 ], [ -67.694911667, -54.88639, 20.0 ], [ -67.695023333, -54.886381667, 19.4 ], [ -67.695128333, -54.88637, 19.4 ], [ -67.695226667, -54.886365, 20.2 ], [ -67.69533, -54.886365, 21.1 ], [ -67.695421667, -54.886366667, 21.2 ], [ -67.695533333, -54.886361667, 21.2 ], [ -67.69565, -54.886358333, 20.7 ], [ -67.695761667, -54.88635, 20.9 ], [ -67.695866667, -54.886346667, 20.9 ], [ -67.695981667, -54.88634, 21.1 ], [ -67.696098333, -54.886331667, 20.5 ], [ -67.6962, -54.88631, 20.2 ], [ -67.696301667, -54.8863, 20.1 ], [ -67.696398333, -54.886291667, 19.7 ], [ -67.696481667, -54.886281667, 19.9 ], [ -67.696571667, -54.886261667, 19.3 ], [ -67.696656667, -54.886245, 19.2 ], [ -67.696753333, -54.88629, 19.4 ], [ -67.696866667, -54.88621, 19.4 ], [ -67.696946667, -54.886221667, 19.4 ], [ -67.697045, -54.886201667, 19.7 ], [ -67.697088333, -54.886198333, 19.8 ], [ -67.697136667, -54.886191667, 19.7 ], [ -67.697153333, -54.88618, 19.6 ], [ -67.697188333, -54.88616, 19.6 ], [ -67.697225, -54.886135, 19.9 ], [ -67.697253333, -54.886118333, 20.4 ], [ -67.697256667, -54.88612, 20.2 ], [ -67.697265, -54.886131667, 19.4 ], [ -67.697291667, -54.886133333, 19.3 ], [ -67.697293333, -54.886133333, 19.3 ], [ -67.697308333, -54.886131667, 19.3 ], [ -67.697406667, -54.886133333, 19.4 ], [ -67.697505, -54.886136667, 19.4 ], [ -67.69765, -54.886136667, 19.7 ], [ -67.697761667, -54.886133333, 20.0 ], [ -67.697871667, -54.88613, 20.2 ], [ -67.697971667, -54.886128333, 20.4 ], [ -67.698071667, -54.886126667, 20.4 ], [ -67.698185, -54.886121667, 20.1 ], [ -67.698291667, -54.886115, 20.4 ], [ -67.6984, -54.88612, 20.8 ], [ -67.698493333, -54.886113333, 21.2 ], [ -67.698585, -54.886106667, 21.6 ], [ -67.69868, -54.886098333, 22.1 ], [ -67.698776667, -54.886091667, 22.9 ], [ -67.69888, -54.886086667, 23.0 ], [ -67.698981667, -54.886076667, 22.8 ], [ -67.699075, -54.886063333, 23.7 ], [ -67.699165, -54.886051667, 24.1 ], [ -67.699266667, -54.886043333, 24.8 ], [ -67.699376667, -54.886041667, 24.3 ], [ -67.699493333, -54.88604, 24.1 ], [ -67.699606667, -54.886035, 23.8 ], [ -67.699718333, -54.88603, 24.1 ], [ -67.699823333, -54.886031667, 24.3 ], [ -67.699923333, -54.886025, 24.1 ], [ -67.70002, -54.886013333, 24.1 ], [ -67.700118333, -54.886005, 24.4 ], [ -67.700203333, -54.885988333, 24.5 ], [ -67.700281667, -54.885971667, 24.6 ], [ -67.700356667, -54.885958333, 24.8 ], [ -67.700413333, -54.885931667, 24.4 ], [ -67.700466667, -54.88592, 24.8 ], [ -67.70051, -54.885905, 23.6 ], [ -67.700561667, -54.885891667, 24.2 ], [ -67.700621667, -54.885873333, 24.6 ], [ -67.70068, -54.885855, 24.6 ], [ -67.700745, -54.885836667, 24.7 ], [ -67.700805, -54.885831667, 24.1 ], [ -67.700885, -54.88582, 24.2 ], [ -67.70096, -54.88582, 22.5 ], [ -67.701045, -54.885813333, 20.3 ], [ -67.701126667, -54.88581, 19.5 ], [ -67.701233333, -54.885803333, 18.8 ], [ -67.70135, -54.885806667, 17.5 ], [ -67.701461667, -54.885806667, 16.6 ], [ -67.701561667, -54.88581, 16.2 ], [ -67.70166, -54.885826667, 14.7 ], [ -67.70176, -54.885821667, 13.9 ], [ -67.701885, -54.885803333, 12.7 ], [ -67.701983333, -54.88579, 11.7 ], [ -67.70207, -54.88578, 10.1 ], [ -67.702138333, -54.885773333, 10.0 ], [ -67.702223333, -54.885765, 8.9 ], [ -67.702295, -54.885751667, 8.5 ], [ -67.702363333, -54.885743333, 7.7 ], [ -67.70243, -54.885726667, 7.5 ], [ -67.70249, -54.885711667, 6.3 ], [ -67.702541667, -54.885696667, 5.5 ], [ -67.702581667, -54.885678333, 5.1 ], [ -67.702611667, -54.885661667, 4.0 ], [ -67.702636667, -54.885651667, 3.8 ], [ -67.702661667, -54.885638333, 3.7 ], [ -67.702685, -54.885626667, 4.5 ], [ -67.702715, -54.885621667, 4.9 ], [ -67.70274, -54.885615, 5.0 ], [ -67.702756667, -54.885618333, 5.4 ], [ -67.702773333, -54.885613333, 5.6 ], [ -67.702783333, -54.885603333, 5.9 ], [ -67.702808333, -54.885588333, 6.0 ], [ -67.702836667, -54.885573333, 6.3 ], [ -67.702865, -54.885563333, 6.2 ], [ -67.702878333, -54.885566667, 6.6 ], [ -67.702886667, -54.885565, 6.9 ], [ -67.702886667, -54.885566667, 7.2 ], [ -67.702886667, -54.885566667, 7.2 ], [ -67.702886667, -54.885566667, 7.2 ], [ -67.702886667, -54.885566667, 7.2 ], [ -67.702845, -54.885583333, 9.1 ], [ -67.702816667, -54.88559, 9.7 ], [ -67.702785, -54.885596667, 9.9 ], [ -67.702748333, -54.885598333, 9.9 ], [ -67.70271, -54.885605, 9.6 ], [ -67.702676667, -54.88561, 9.3 ], [ -67.702655, -54.885615, 9.1 ], [ -67.702626667, -54.885623333, 8.9 ], [ -67.702603333, -54.885625, 8.6 ], [ -67.702578333, -54.88563, 8.7 ], [ -67.70257, -54.88563, 8.9 ], [ -67.702573333, -54.885628333, 8.9 ], [ -67.702573333, -54.885628333, 8.9 ], [ -67.702573333, -54.885628333, 8.9 ], [ -67.702573333, -54.885628333, 8.9 ], [ -67.702573333, -54.885628333, 8.9 ], [ -67.702573333, -54.885628333, 8.9 ], [ -67.702573333, -54.885628333, 8.9 ], [ -67.702573333, -54.885628333, 8.9 ], [ -67.702573333, -54.885628333, 8.9 ], [ -67.702635, -54.88557, 9.2 ], [ -67.702645, -54.885556667, 9.6 ], [ -67.702655, -54.885548333, 10.0 ], [ -67.70266, -54.885543333, 10.2 ], [ -67.702673333, -54.88554, 10.9 ], [ -67.702676667, -54.885541667, 11.0 ], [ -67.702685, -54.88554, 11.1 ], [ -67.702685, -54.88554, 11.1 ], [ -67.702685, -54.88554, 11.1 ], [ -67.702685, -54.88554, 11.1 ], [ -67.702685, -54.88554, 11.1 ], [ -67.702685, -54.88554, 11.1 ], [ -67.702685, -54.88554, 11.1 ], [ -67.702685, -54.88554, 11.1 ], [ -67.702685, -54.88554, 11.1 ], [ -67.702685, -54.88554, 11.1 ], [ -67.702685, -54.88554, 11.1 ], [ -67.702685, -54.88554, 11.1 ], [ -67.702685, -54.88554, 11.1 ], [ -67.702685, -54.88554, 11.1 ], [ -67.702685, -54.88554, 11.1 ], [ -67.702685, -54.88554, 11.1 ], [ -67.702685, -54.88554, 11.1 ], [ -67.702685, -54.88554, 11.1 ], [ -67.702685, -54.88554, 11.1 ], [ -67.702685, -54.88554, 11.1 ], [ -67.702685, -54.88554, 11.1 ], [ -67.702685, -54.88554, 11.1 ], [ -67.702685, -54.88554, 11.1 ], [ -67.702566667, -54.885676667, 18.3 ], [ -67.702716667, -54.885645, 18.1 ], [ -67.702705, -54.885596667, 17.9 ], [ -67.702716667, -54.885583333, 17.5 ], [ -67.702733333, -54.885576667, 17.3 ], [ -67.70274, -54.885575, 17.4 ], [ -67.702735, -54.885571667, 17.3 ], [ -67.702743333, -54.88557, 17.3 ], [ -67.702746667, -54.885575, 17.3 ], [ -67.702753333, -54.885573333, 17.5 ], [ -67.702748333, -54.885566667, 17.4 ], [ -67.702751667, -54.885563333, 17.6 ], [ -67.702753333, -54.885565, 17.6 ], [ -67.702753333, -54.88557, 17.7 ], [ -67.702758333, -54.885573333, 17.8 ], [ -67.702755, -54.885566667, 18.0 ], [ -67.702735, -54.885563333, 18.2 ], [ -67.702728333, -54.88556, 18.3 ], [ -67.702718333, -54.885556667, 18.3 ], [ -67.702698333, -54.885555, 18.2 ], [ -67.70268, -54.885546667, 18.3 ], [ -67.70267, -54.885541667, 18.3 ], [ -67.702665, -54.885533333, 18.1 ], [ -67.702663333, -54.885526667, 17.9 ], [ -67.702651667, -54.885518333, 17.9 ], [ -67.702643333, -54.885506667, 18.1 ], [ -67.702645, -54.885498333, 18.3 ], [ -67.702643333, -54.885493333, 18.3 ], [ -67.702648333, -54.88549, 18.1 ], [ -67.702655, -54.885485, 18.2 ], [ -67.702655, -54.885478333, 18.1 ], [ -67.702663333, -54.885478333, 18.0 ], [ -67.702673333, -54.885475, 17.9 ], [ -67.702678333, -54.885471667, 17.9 ], [ -67.702676667, -54.885471667, 17.9 ], [ -67.702676667, -54.885473333, 18.3 ], [ -67.702681667, -54.88547, 18.4 ], [ -67.70268, -54.885468333, 18.1 ], [ -67.70268, -54.885463333, 17.8 ], [ -67.702676667, -54.885458333, 17.7 ], [ -67.702668333, -54.885448333, 17.9 ], [ -67.70266, -54.88545, 17.1 ], [ -67.70266, -54.88545, 17.1 ], [ -67.702653333, -54.885443333, 16.8 ], [ -67.702663333, -54.885441667, 17.3 ], [ -67.702658333, -54.885428333, 17.6 ], [ -67.702655, -54.885426667, 18.2 ], [ -67.702635, -54.885425, 18.9 ], [ -67.70262, -54.885418333, 19.9 ], [ -67.70261, -54.885415, 19.7 ], [ -67.702593333, -54.88541, 19.8 ], [ -67.702575, -54.885406667, 20.6 ], [ -67.702583333, -54.885411667, 20.8 ], [ -67.7026, -54.885418333, 20.9 ], [ -67.702621667, -54.885426667, 21.1 ], [ -67.70264, -54.885435, 21.2 ], [ -67.702655, -54.885443333, 21.2 ], [ -67.702675, -54.885453333, 21.4 ], [ -67.702691667, -54.885458333, 21.5 ], [ -67.702696667, -54.885461667, 21.5 ], [ -67.702688333, -54.88546, 21.5 ], [ -67.70268, -54.885463333, 21.3 ], [ -67.702678333, -54.88546, 21.3 ], [ -67.70268, -54.885465, 21.2 ], [ -67.702675, -54.885471667, 21.1 ], [ -67.702665, -54.885475, 21.0 ], [ -67.702651667, -54.88548, 20.7 ], [ -67.702631667, -54.885495, 20.5 ], [ -67.702605, -54.885513333, 20.0 ], [ -67.702571667, -54.885528333, 19.8 ], [ -67.702548333, -54.88554, 19.7 ], [ -67.70253, -54.885543333, 19.6 ], [ -67.702513333, -54.885541667, 19.3 ], [ -67.702498333, -54.885536667, 19.3 ], [ -67.702488333, -54.885536667, 19.3 ], [ -67.702478333, -54.885535, 19.3 ], [ -67.702473333, -54.885533333, 18.9 ], [ -67.702473333, -54.885535, 18.5 ], [ -67.70247, -54.885536667, 18.0 ], [ -67.70247, -54.885536667, 17.4 ], [ -67.702471667, -54.885536667, 17.0 ], [ -67.702471667, -54.88554, 16.6 ], [ -67.702473333, -54.885541667, 16.3 ], [ -67.702475, -54.885541667, 16.0 ], [ -67.702475, -54.885541667, 16.0 ], [ -67.702475, -54.885541667, 16.0 ], [ -67.702475, -54.885541667, 16.0 ], [ -67.702475, -54.885541667, 16.0 ], [ -67.702475, -54.885541667, 16.0 ], [ -67.702475, -54.885541667, 16.0 ], [ -67.702475, -54.885541667, 16.0 ], [ -67.702475, -54.885541667, 16.0 ], [ -67.702475, -54.885541667, 16.0 ], [ -67.702475, -54.885541667, 16.0 ], [ -67.702475, -54.885541667, 16.0 ], [ -67.702475, -54.885541667, 16.0 ], [ -67.702475, -54.885541667, 16.0 ], [ -67.702475, -54.885541667, 16.0 ], [ -67.702475, -54.885541667, 16.0 ], [ -67.702475, -54.885541667, 16.0 ], [ -67.702475, -54.885541667, 16.0 ], [ -67.702475, -54.885541667, 16.0 ], [ -67.702475, -54.885541667, 16.0 ], [ -67.702475, -54.885541667, 16.0 ], [ -67.702475, -54.885541667, 16.0 ], [ -67.702475, -54.885541667, 16.0 ], [ -67.702475, -54.885541667, 16.0 ], [ -67.702475, -54.885541667, 16.0 ], [ -67.702475, -54.885541667, 16.0 ], [ -67.702475, -54.885541667, 16.0 ], [ -67.702475, -54.885541667, 16.0 ], [ -67.702475, -54.885541667, 16.0 ], [ -67.702475, -54.885541667, 16.0 ], [ -67.702475, -54.885541667, 16.0 ], [ -67.702475, -54.885541667, 16.0 ], [ -67.702475, -54.885541667, 16.0 ], [ -67.702475, -54.885541667, 16.0 ], [ -67.702475, -54.885541667, 16.0 ], [ -67.702475, -54.885541667, 16.0 ], [ -67.702475, -54.885541667, 16.0 ], [ -67.702475, -54.885541667, 16.0 ], [ -67.702475, -54.885541667, 16.0 ], [ -67.702475, -54.885541667, 16.0 ], [ -67.702475, -54.885541667, 16.0 ], [ -67.702475, -54.885541667, 16.0 ], [ -67.702475, -54.885541667, 16.0 ], [ -67.702475, -54.885541667, 16.0 ], [ -67.702501667, -54.885528333, 14.3 ], [ -67.702528333, -54.88553, 14.5 ], [ -67.702548333, -54.885531667, 14.7 ], [ -67.702573333, -54.885533333, 15.0 ], [ -67.702596667, -54.885535, 15.2 ], [ -67.70262, -54.885536667, 15.3 ], [ -67.702628333, -54.885521667, 15.3 ], [ -67.702633333, -54.885516667, 15.1 ], [ -67.702646667, -54.885505, 15.3 ], [ -67.702668333, -54.885491667, 15.3 ], [ -67.702683333, -54.88548, 15.6 ], [ -67.702693333, -54.885471667, 15.8 ], [ -67.702701667, -54.885465, 15.8 ], [ -67.702701667, -54.88546, 16.5 ], [ -67.702701667, -54.88546, 16.3 ], [ -67.70269, -54.885456667, 16.3 ], [ -67.702671667, -54.885451667, 16.6 ], [ -67.702658333, -54.885445, 17.1 ], [ -67.70264, -54.885438333, 17.6 ], [ -67.702616667, -54.885435, 18.0 ], [ -67.702596667, -54.885431667, 18.1 ], [ -67.702578333, -54.88543, 18.1 ], [ -67.702558333, -54.885425, 18.2 ], [ -67.702531667, -54.885423333, 18.3 ], [ -67.70251, -54.885421667, 18.5 ], [ -67.70249, -54.885421667, 18.6 ], [ -67.70247, -54.885423333, 18.8 ], [ -67.702446667, -54.885423333, 19.2 ], [ -67.702423333, -54.885425, 19.3 ], [ -67.702386667, -54.885425, 19.8 ], [ -67.702358333, -54.885423333, 20.1 ], [ -67.702335, -54.885415, 20.5 ], [ -67.702333333, -54.8854, 20.9 ], [ -67.702336667, -54.885386667, 20.9 ], [ -67.702338333, -54.88537, 20.7 ], [ -67.702345, -54.885355, 19.9 ], [ -67.702345, -54.885343333, 19.6 ], [ -67.702343333, -54.885331667, 19.2 ], [ -67.70234, -54.885321667, 19.3 ], [ -67.702336667, -54.88531, 19.3 ], [ -67.702333333, -54.885298333, 19.3 ], [ -67.702328333, -54.885288333, 19.5 ], [ -67.702323333, -54.885275, 19.4 ], [ -67.702325, -54.88526, 19.3 ], [ -67.702325, -54.88525, 19.2 ], [ -67.702321667, -54.885246667, 19.0 ], [ -67.702313333, -54.885241667, 19.0 ], [ -67.702308333, -54.885235, 19.0 ], [ -67.7023, -54.885228333, 18.9 ], [ -67.702293333, -54.88522, 18.6 ], [ -67.70229, -54.885215, 18.4 ], [ -67.702286667, -54.885211667, 18.4 ], [ -67.702285, -54.885205, 18.3 ], [ -67.702286667, -54.885195, 18.2 ], [ -67.702293333, -54.885181667, 18.3 ], [ -67.702301667, -54.885168333, 18.6 ], [ -67.702303333, -54.885153333, 18.6 ], [ -67.702306667, -54.885138333, 18.9 ], [ -67.702308333, -54.885131667, 19.1 ], [ -67.702316667, -54.885123333, 19.4 ], [ -67.702323333, -54.885115, 19.6 ], [ -67.702326667, -54.885105, 19.6 ], [ -67.702326667, -54.885096667, 19.5 ], [ -67.702331667, -54.885088333, 19.9 ], [ -67.702331667, -54.885085, 19.8 ], [ -67.702331667, -54.885081667, 20.1 ], [ -67.702325, -54.885076667, 20.8 ], [ -67.70232, -54.885071667, 21.5 ], [ -67.702318333, -54.885066667, 21.9 ], [ -67.702316667, -54.885066667, 22.3 ], [ -67.702315, -54.885061667, 22.8 ], [ -67.702315, -54.88506, 23.2 ], [ -67.702316667, -54.885056667, 23.5 ], [ -67.702315, -54.885058333, 23.8 ], [ -67.702311667, -54.885056667, 24.1 ], [ -67.702311667, -54.885056667, 24.1 ], [ -67.702311667, -54.885056667, 24.1 ], [ -67.702311667, -54.885056667, 24.1 ], [ -67.702311667, -54.885056667, 24.1 ], [ -67.702311667, -54.885056667, 24.1 ], [ -67.702311667, -54.885056667, 24.1 ], [ -67.702311667, -54.885056667, 24.1 ], [ -67.702311667, -54.885056667, 24.1 ], [ -67.702311667, -54.885056667, 24.1 ], [ -67.702311667, -54.885056667, 24.1 ], [ -67.702311667, -54.885056667, 24.1 ], [ -67.702311667, -54.885056667, 24.1 ], [ -67.702311667, -54.885056667, 24.1 ], [ -67.702311667, -54.885056667, 24.1 ], [ -67.702311667, -54.885056667, 24.1 ], [ -67.702311667, -54.885056667, 24.1 ], [ -67.702311667, -54.885056667, 24.1 ], [ -67.702311667, -54.885056667, 24.1 ], [ -67.702311667, -54.885056667, 24.1 ], [ -67.702311667, -54.885056667, 24.1 ], [ -67.702311667, -54.885056667, 24.1 ], [ -67.702311667, -54.885056667, 24.1 ], [ -67.702295, -54.88505, 26.6 ], [ -67.702291667, -54.885046667, 26.8 ], [ -67.702291667, -54.885041667, 26.8 ], [ -67.70229, -54.88504, 27.1 ], [ -67.70229, -54.88504, 27.1 ], [ -67.702286667, -54.885038333, 27.2 ], [ -67.702285, -54.885028333, 27.4 ], [ -67.702261667, -54.885028333, 27.9 ], [ -67.702266667, -54.885018333, 28.8 ], [ -67.702276667, -54.88502, 29.3 ], [ -67.702285, -54.885026667, 29.7 ], [ -67.702285, -54.885026667, 29.7 ], [ -67.702296667, -54.885015, 30.0 ], [ -67.70227, -54.88501, 29.6 ], [ -67.702248333, -54.885006667, 29.8 ], [ -67.70223, -54.885001667, 29.5 ], [ -67.702225, -54.885, 29.6 ], [ -67.702215, -54.884993333, 29.4 ], [ -67.70221, -54.884985, 28.7 ], [ -67.702211667, -54.884978333, 27.9 ], [ -67.70222, -54.884975, 27.5 ], [ -67.702223333, -54.884978333, 27.3 ], [ -67.702221667, -54.884978333, 27.1 ], [ -67.702226667, -54.88498, 26.8 ], [ -67.702231667, -54.884981667, 27.1 ], [ -67.702255, -54.884988333, 27.4 ], [ -67.702266667, -54.884991667, 27.9 ], [ -67.702273333, -54.88499, 28.7 ], [ -67.702271667, -54.88499, 29.2 ], [ -67.702278333, -54.884991667, 29.2 ], [ -67.70229, -54.884995, 29.5 ], [ -67.702313333, -54.884988333, 30.0 ], [ -67.70233, -54.884986667, 29.9 ], [ -67.702336667, -54.884983333, 29.9 ], [ -67.702343333, -54.884981667, 30.1 ], [ -67.702358333, -54.884975, 30.1 ], [ -67.702371667, -54.884968333, 30.4 ], [ -67.702391667, -54.884968333, 30.3 ], [ -67.702408333, -54.884975, 30.4 ], [ -67.702416667, -54.884978333, 30.4 ], [ -67.70243, -54.884983333, 30.8 ], [ -67.702446667, -54.884986667, 30.6 ], [ -67.702468333, -54.884986667, 30.4 ], [ -67.702495, -54.884986667, 30.2 ], [ -67.702521667, -54.884986667, 30.0 ], [ -67.70255, -54.884985, 29.7 ], [ -67.70258, -54.884981667, 29.5 ], [ -67.702606667, -54.884976667, 29.6 ], [ -67.702628333, -54.884973333, 29.6 ], [ -67.702646667, -54.88497, 29.6 ], [ -67.70266, -54.884966667, 29.4 ], [ -67.70267, -54.884958333, 29.0 ], [ -67.702685, -54.884955, 29.0 ], [ -67.702698333, -54.884953333, 29.0 ], [ -67.702715, -54.88495, 28.8 ], [ -67.702731667, -54.884945, 28.7 ], [ -67.702753333, -54.884938333, 28.2 ], [ -67.702766667, -54.884928333, 28.2 ], [ -67.702791667, -54.884915, 27.8 ], [ -67.702808333, -54.884905, 27.9 ], [ -67.702823333, -54.8849, 27.8 ], [ -67.702835, -54.884898333, 27.6 ], [ -67.70284, -54.884895, 27.3 ], [ -67.702843333, -54.88489, 27.5 ], [ -67.702855, -54.884881667, 27.6 ], [ -67.702873333, -54.884878333, 27.3 ], [ -67.702885, -54.884876667, 27.4 ], [ -67.702893333, -54.884873333, 27.7 ], [ -67.7029, -54.884861667, 28.0 ], [ -67.702913333, -54.884851667, 28.3 ], [ -67.70293, -54.884846667, 28.7 ], [ -67.702938333, -54.884838333, 29.3 ], [ -67.702938333, -54.884831667, 29.3 ], [ -67.702941667, -54.884823333, 29.5 ], [ -67.70295, -54.884815, 29.4 ], [ -67.702965, -54.884806667, 29.0 ], [ -67.70298, -54.884795, 28.5 ], [ -67.702995, -54.884788333, 28.2 ], [ -67.703001667, -54.884783333, 27.7 ], [ -67.703001667, -54.884785, 27.8 ], [ -67.70296, -54.88482, 27.1 ], [ -67.702955, -54.884838333, 26.8 ], [ -67.702973333, -54.884806667, 27.3 ], [ -67.702973333, -54.884791667, 26.8 ], [ -67.702971667, -54.884788333, 26.5 ], [ -67.702971667, -54.884788333, 26.0 ], [ -67.70297, -54.884785, 25.5 ], [ -67.70297, -54.88478, 25.2 ], [ -67.702975, -54.884776667, 24.9 ], [ -67.702978333, -54.88477, 24.8 ], [ -67.702976667, -54.884765, 24.8 ], [ -67.702976667, -54.884763333, 24.5 ], [ -67.702978333, -54.884763333, 24.3 ], [ -67.702978333, -54.884765, 24.4 ], [ -67.70298, -54.884766667, 24.3 ], [ -67.702985, -54.884766667, 24.5 ], [ -67.702985, -54.884766667, 24.5 ], [ -67.702986667, -54.884766667, 24.7 ], [ -67.70299, -54.884766667, 24.4 ], [ -67.702991667, -54.884766667, 24.2 ], [ -67.702993333, -54.884766667, 24.3 ], [ -67.702993333, -54.884765, 24.7 ], [ -67.702996667, -54.884766667, 24.7 ], [ -67.703, -54.884765, 24.7 ], [ -67.703006667, -54.884763333, 24.4 ], [ -67.70302, -54.884761667, 24.5 ], [ -67.70304, -54.884756667, 23.4 ], [ -67.70305, -54.88475, 22.2 ], [ -67.703066667, -54.88474, 22.0 ], [ -67.703093333, -54.884745, 22.4 ], [ -67.703113333, -54.884741667, 22.2 ], [ -67.703135, -54.88474, 21.8 ], [ -67.703185, -54.884733333, 21.9 ], [ -67.703205, -54.884723333, 21.9 ], [ -67.703215, -54.884721667, 22.1 ], [ -67.703233333, -54.884718333, 22.1 ], [ -67.70324, -54.88471, 22.1 ], [ -67.70324, -54.884701667, 22.2 ], [ -67.70325, -54.884691667, 21.9 ], [ -67.703253333, -54.884683333, 21.3 ], [ -67.70327, -54.884683333, 21.1 ], [ -67.703291667, -54.884678333, 21.4 ], [ -67.703318333, -54.884675, 21.9 ], [ -67.703333333, -54.88466, 22.0 ], [ -67.703331667, -54.884655, 21.7 ], [ -67.703345, -54.884655, 21.1 ], [ -67.703366667, -54.884648333, 20.7 ], [ -67.703373333, -54.884641667, 20.8 ], [ -67.703375, -54.884633333, 20.3 ], [ -67.70338, -54.884633333, 21.0 ], [ -67.703383333, -54.88463, 21.1 ], [ -67.703396667, -54.884621667, 21.6 ], [ -67.70341, -54.884623333, 22.1 ], [ -67.703431667, -54.884646667, 22.0 ], [ -67.703453333, -54.88468, 24.0 ], [ -67.70346, -54.884703333, 26.7 ], [ -67.703436667, -54.884698333, 27.2 ], [ -67.703428333, -54.884688333, 27.3 ], [ -67.703386667, -54.884656667, 27.6 ], [ -67.70336, -54.884621667, 27.7 ], [ -67.703331667, -54.884623333, 27.8 ], [ -67.703331667, -54.8846, 27.4 ], [ -67.703325, -54.884566667, 27.3 ], [ -67.703325, -54.884546667, 27.2 ], [ -67.703353333, -54.884521667, 27.2 ], [ -67.703386667, -54.884503333, 26.6 ], [ -67.703425, -54.884471667, 25.8 ], [ -67.70342, -54.884465, 25.2 ], [ -67.70343, -54.884465, 25.2 ], [ -67.703443333, -54.88446, 26.4 ], [ -67.703458333, -54.884458333, 26.5 ], [ -67.703458333, -54.884455, 27.5 ], [ -67.703463333, -54.884453333, 28.0 ], [ -67.703466667, -54.88444, 27.8 ], [ -67.703471667, -54.884421667, 27.4 ], [ -67.70348, -54.884408333, 27.3 ], [ -67.703485, -54.8844, 26.9 ], [ -67.703483333, -54.884393333, 26.5 ], [ -67.70349, -54.88438, 26.4 ], [ -67.703483333, -54.884366667, 26.4 ], [ -67.703483333, -54.884355, 26.6 ], [ -67.703485, -54.884346667, 26.5 ], [ -67.703488333, -54.884335, 26.6 ], [ -67.703473333, -54.884326667, 26.8 ], [ -67.703465, -54.884313333, 27.0 ], [ -67.703456667, -54.884315, 27.3 ], [ -67.703443333, -54.884313333, 27.9 ], [ -67.703438333, -54.88431, 28.0 ], [ -67.703461667, -54.884303333, 28.1 ], [ -67.703455, -54.884293333, 29.2 ], [ -67.703438333, -54.884288333, 29.7 ], [ -67.703441667, -54.884285, 30.1 ], [ -67.703448333, -54.884278333, 30.3 ], [ -67.703456667, -54.884266667, 30.3 ], [ -67.703465, -54.88426, 30.3 ], [ -67.703453333, -54.884256667, 31.2 ], [ -67.703333333, -54.884593333, 31.2 ], [ -67.70341, -54.884208333, 31.2 ], [ -67.703385, -54.884211667, 31.1 ], [ -67.703403333, -54.884226667, 30.6 ], [ -67.703381667, -54.884233333, 31.0 ], [ -67.703331667, -54.884243333, 32.1 ], [ -67.703326667, -54.884241667, 32.1 ], [ -67.703365, -54.884205, 32.2 ], [ -67.703393333, -54.884176667, 31.2 ], [ -67.703415, -54.884161667, 31.5 ], [ -67.703418333, -54.884155, 31.4 ], [ -67.703423333, -54.884151667, 30.9 ], [ -67.703426667, -54.884148333, 31.0 ], [ -67.703425, -54.884136667, 31.1 ], [ -67.70343, -54.88413, 31.3 ], [ -67.703436667, -54.884116667, 31.5 ], [ -67.703441667, -54.884105, 31.7 ], [ -67.703441667, -54.884093333, 32.6 ], [ -67.703426667, -54.884083333, 33.4 ], [ -67.703398333, -54.884075, 34.1 ], [ -67.703361667, -54.884081667, 34.7 ], [ -67.703341667, -54.884093333, 35.4 ], [ -67.703351667, -54.884103333, 35.5 ], [ -67.703346667, -54.88411, 35.2 ], [ -67.70335, -54.884121667, 35.3 ], [ -67.703353333, -54.884125, 34.6 ], [ -67.703343333, -54.884136667, 34.4 ], [ -67.703343333, -54.884145, 34.1 ], [ -67.703348333, -54.884151667, 33.6 ], [ -67.703351667, -54.884165, 33.3 ], [ -67.703361667, -54.884176667, 32.9 ], [ -67.70337, -54.884185, 32.7 ], [ -67.703376667, -54.884198333, 32.8 ], [ -67.70338, -54.884206667, 32.8 ], [ -67.703375, -54.884201667, 32.4 ], [ -67.70337, -54.8842, 32.3 ], [ -67.703373333, -54.884183333, 31.7 ], [ -67.703371667, -54.884171667, 31.6 ], [ -67.703335, -54.884166667, 31.5 ], [ -67.703331667, -54.884188333, 30.3 ], [ -67.703323333, -54.884195, 29.9 ], [ -67.70333, -54.88421, 29.8 ], [ -67.70333, -54.88421, 29.8 ], [ -67.703308333, -54.884201667, 29.5 ], [ -67.703293333, -54.8842, 30.0 ], [ -67.703313333, -54.88419, 30.1 ], [ -67.703313333, -54.88419, 30.1 ], [ -67.703318333, -54.884181667, 30.1 ], [ -67.703321667, -54.884178333, 29.8 ], [ -67.703328333, -54.884176667, 29.7 ], [ -67.703338333, -54.884178333, 30.1 ], [ -67.703338333, -54.884178333, 30.1 ], [ -67.703345, -54.884163333, 29.4 ], [ -67.70335, -54.884165, 28.9 ], [ -67.70335, -54.884161667, 28.7 ], [ -67.703353333, -54.884163333, 28.2 ], [ -67.703353333, -54.884163333, 28.2 ], [ -67.703353333, -54.884163333, 28.2 ], [ -67.703353333, -54.884163333, 28.2 ], [ -67.703351667, -54.88416, 27.6 ], [ -67.70335, -54.884155, 28.0 ], [ -67.703343333, -54.884145, 28.8 ], [ -67.703333333, -54.884138333, 29.1 ], [ -67.703328333, -54.884131667, 29.0 ], [ -67.703333333, -54.884133333, 28.0 ], [ -67.703341667, -54.884126667, 28.0 ], [ -67.703356667, -54.88411, 27.5 ], [ -67.703366667, -54.884098333, 28.0 ], [ -67.703356667, -54.884088333, 28.3 ], [ -67.703348333, -54.884078333, 29.0 ], [ -67.703335, -54.884068333, 29.8 ], [ -67.703326667, -54.884056667, 30.5 ], [ -67.703363333, -54.884056667, 30.3 ], [ -67.703355, -54.884058333, 31.6 ], [ -67.703333333, -54.884048333, 31.6 ], [ -67.703313333, -54.884038333, 32.1 ], [ -67.703298333, -54.884031667, 32.8 ], [ -67.703341667, -54.88405, 33.8 ], [ -67.703328333, -54.884045, 34.5 ], [ -67.703306667, -54.884036667, 34.6 ], [ -67.703295, -54.88404, 34.1 ], [ -67.703265, -54.88403, 34.0 ], [ -67.703243333, -54.884023333, 34.6 ], [ -67.703226667, -54.884025, 34.4 ], [ -67.70322, -54.884025, 34.3 ], [ -67.703206667, -54.884021667, 34.1 ], [ -67.703201667, -54.884018333, 34.3 ], [ -67.703168333, -54.884011667, 34.2 ], [ -67.70315, -54.884011667, 34.0 ], [ -67.703141667, -54.884008333, 33.7 ], [ -67.703111667, -54.884011667, 33.4 ], [ -67.703093333, -54.884013333, 33.8 ], [ -67.703063333, -54.88401, 33.9 ], [ -67.70305, -54.884005, 34.1 ], [ -67.703031667, -54.884005, 34.4 ], [ -67.70308, -54.883991667, 61.0 ], [ -67.703076667, -54.884003333, 62.5 ], [ -67.703046667, -54.884016667, 63.6 ], [ -67.702996667, -54.88388, 88.1 ], [ -67.703001667, -54.883886667, 88.2 ], [ -67.702998333, -54.883888333, 89.6 ], [ -67.702988333, -54.883888333, 88.7 ], [ -67.702988333, -54.883888333, 87.7 ], [ -67.702978333, -54.883896667, 84.7 ], [ -67.702961667, -54.883906667, 81.7 ], [ -67.702933333, -54.883918333, 78.4 ], [ -67.702921667, -54.883935, 75.5 ], [ -67.702913333, -54.883946667, 72.2 ], [ -67.702901667, -54.883955, 69.1 ], [ -67.702888333, -54.883965, 67.4 ], [ -67.702866667, -54.883978333, 65.1 ], [ -67.702856667, -54.883983333, 62.6 ], [ -67.702853333, -54.883985, 61.4 ], [ -67.70284, -54.883986667, 60.3 ], [ -67.70283, -54.88399, 59.1 ], [ -67.702826667, -54.883991667, 57.9 ], [ -67.702826667, -54.883991667, 57.9 ], [ -67.702823333, -54.883991667, 57.9 ], [ -67.702813333, -54.883986667, 57.9 ], [ -67.702795, -54.883983333, 57.8 ], [ -67.702786667, -54.883981667, 57.8 ], [ -67.70276, -54.883973333, 54.0 ], [ -67.70273, -54.883963333, 50.2 ], [ -67.702695, -54.883946667, 47.9 ], [ -67.702675, -54.883933333, 45.7 ], [ -67.702661667, -54.883925, 44.4 ], [ -67.702631667, -54.88392, 43.3 ], [ -67.702596667, -54.88391, 42.4 ], [ -67.702593333, -54.883903333, 41.9 ], [ -67.702606667, -54.883906667, 40.8 ], [ -67.702576667, -54.88391, 38.6 ], [ -67.702588333, -54.883883333, 38.7 ], [ -67.702575, -54.88387, 38.5 ], [ -67.702576667, -54.883868333, 38.4 ], [ -67.702585, -54.88387, 38.2 ], [ -67.702595, -54.883878333, 39.8 ], [ -67.702573333, -54.883888333, 41.5 ], [ -67.702573333, -54.883891667, 41.8 ], [ -67.702565, -54.883931667, 41.4 ], [ -67.702556667, -54.883955, 40.1 ], [ -67.702543333, -54.883945, 39.6 ], [ -67.702558333, -54.883936667, 39.4 ], [ -67.70255, -54.883921667, 40.0 ], [ -67.70253, -54.883908333, 40.4 ], [ -67.7025, -54.883895, 40.1 ], [ -67.702488333, -54.883878333, 40.0 ], [ -67.702466667, -54.883861667, 40.7 ], [ -67.702458333, -54.883848333, 41.3 ], [ -67.70243, -54.88384, 40.5 ], [ -67.702428333, -54.88383, 40.4 ], [ -67.702411667, -54.883823333, 40.4 ], [ -67.70241, -54.883818333, 41.1 ], [ -67.702405, -54.883821667, 41.0 ], [ -67.70238, -54.883828333, 40.9 ], [ -67.70238, -54.883831667, 41.2 ], [ -67.702398333, -54.88384, 40.1 ], [ -67.702438333, -54.883881667, 38.8 ], [ -67.702471667, -54.883885, 38.3 ], [ -67.702425, -54.883851667, 38.6 ], [ -67.702396667, -54.883863333, 38.8 ], [ -67.702393333, -54.883865, 38.8 ], [ -67.70235, -54.883871667, 38.6 ], [ -67.702291667, -54.883838333, 39.6 ], [ -67.702236667, -54.883835, 41.5 ], [ -67.702235, -54.883826667, 42.3 ], [ -67.702228333, -54.88382, 42.6 ], [ -67.702228333, -54.883818333, 42.8 ], [ -67.702226667, -54.88382, 43.1 ], [ -67.70223, -54.883821667, 42.6 ], [ -67.702235, -54.883825, 42.0 ], [ -67.702248333, -54.883825, 41.2 ], [ -67.702256667, -54.883826667, 40.8 ], [ -67.702271667, -54.883826667, 39.6 ], [ -67.702273333, -54.883826667, 39.0 ], [ -67.702276667, -54.88383, 39.1 ], [ -67.702278333, -54.883825, 39.6 ], [ -67.702281667, -54.883825, 39.9 ], [ -67.702288333, -54.883825, 40.2 ], [ -67.702288333, -54.883825, 40.7 ], [ -67.702288333, -54.883825, 41.3 ], [ -67.702286667, -54.883825, 41.9 ], [ -67.702283333, -54.883826667, 42.6 ], [ -67.70228, -54.88383, 43.6 ], [ -67.70228, -54.88383, 44.0 ], [ -67.702281667, -54.883828333, 44.4 ], [ -67.702281667, -54.883828333, 44.7 ], [ -67.70228, -54.883828333, 45.0 ], [ -67.702278333, -54.883828333, 45.2 ], [ -67.702278333, -54.883828333, 45.2 ], [ -67.702276667, -54.883826667, 45.2 ], [ -67.702276667, -54.883825, 45.2 ], [ -67.70228, -54.883825, 45.2 ], [ -67.702281667, -54.883825, 45.4 ], [ -67.702281667, -54.883825, 45.4 ], [ -67.702281667, -54.883825, 45.4 ], [ -67.702281667, -54.883825, 45.4 ], [ -67.702281667, -54.883825, 45.4 ], [ -67.702281667, -54.883825, 45.4 ], [ -67.702281667, -54.883825, 45.4 ], [ -67.702251667, -54.883803333, 47.2 ], [ -67.702235, -54.883798333, 47.3 ], [ -67.702216667, -54.88379, 47.3 ], [ -67.702201667, -54.883793333, 47.6 ], [ -67.702198333, -54.883795, 48.0 ], [ -67.702205, -54.88379, 48.2 ], [ -67.702213333, -54.883786667, 48.2 ], [ -67.702216667, -54.883786667, 48.2 ], [ -67.702216667, -54.883786667, 48.0 ], [ -67.702218333, -54.883786667, 48.0 ], [ -67.702218333, -54.883788333, 48.1 ], [ -67.702218333, -54.88379, 48.0 ], [ -67.702215, -54.883791667, 48.2 ], [ -67.702193333, -54.883793333, 48.2 ], [ -67.70218, -54.883791667, 48.3 ], [ -67.702173333, -54.88379, 48.1 ], [ -67.702153333, -54.883786667, 47.8 ], [ -67.702136667, -54.883783333, 47.5 ], [ -67.702123333, -54.883775, 47.6 ], [ -67.702108333, -54.88377, 47.7 ], [ -67.702093333, -54.883766667, 47.4 ], [ -67.70208, -54.88376, 47.1 ], [ -67.702068333, -54.883758333, 47.2 ], [ -67.702056667, -54.883756667, 47.3 ], [ -67.702048333, -54.883755, 47.7 ], [ -67.70204, -54.883755, 47.9 ], [ -67.702025, -54.883753333, 48.0 ], [ -67.702021667, -54.883748333, 48.0 ], [ -67.702008333, -54.883746667, 48.0 ], [ -67.701993333, -54.883743333, 48.0 ], [ -67.701986667, -54.883741667, 47.9 ], [ -67.701978333, -54.88374, 47.8 ], [ -67.701966667, -54.883735, 47.8 ], [ -67.701955, -54.883731667, 48.1 ], [ -67.701948333, -54.883728333, 48.4 ], [ -67.701936667, -54.883723333, 48.4 ], [ -67.70193, -54.883723333, 48.5 ], [ -67.701923333, -54.883721667, 48.5 ], [ -67.701915, -54.883718333, 48.8 ], [ -67.701905, -54.883715, 49.0 ], [ -67.701898333, -54.883711667, 49.1 ], [ -67.70189, -54.883706667, 49.2 ], [ -67.701875, -54.883701667, 49.2 ], [ -67.701861667, -54.8837, 49.1 ], [ -67.701853333, -54.883703333, 49.2 ], [ -67.701836667, -54.883698333, 49.4 ], [ -67.701818333, -54.88369, 49.5 ], [ -67.701798333, -54.883685, 49.8 ], [ -67.701775, -54.883683333, 50.2 ], [ -67.701775, -54.883683333, 50.2 ], [ -67.70178, -54.883681667, 49.7 ], [ -67.701755, -54.883683333, 49.3 ], [ -67.70174, -54.883671667, 48.7 ], [ -67.701725, -54.883668333, 48.1 ], [ -67.701716667, -54.883665, 47.1 ], [ -67.70172, -54.883661667, 47.0 ], [ -67.701723333, -54.883655, 45.9 ], [ -67.701706667, -54.883651667, 44.1 ], [ -67.701685, -54.883645, 42.8 ], [ -67.701668333, -54.88364, 42.5 ], [ -67.701656667, -54.883636667, 43.6 ], [ -67.701645, -54.883635, 44.7 ], [ -67.701643333, -54.883635, 45.5 ], [ -67.701635, -54.883636667, 45.4 ], [ -67.70163, -54.883636667, 45.5 ], [ -67.701621667, -54.883636667, 45.2 ], [ -67.70162, -54.88364, 44.9 ], [ -67.701618333, -54.883641667, 44.9 ], [ -67.701623333, -54.883645, 44.9 ], [ -67.701623333, -54.883645, 44.9 ], [ -67.701626667, -54.883646667, 45.0 ], [ -67.701585, -54.883646667, 45.5 ], [ -67.701546667, -54.883648333, 45.5 ], [ -67.701516667, -54.883646667, 45.0 ], [ -67.701485, -54.883658333, 44.3 ], [ -67.701465, -54.88367, 43.9 ], [ -67.70145, -54.883681667, 42.7 ], [ -67.701438333, -54.883693333, 41.6 ], [ -67.701428333, -54.883703333, 41.3 ], [ -67.701423333, -54.88371, 42.0 ], [ -67.701426667, -54.883713333, 43.2 ], [ -67.701438333, -54.88373, 45.0 ], [ -67.701445, -54.883736667, 46.2 ], [ -67.701438333, -54.88375, 47.2 ], [ -67.70142, -54.883763333, 48.1 ], [ -67.701405, -54.88377, 49.2 ], [ -67.70139, -54.883788333, 50.6 ], [ -67.701376667, -54.88379, 51.7 ], [ -67.701366667, -54.88379, 52.1 ], [ -67.701355, -54.883791667, 51.8 ], [ -67.701343333, -54.883791667, 51.3 ], [ -67.701333333, -54.883798333, 51.2 ], [ -67.701331667, -54.883803333, 51.1 ], [ -67.701323333, -54.883813333, 51.1 ], [ -67.70131, -54.88383, 51.9 ], [ -67.701285, -54.883836667, 52.5 ], [ -67.701271667, -54.883838333, 52.7 ], [ -67.701265, -54.883841667, 53.0 ], [ -67.70126, -54.883846667, 52.9 ], [ -67.701253333, -54.883856667, 54.0 ], [ -67.701236667, -54.883865, 54.4 ], [ -67.701221667, -54.88387, 54.7 ], [ -67.701201667, -54.883875, 55.0 ], [ -67.701171667, -54.883885, 55.2 ], [ -67.701145, -54.88389, 55.2 ], [ -67.701118333, -54.883906667, 55.6 ], [ -67.701103333, -54.883918333, 56.1 ], [ -67.701086667, -54.883931667, 56.4 ], [ -67.701075, -54.883941667, 56.7 ], [ -67.701068333, -54.883938333, 57.3 ], [ -67.701068333, -54.883943333, 57.8 ], [ -67.701078333, -54.883948333, 57.5 ], [ -67.701081667, -54.883951667, 57.1 ], [ -67.701085, -54.883953333, 57.0 ], [ -67.70108, -54.883955, 56.8 ], [ -67.701078333, -54.883955, 56.8 ], [ -67.701038333, -54.883961667, 56.7 ], [ -67.700991667, -54.88399, 56.5 ], [ -67.70097, -54.884005, 56.9 ], [ -67.70094, -54.884026667, 56.6 ], [ -67.700923333, -54.884038333, 55.6 ], [ -67.700935, -54.884048333, 53.5 ], [ -67.700925, -54.884055, 52.4 ], [ -67.700911667, -54.884058333, 52.0 ], [ -67.700898333, -54.884056667, 51.4 ], [ -67.700896667, -54.88405, 50.9 ], [ -67.700878333, -54.884045, 50.3 ], [ -67.700858333, -54.884038333, 49.4 ], [ -67.700838333, -54.884036667, 48.3 ], [ -67.700816667, -54.88403, 47.0 ], [ -67.7008, -54.884026667, 46.5 ], [ -67.700773333, -54.884028333, 46.5 ], [ -67.700736667, -54.884025, 45.6 ], [ -67.700703333, -54.884023333, 45.1 ], [ -67.700696667, -54.884021667, 46.1 ], [ -67.700693333, -54.884021667, 48.3 ], [ -67.7007, -54.884023333, 49.1 ], [ -67.700705, -54.884028333, 49.8 ], [ -67.700703333, -54.88404, 50.7 ], [ -67.700703333, -54.884041667, 51.5 ], [ -67.700701667, -54.884043333, 53.1 ], [ -67.700703333, -54.884045, 54.2 ], [ -67.700698333, -54.884045, 53.8 ], [ -67.70069, -54.88404, 53.3 ], [ -67.700676667, -54.884026667, 52.9 ], [ -67.700675, -54.884021667, 52.9 ], [ -67.700676667, -54.884026667, 53.0 ], [ -67.700678333, -54.884051667, 54.0 ], [ -67.700655, -54.884063333, 55.3 ], [ -67.700658333, -54.884063333, 55.3 ], [ -67.700603333, -54.884068333, 55.2 ], [ -67.700565, -54.88409, 55.8 ], [ -67.700505, -54.884093333, 56.5 ], [ -67.700485, -54.884098333, 56.8 ], [ -67.700478333, -54.884108333, 56.5 ], [ -67.700478333, -54.884111667, 56.3 ], [ -67.700486667, -54.884116667, 56.2 ], [ -67.700495, -54.884128333, 56.6 ], [ -67.700485, -54.884136667, 56.9 ], [ -67.700481667, -54.884141667, 58.0 ], [ -67.700476667, -54.884146667, 58.3 ], [ -67.700476667, -54.884146667, 58.6 ], [ -67.700478333, -54.884158333, 58.7 ], [ -67.70048, -54.884171667, 59.0 ], [ -67.700461667, -54.884175, 58.6 ], [ -67.700445, -54.884171667, 57.9 ], [ -67.700398333, -54.884173333, 56.8 ], [ -67.700376667, -54.884161667, 57.8 ], [ -67.700365, -54.884161667, 58.0 ], [ -67.70036, -54.884165, 58.5 ], [ -67.700353333, -54.884175, 57.8 ], [ -67.700345, -54.884183333, 57.0 ], [ -67.700336667, -54.884193333, 57.2 ], [ -67.70034, -54.884203333, 57.0 ], [ -67.700346667, -54.884211667, 57.2 ], [ -67.700351667, -54.884223333, 58.0 ], [ -67.70036, -54.884236667, 58.5 ], [ -67.700356667, -54.884246667, 58.3 ], [ -67.700335, -54.88426, 58.1 ], [ -67.700321667, -54.884266667, 58.5 ], [ -67.700305, -54.88427, 58.2 ], [ -67.700285, -54.884276667, 57.9 ], [ -67.700266667, -54.884281667, 57.8 ], [ -67.700256667, -54.884288333, 58.0 ], [ -67.700251667, -54.884295, 57.9 ], [ -67.700243333, -54.884301667, 58.0 ], [ -67.700223333, -54.88431, 58.2 ], [ -67.700201667, -54.88432, 58.6 ], [ -67.700183333, -54.884326667, 59.0 ], [ -67.70017, -54.884333333, 59.5 ], [ -67.70016, -54.884335, 59.2 ], [ -67.700156667, -54.88434, 59.2 ], [ -67.70016, -54.88434, 58.9 ], [ -67.700158333, -54.884338333, 58.6 ], [ -67.700163333, -54.884338333, 58.5 ], [ -67.700166667, -54.88434, 58.6 ], [ -67.700153333, -54.884338333, 58.4 ], [ -67.700153333, -54.88434, 58.3 ], [ -67.700153333, -54.884341667, 58.1 ], [ -67.700158333, -54.884345, 57.8 ], [ -67.700153333, -54.884346667, 57.7 ], [ -67.700128333, -54.88435, 58.3 ], [ -67.700106667, -54.884371667, 57.5 ], [ -67.700095, -54.884385, 57.7 ], [ -67.70007, -54.884398333, 57.1 ], [ -67.70005, -54.884405, 56.8 ], [ -67.700038333, -54.884411667, 56.8 ], [ -67.700025, -54.884416667, 56.5 ], [ -67.700006667, -54.884421667, 55.9 ], [ -67.699991667, -54.884428333, 55.4 ], [ -67.699975, -54.884436667, 54.8 ], [ -67.699963333, -54.884451667, 54.6 ], [ -67.69995, -54.884458333, 54.8 ], [ -67.69994, -54.884465, 55.3 ], [ -67.699928333, -54.884473333, 55.9 ], [ -67.699916667, -54.884481667, 56.2 ], [ -67.699911667, -54.884495, 55.7 ], [ -67.699906667, -54.884505, 55.3 ], [ -67.699898333, -54.88451, 54.8 ], [ -67.699891667, -54.884516667, 55.0 ], [ -67.699881667, -54.884526667, 54.9 ], [ -67.699866667, -54.88455, 54.8 ], [ -67.699848333, -54.884573333, 55.9 ], [ -67.699831667, -54.884575, 54.9 ], [ -67.69983, -54.884578333, 54.9 ], [ -67.699816667, -54.884586667, 54.9 ], [ -67.699806667, -54.884591667, 55.4 ], [ -67.699798333, -54.884598333, 55.9 ], [ -67.699785, -54.88461, 56.0 ], [ -67.69978, -54.884616667, 56.0 ], [ -67.699778333, -54.884623333, 56.0 ], [ -67.699775, -54.884635, 56.1 ], [ -67.699761667, -54.884646667, 55.4 ], [ -67.699751667, -54.884653333, 55.0 ], [ -67.69975, -54.884655, 54.8 ], [ -67.699745, -54.884661667, 54.4 ], [ -67.699738333, -54.884668333, 54.3 ], [ -67.699731667, -54.884681667, 54.2 ], [ -67.69972, -54.884691667, 54.1 ], [ -67.699703333, -54.8847, 54.2 ], [ -67.6997, -54.884708333, 53.9 ], [ -67.69969, -54.884716667, 54.1 ], [ -67.699681667, -54.884723333, 54.3 ], [ -67.699666667, -54.884733333, 54.1 ], [ -67.699651667, -54.884743333, 54.1 ], [ -67.699636667, -54.884753333, 54.3 ], [ -67.699626667, -54.884763333, 54.7 ], [ -67.699615, -54.884771667, 54.8 ], [ -67.699601667, -54.884776667, 55.1 ], [ -67.699586667, -54.884783333, 55.3 ], [ -67.699573333, -54.884793333, 55.6 ], [ -67.699566667, -54.884801667, 55.8 ], [ -67.699558333, -54.884813333, 56.0 ], [ -67.699553333, -54.884825, 56.1 ], [ -67.699536667, -54.884838333, 55.5 ], [ -67.699526667, -54.884848333, 55.6 ], [ -67.699513333, -54.884855, 55.8 ], [ -67.699498333, -54.88486, 55.7 ], [ -67.699481667, -54.884866667, 55.7 ], [ -67.699466667, -54.884873333, 55.7 ], [ -67.699448333, -54.884881667, 55.9 ], [ -67.699435, -54.884886667, 55.9 ], [ -67.699428333, -54.88489, 56.2 ], [ -67.699416667, -54.884895, 56.8 ], [ -67.699406667, -54.8849, 57.3 ], [ -67.699396667, -54.884905, 57.7 ], [ -67.69938, -54.884915, 58.1 ], [ -67.699366667, -54.884923333, 58.1 ], [ -67.699355, -54.884926667, 57.7 ], [ -67.699338333, -54.88493, 57.3 ], [ -67.699321667, -54.884935, 56.7 ], [ -67.69931, -54.884941667, 56.5 ], [ -67.699303333, -54.88495, 56.5 ], [ -67.699295, -54.884956667, 56.3 ], [ -67.699288333, -54.884961667, 56.5 ], [ -67.699285, -54.884963333, 56.6 ], [ -67.699276667, -54.884966667, 56.4 ], [ -67.699271667, -54.884973333, 56.3 ], [ -67.699266667, -54.884973333, 56.2 ], [ -67.699248333, -54.88498, 56.2 ], [ -67.699228333, -54.88499, 56.0 ], [ -67.699216667, -54.884998333, 55.9 ], [ -67.699211667, -54.885006667, 56.0 ], [ -67.699206667, -54.885013333, 56.1 ], [ -67.699201667, -54.885016667, 56.3 ], [ -67.699193333, -54.885018333, 56.3 ], [ -67.699183333, -54.885023333, 56.1 ], [ -67.699166667, -54.885031667, 56.0 ], [ -67.69915, -54.885043333, 55.9 ], [ -67.699136667, -54.885053333, 56.1 ], [ -67.699118333, -54.885065, 56.0 ], [ -67.699113333, -54.885068333, 55.7 ], [ -67.699103333, -54.885068333, 56.0 ], [ -67.699086667, -54.885071667, 56.0 ], [ -67.699068333, -54.885076667, 56.0 ], [ -67.69905, -54.885083333, 56.1 ], [ -67.699035, -54.885093333, 56.1 ], [ -67.699025, -54.885101667, 56.2 ], [ -67.699011667, -54.885106667, 56.4 ], [ -67.699001667, -54.885111667, 57.3 ], [ -67.698991667, -54.885121667, 57.7 ], [ -67.698981667, -54.885131667, 57.7 ], [ -67.698966667, -54.885136667, 58.0 ], [ -67.698951667, -54.885138333, 58.4 ], [ -67.698945, -54.885143333, 58.9 ], [ -67.698928333, -54.885151667, 58.8 ], [ -67.698905, -54.885158333, 58.8 ], [ -67.698888333, -54.885161667, 58.7 ], [ -67.698876667, -54.885165, 58.7 ], [ -67.698866667, -54.885173333, 59.2 ], [ -67.698853333, -54.885175, 59.2 ], [ -67.698841667, -54.88518, 59.5 ], [ -67.698823333, -54.885186667, 59.7 ], [ -67.698806667, -54.885188333, 59.3 ], [ -67.698806667, -54.885188333, 59.3 ], [ -67.698806667, -54.885185, 59.4 ], [ -67.698783333, -54.88518, 59.5 ], [ -67.698805, -54.885175, 59.2 ], [ -67.69881, -54.885175, 59.0 ], [ -67.69877, -54.885185, 59.1 ], [ -67.698711667, -54.885196667, 58.5 ], [ -67.698716667, -54.88521, 60.7 ], [ -67.698636667, -54.885215, 62.3 ], [ -67.698676667, -54.885221667, 62.8 ], [ -67.69871, -54.885225, 63.6 ], [ -67.698713333, -54.885225, 63.5 ], [ -67.698753333, -54.885225, 62.9 ], [ -67.698853333, -54.885246667, 63.5 ], [ -67.698966667, -54.885265, 66.8 ], [ -67.698955, -54.88529, 66.3 ], [ -67.698961667, -54.885306667, 65.6 ], [ -67.698958333, -54.88531, 65.0 ], [ -67.698881667, -54.885278333, 62.3 ], [ -67.698881667, -54.88527, 61.5 ], [ -67.6989, -54.885281667, 60.4 ], [ -67.698911667, -54.885278333, 59.7 ], [ -67.698855, -54.885253333, 58.9 ], [ -67.698828333, -54.88525, 57.8 ], [ -67.698816667, -54.885236667, 56.7 ], [ -67.698805, -54.88523, 56.2 ], [ -67.698798333, -54.885226667, 55.9 ], [ -67.698786667, -54.885215, 55.1 ], [ -67.698835, -54.885188333, 57.8 ], [ -67.698866667, -54.88512, 56.0 ], [ -67.69881, -54.885095, 54.4 ], [ -67.698773333, -54.885096667, 54.8 ], [ -67.698741667, -54.885091667, 55.6 ], [ -67.698725, -54.885135, 57.5 ], [ -67.698723333, -54.885166667, 58.0 ], [ -67.698735, -54.885188333, 58.1 ], [ -67.698748333, -54.885191667, 58.3 ], [ -67.698765, -54.8852, 58.1 ], [ -67.698768333, -54.885205, 58.0 ], [ -67.698766667, -54.88521, 57.9 ], [ -67.698766667, -54.885215, 57.7 ], [ -67.698768333, -54.885216667, 57.8 ], [ -67.698765, -54.885216667, 57.9 ], [ -67.698765, -54.885215, 58.1 ], [ -67.698766667, -54.885211667, 58.2 ], [ -67.698765, -54.885213333, 58.3 ], [ -67.698761667, -54.885213333, 58.3 ], [ -67.698761667, -54.885213333, 58.3 ], [ -67.698761667, -54.885213333, 58.3 ], [ -67.698761667, -54.885213333, 58.3 ], [ -67.698761667, -54.885213333, 58.3 ], [ -67.698761667, -54.885213333, 58.3 ], [ -67.698761667, -54.885213333, 58.3 ], [ -67.698761667, -54.885213333, 58.3 ], [ -67.698761667, -54.885213333, 58.3 ], [ -67.698761667, -54.885213333, 58.3 ], [ -67.698761667, -54.885213333, 58.3 ], [ -67.698741667, -54.88521, 59.4 ], [ -67.698741667, -54.88521, 59.5 ], [ -67.69875, -54.885205, 59.9 ], [ -67.698746667, -54.885201667, 60.1 ], [ -67.698746667, -54.885201667, 60.1 ], [ -67.698746667, -54.885201667, 60.1 ], [ -67.698746667, -54.885201667, 60.1 ], [ -67.698748333, -54.885236667, 60.3 ], [ -67.698773333, -54.88527, 60.2 ], [ -67.69883, -54.885236667, 60.5 ], [ -67.698836667, -54.885226667, 60.3 ], [ -67.698806667, -54.885228333, 60.5 ], [ -67.698776667, -54.88524, 60.7 ], [ -67.69877, -54.885235, 60.9 ], [ -67.698763333, -54.885228333, 60.6 ], [ -67.69876, -54.885226667, 60.3 ], [ -67.69876, -54.885235, 59.9 ], [ -67.69876, -54.885235, 59.8 ], [ -67.69876, -54.885231667, 59.6 ], [ -67.698756667, -54.885228333, 59.5 ], [ -67.698751667, -54.885226667, 59.4 ], [ -67.698736667, -54.88522, 59.3 ], [ -67.69873, -54.88522, 59.5 ], [ -67.698716667, -54.885216667, 59.5 ], [ -67.698708333, -54.885213333, 59.4 ], [ -67.698715, -54.885215, 59.6 ], [ -67.698715, -54.885213333, 59.5 ], [ -67.698721667, -54.885213333, 59.3 ], [ -67.698725, -54.885213333, 59.1 ], [ -67.69873, -54.885213333, 58.9 ], [ -67.698731667, -54.885211667, 58.8 ], [ -67.698735, -54.88521, 58.8 ], [ -67.698738333, -54.885206667, 58.7 ], [ -67.69874, -54.885206667, 58.6 ], [ -67.698743333, -54.885205, 58.7 ], [ -67.698746667, -54.885205, 58.7 ], [ -67.69875, -54.885203333, 58.8 ], [ -67.698755, -54.885201667, 58.8 ], [ -67.69876, -54.885201667, 58.7 ], [ -67.698765, -54.885201667, 58.7 ], [ -67.698765, -54.885201667, 58.7 ], [ -67.698765, -54.885201667, 58.7 ], [ -67.698765, -54.885201667, 58.7 ], [ -67.698765, -54.885201667, 58.7 ], [ -67.698765, -54.885201667, 58.7 ], [ -67.698765, -54.885201667, 58.7 ], [ -67.698765, -54.885201667, 58.7 ], [ -67.698765, -54.885201667, 58.7 ], [ -67.698765, -54.885201667, 58.7 ], [ -67.698765, -54.885201667, 58.7 ], [ -67.698765, -54.885201667, 58.7 ], [ -67.698765, -54.885201667, 58.7 ], [ -67.698765, -54.885201667, 58.7 ], [ -67.698765, -54.885201667, 58.7 ], [ -67.698765, -54.885201667, 58.7 ], [ -67.698765, -54.885201667, 58.7 ], [ -67.698765, -54.885201667, 58.7 ], [ -67.698765, -54.885201667, 58.7 ], [ -67.698765, -54.885201667, 58.7 ], [ -67.698765, -54.885201667, 58.7 ], [ -67.698765, -54.885201667, 58.7 ], [ -67.698765, -54.885201667, 58.7 ], [ -67.698765, -54.885201667, 58.7 ], [ -67.698765, -54.885201667, 58.7 ], [ -67.698765, -54.885201667, 58.7 ], [ -67.698765, -54.885201667, 58.7 ], [ -67.698765, -54.885201667, 58.7 ], [ -67.698765, -54.885201667, 58.7 ], [ -67.698765, -54.885201667, 58.7 ], [ -67.698765, -54.885201667, 58.7 ], [ -67.698765, -54.885201667, 58.7 ], [ -67.698765, -54.885201667, 58.7 ], [ -67.698765, -54.885201667, 58.7 ], [ -67.698765, -54.885201667, 58.7 ], [ -67.698765, -54.885201667, 58.7 ], [ -67.698765, -54.885201667, 58.7 ], [ -67.698765, -54.885201667, 58.7 ], [ -67.698765, -54.885201667, 58.7 ], [ -67.698765, -54.885201667, 58.7 ], [ -67.698765, -54.885201667, 58.7 ], [ -67.698765, -54.885201667, 58.7 ], [ -67.698765, -54.885201667, 58.7 ], [ -67.698765, -54.885201667, 58.7 ], [ -67.698765, -54.885201667, 58.7 ], [ -67.698765, -54.885201667, 58.7 ], [ -67.698765, -54.885201667, 58.7 ], [ -67.698765, -54.885201667, 58.7 ], [ -67.698765, -54.885201667, 58.7 ], [ -67.698765, -54.885201667, 58.7 ], [ -67.698765, -54.885201667, 58.7 ], [ -67.698765, -54.885201667, 58.7 ], [ -67.698765, -54.885201667, 58.7 ], [ -67.698765, -54.885201667, 58.7 ], [ -67.698765, -54.885201667, 58.7 ], [ -67.698765, -54.885201667, 58.7 ], [ -67.698765, -54.885201667, 58.7 ], [ -67.698765, -54.885201667, 58.7 ], [ -67.698765, -54.885201667, 58.7 ], [ -67.698773333, -54.885208333, 59.5 ], [ -67.698778333, -54.885201667, 59.6 ], [ -67.698783333, -54.885196667, 59.7 ], [ -67.698781667, -54.885196667, 59.7 ], [ -67.698775, -54.885198333, 59.6 ], [ -67.698768333, -54.885196667, 59.6 ], [ -67.698768333, -54.885196667, 59.6 ], [ -67.698768333, -54.885196667, 59.6 ], [ -67.698768333, -54.885196667, 59.6 ], [ -67.698768333, -54.885196667, 59.6 ], [ -67.698768333, -54.885196667, 59.6 ], [ -67.698768333, -54.885196667, 59.6 ], [ -67.698768333, -54.885196667, 59.6 ], [ -67.698768333, -54.885196667, 59.6 ], [ -67.698768333, -54.885196667, 59.6 ], [ -67.698768333, -54.885196667, 59.6 ], [ -67.698768333, -54.885196667, 59.6 ], [ -67.698768333, -54.885196667, 59.6 ], [ -67.698768333, -54.885196667, 59.6 ], [ -67.698768333, -54.885196667, 59.6 ], [ -67.698768333, -54.885196667, 59.6 ], [ -67.698768333, -54.885196667, 59.6 ], [ -67.698768333, -54.885196667, 59.6 ], [ -67.698768333, -54.885196667, 59.6 ], [ -67.698768333, -54.885196667, 59.6 ], [ -67.698768333, -54.885196667, 59.6 ], [ -67.698768333, -54.885196667, 59.6 ], [ -67.698773333, -54.885196667, 60.5 ], [ -67.698766667, -54.885195, 60.5 ], [ -67.698766667, -54.885195, 60.5 ], [ -67.698766667, -54.885191667, 60.5 ], [ -67.698741667, -54.885191667, 60.4 ], [ -67.698728333, -54.8852, 60.0 ], [ -67.698733333, -54.885208333, 59.7 ], [ -67.698748333, -54.885206667, 59.9 ], [ -67.698746667, -54.885191667, 59.8 ], [ -67.698756667, -54.88516, 60.3 ], [ -67.698768333, -54.88512, 61.3 ], [ -67.698805, -54.88512, 63.1 ], [ -67.698805, -54.885125, 63.8 ], [ -67.698805, -54.885135, 65.0 ], [ -67.698816667, -54.88513, 65.9 ], [ -67.698825, -54.885141667, 66.6 ], [ -67.698845, -54.885153333, 66.4 ], [ -67.69884, -54.88517, 65.8 ], [ -67.698843333, -54.88517, 65.7 ], [ -67.698845, -54.885173333, 64.8 ], [ -67.698856667, -54.885166667, 63.8 ], [ -67.698868333, -54.885158333, 63.0 ], [ -67.698888333, -54.88515, 62.2 ], [ -67.698908333, -54.885141667, 61.7 ], [ -67.698896667, -54.885138333, 60.4 ], [ -67.698973333, -54.885266667, 57.8 ], [ -67.69891, -54.885441667, 53.8 ], [ -67.698876667, -54.885536667, 51.3 ], [ -67.698861667, -54.885483333, 49.0 ], [ -67.698865, -54.885408333, 49.2 ], [ -67.698868333, -54.885335, 50.1 ], [ -67.698878333, -54.88529, 51.2 ], [ -67.698866667, -54.885278333, 51.9 ], [ -67.698843333, -54.885241667, 53.9 ], [ -67.69883, -54.885225, 54.7 ], [ -67.69883, -54.885225, 54.7 ], [ -67.698803333, -54.885205, 55.8 ], [ -67.698795, -54.885201667, 56.0 ], [ -67.698785, -54.8852, 56.2 ], [ -67.698785, -54.8852, 56.2 ], [ -67.698785, -54.8852, 56.2 ], [ -67.69878, -54.885195, 56.7 ], [ -67.698776667, -54.885195, 57.0 ], [ -67.698773333, -54.88519, 57.1 ], [ -67.698773333, -54.88519, 57.1 ], [ -67.698773333, -54.88519, 57.1 ], [ -67.698773333, -54.88519, 57.1 ], [ -67.698773333, -54.88519, 57.1 ], [ -67.698773333, -54.88519, 57.1 ], [ -67.698773333, -54.88519, 57.1 ], [ -67.698773333, -54.88519, 57.1 ], [ -67.698773333, -54.88519, 57.1 ], [ -67.698773333, -54.88519, 57.1 ], [ -67.698773333, -54.88519, 57.1 ], [ -67.698773333, -54.88519, 57.1 ], [ -67.698773333, -54.88519, 57.1 ], [ -67.698773333, -54.88519, 57.1 ], [ -67.698773333, -54.88519, 57.1 ], [ -67.698773333, -54.88519, 57.1 ], [ -67.698773333, -54.88519, 57.1 ], [ -67.698816667, -54.885178333, 58.6 ], [ -67.698823333, -54.885178333, 58.2 ], [ -67.698823333, -54.885176667, 58.3 ], [ -67.698828333, -54.885175, 58.2 ], [ -67.698828333, -54.885175, 58.2 ], [ -67.698828333, -54.885175, 58.2 ] ] } },
{ "type": "Feature", "properties": { "id": null, "Name": "Track 2", "description": "", "timestamp": null, "begin": null, "end": null, "altitudeMode": null, "tessellate": 1, "extrude": 0, "visibility": -1, "drawOrder": null, "icon": null }, "geometry": { "type": "LineString", "coordinates": [ [ -67.698886667, -54.885151667, 59.1 ], [ -67.698886667, -54.885143333, 59.2 ], [ -67.698901667, -54.885131667, 58.7 ], [ -67.69892, -54.88513, 59.1 ], [ -67.69893, -54.88513, 59.2 ], [ -67.69894, -54.885121667, 58.6 ], [ -67.698951667, -54.885123333, 58.7 ], [ -67.69896, -54.885123333, 58.3 ], [ -67.69897, -54.885125, 58.7 ], [ -67.69898, -54.885121667, 58.8 ], [ -67.698985, -54.885115, 58.7 ], [ -67.698986667, -54.885101667, 57.8 ], [ -67.698918333, -54.885046667, 56.6 ], [ -67.698953333, -54.885065, 57.1 ], [ -67.698995, -54.885068333, 57.4 ], [ -67.69903, -54.885071667, 58.3 ], [ -67.699048333, -54.885071667, 59.2 ], [ -67.699068333, -54.885071667, 59.3 ], [ -67.69908, -54.885081667, 58.0 ], [ -67.699105, -54.88509, 57.0 ], [ -67.69914, -54.88508, 57.5 ], [ -67.699193333, -54.885075, 58.4 ], [ -67.699226667, -54.885061667, 58.6 ], [ -67.699223333, -54.885051667, 58.8 ], [ -67.699193333, -54.885048333, 59.6 ], [ -67.699181667, -54.88504, 59.5 ], [ -67.699181667, -54.88503, 58.8 ], [ -67.699183333, -54.88502, 58.1 ], [ -67.699188333, -54.885016667, 58.1 ], [ -67.699193333, -54.885016667, 58.3 ], [ -67.699206667, -54.885013333, 58.2 ], [ -67.699221667, -54.885005, 58.1 ], [ -67.699235, -54.884998333, 58.2 ], [ -67.699243333, -54.884995, 58.3 ], [ -67.699253333, -54.884991667, 58.1 ], [ -67.699266667, -54.884993333, 57.9 ], [ -67.699276667, -54.884996667, 57.5 ], [ -67.699288333, -54.884998333, 57.3 ], [ -67.699293333, -54.884998333, 57.2 ], [ -67.699295, -54.885, 57.1 ], [ -67.699301667, -54.884998333, 56.8 ], [ -67.699308333, -54.884998333, 56.6 ], [ -67.699316667, -54.884998333, 56.5 ], [ -67.699323333, -54.885, 56.3 ], [ -67.699331667, -54.885, 56.2 ], [ -67.69934, -54.885, 56.0 ], [ -67.699353333, -54.884996667, 55.8 ], [ -67.699401667, -54.884986667, 55.9 ], [ -67.69943, -54.884983333, 55.7 ], [ -67.699458333, -54.884988333, 55.7 ], [ -67.699453333, -54.88499, 55.0 ], [ -67.699483333, -54.884991667, 56.0 ], [ -67.699493333, -54.884995, 56.1 ], [ -67.699505, -54.884996667, 56.0 ], [ -67.699515, -54.884998333, 55.8 ], [ -67.699533333, -54.884993333, 55.4 ], [ -67.699533333, -54.884995, 55.3 ], [ -67.699536667, -54.884996667, 54.9 ], [ -67.69955, -54.884993333, 54.4 ], [ -67.69957, -54.885, 54.5 ], [ -67.699576667, -54.885006667, 54.2 ], [ -67.699573333, -54.885001667, 54.0 ], [ -67.699586667, -54.884996667, 54.2 ], [ -67.6996, -54.885, 54.2 ], [ -67.699613333, -54.885005, 54.2 ], [ -67.699628333, -54.885008333, 54.2 ], [ -67.699638333, -54.885013333, 54.2 ], [ -67.699651667, -54.885013333, 54.2 ], [ -67.699661667, -54.885011667, 54.2 ], [ -67.699681667, -54.885015, 54.3 ], [ -67.699696667, -54.885015, 54.2 ], [ -67.699718333, -54.885021667, 54.2 ], [ -67.699728333, -54.885025, 54.4 ], [ -67.699731667, -54.885026667, 54.0 ], [ -67.699735, -54.885035, 54.4 ], [ -67.699731667, -54.885036667, 53.8 ], [ -67.699735, -54.88504, 53.5 ], [ -67.699738333, -54.885043333, 53.2 ], [ -67.699738333, -54.885046667, 53.1 ], [ -67.699745, -54.88505, 53.1 ], [ -67.69975, -54.885053333, 53.3 ], [ -67.699755, -54.885053333, 53.2 ], [ -67.699758333, -54.885053333, 52.7 ], [ -67.699766667, -54.885055, 52.9 ], [ -67.699778333, -54.885058333, 53.2 ], [ -67.699786667, -54.88506, 53.3 ], [ -67.699795, -54.88506, 53.4 ], [ -67.699793333, -54.885063333, 53.5 ], [ -67.699803333, -54.885065, 53.5 ], [ -67.699811667, -54.885068333, 53.4 ], [ -67.699826667, -54.885068333, 53.3 ], [ -67.699848333, -54.885066667, 52.7 ], [ -67.69986, -54.885068333, 52.5 ], [ -67.699875, -54.885071667, 52.2 ], [ -67.69989, -54.885075, 52.1 ], [ -67.699906667, -54.885078333, 52.1 ], [ -67.699918333, -54.885088333, 52.3 ], [ -67.699925, -54.885095, 52.4 ], [ -67.699923333, -54.885101667, 52.3 ], [ -67.699923333, -54.885108333, 52.1 ], [ -67.699925, -54.885111667, 52.0 ], [ -67.699936667, -54.885113333, 52.1 ], [ -67.699941667, -54.885115, 52.0 ], [ -67.69995, -54.885116667, 51.8 ], [ -67.699958333, -54.88512, 51.5 ], [ -67.699961667, -54.885123333, 51.4 ], [ -67.699973333, -54.885121667, 51.3 ], [ -67.699988333, -54.885121667, 51.1 ], [ -67.700005, -54.88512, 51.0 ], [ -67.700026667, -54.88512, 50.8 ], [ -67.700038333, -54.885121667, 50.6 ], [ -67.700048333, -54.885121667, 50.5 ], [ -67.70006, -54.885121667, 50.5 ], [ -67.70007, -54.885125, 50.1 ], [ -67.700076667, -54.885126667, 50.1 ], [ -67.700085, -54.885128333, 49.8 ], [ -67.700093333, -54.885128333, 49.6 ], [ -67.700101667, -54.885126667, 49.5 ], [ -67.70011, -54.885123333, 49.5 ], [ -67.700116667, -54.885123333, 49.3 ], [ -67.700118333, -54.88513, 49.1 ], [ -67.700123333, -54.885136667, 48.9 ], [ -67.700121667, -54.885138333, 48.6 ], [ -67.700123333, -54.88514, 48.5 ], [ -67.700121667, -54.88514, 48.4 ], [ -67.700123333, -54.885138333, 48.3 ], [ -67.700126667, -54.88514, 48.5 ], [ -67.700125, -54.885138333, 48.2 ], [ -67.70013, -54.885138333, 48.2 ], [ -67.70013, -54.885138333, 48.2 ], [ -67.70013, -54.885138333, 48.2 ], [ -67.700143333, -54.885131667, 48.3 ], [ -67.700158333, -54.88513, 48.1 ], [ -67.700176667, -54.88513, 48.0 ], [ -67.700191667, -54.88513, 47.8 ], [ -67.700198333, -54.885133333, 47.8 ], [ -67.700205, -54.88513, 47.3 ], [ -67.700236667, -54.885115, 46.9 ], [ -67.700245, -54.885115, 46.8 ], [ -67.700256667, -54.885118333, 46.3 ], [ -67.700265, -54.885106667, 46.3 ], [ -67.700278333, -54.8851, 46.3 ], [ -67.700296667, -54.88509, 46.3 ], [ -67.700298333, -54.885086667, 46.2 ], [ -67.700296667, -54.885081667, 46.1 ], [ -67.700293333, -54.88508, 46.1 ], [ -67.700291667, -54.88508, 46.2 ], [ -67.700291667, -54.885078333, 46.2 ], [ -67.700286667, -54.885078333, 46.3 ], [ -67.700288333, -54.885075, 46.7 ], [ -67.700295, -54.885071667, 46.8 ], [ -67.7003, -54.885065, 46.8 ], [ -67.700298333, -54.885061667, 46.7 ], [ -67.700311667, -54.885053333, 46.7 ], [ -67.700333333, -54.885058333, 46.3 ], [ -67.700343333, -54.885066667, 45.8 ], [ -67.700355, -54.885066667, 45.6 ], [ -67.700353333, -54.885068333, 44.9 ], [ -67.700381667, -54.885065, 44.7 ], [ -67.700416667, -54.885065, 44.5 ], [ -67.700428333, -54.885071667, 44.3 ], [ -67.70043, -54.88507, 44.0 ], [ -67.70044, -54.885068333, 44.1 ], [ -67.700463333, -54.885065, 44.0 ], [ -67.700476667, -54.885058333, 43.6 ], [ -67.700476667, -54.885051667, 43.4 ], [ -67.700485, -54.885048333, 43.1 ], [ -67.700515, -54.885046667, 43.2 ], [ -67.700536667, -54.885045, 43.4 ], [ -67.70056, -54.885041667, 43.7 ], [ -67.700581667, -54.88504, 43.8 ], [ -67.700605, -54.885035, 43.8 ], [ -67.700628333, -54.885033333, 43.3 ], [ -67.700613333, -54.885043333, 43.3 ], [ -67.700615, -54.88505, 43.2 ], [ -67.700613333, -54.885058333, 42.8 ], [ -67.70063, -54.885065, 42.8 ], [ -67.700643333, -54.885065, 42.1 ], [ -67.700643333, -54.88506, 41.1 ], [ -67.700661667, -54.885056667, 40.9 ], [ -67.700671667, -54.885056667, 40.1 ], [ -67.700688333, -54.88505, 40.6 ], [ -67.700703333, -54.88505, 40.7 ], [ -67.700726667, -54.885055, 40.3 ], [ -67.700753333, -54.885056667, 40.1 ], [ -67.700771667, -54.885056667, 39.8 ], [ -67.70079, -54.885056667, 39.3 ], [ -67.700811667, -54.885056667, 39.1 ], [ -67.700831667, -54.88506, 39.0 ], [ -67.70084, -54.885061667, 39.3 ], [ -67.700853333, -54.88506, 39.3 ], [ -67.700858333, -54.88506, 39.4 ], [ -67.700863333, -54.885058333, 39.2 ], [ -67.700871667, -54.885053333, 39.2 ], [ -67.700878333, -54.885048333, 39.7 ], [ -67.700873333, -54.885045, 39.6 ], [ -67.700875, -54.885043333, 39.5 ], [ -67.70087, -54.885053333, 39.9 ], [ -67.700861667, -54.88506, 40.1 ], [ -67.700866667, -54.885065, 40.3 ], [ -67.700866667, -54.885065, 40.2 ], [ -67.700848333, -54.885073333, 40.0 ], [ -67.700833333, -54.88508, 39.6 ], [ -67.700841667, -54.885086667, 39.5 ], [ -67.700841667, -54.885096667, 39.4 ], [ -67.70084, -54.885101667, 39.0 ], [ -67.700845, -54.885101667, 39.0 ], [ -67.700846667, -54.885101667, 39.0 ], [ -67.700835, -54.885105, 38.9 ], [ -67.70082, -54.88511, 38.7 ], [ -67.700815, -54.885115, 38.7 ], [ -67.700815, -54.885116667, 38.8 ], [ -67.700811667, -54.885121667, 38.8 ], [ -67.700811667, -54.88513, 38.7 ], [ -67.700816667, -54.88514, 38.5 ], [ -67.700825, -54.885146667, 38.3 ], [ -67.700831667, -54.885148333, 37.9 ], [ -67.700838333, -54.885151667, 37.6 ], [ -67.700851667, -54.88515, 37.7 ], [ -67.700863333, -54.885153333, 37.9 ], [ -67.700873333, -54.885158333, 38.0 ], [ -67.700876667, -54.885153333, 38.1 ], [ -67.70087, -54.885153333, 38.0 ], [ -67.70087, -54.885156667, 38.0 ], [ -67.700866667, -54.885156667, 37.9 ], [ -67.700858333, -54.885158333, 37.8 ], [ -67.700858333, -54.885158333, 37.8 ], [ -67.700858333, -54.885158333, 37.8 ], [ -67.700858333, -54.885158333, 37.8 ], [ -67.700858333, -54.885158333, 37.8 ], [ -67.700855, -54.885145, 37.4 ], [ -67.700863333, -54.885145, 37.8 ], [ -67.700868333, -54.885148333, 37.7 ], [ -67.700876667, -54.885151667, 37.5 ], [ -67.700885, -54.88515, 37.2 ], [ -67.700905, -54.885143333, 37.0 ], [ -67.700913333, -54.885136667, 37.0 ], [ -67.700921667, -54.88513, 36.9 ], [ -67.700933333, -54.88513, 36.9 ], [ -67.700938333, -54.885126667, 36.8 ], [ -67.700955, -54.885123333, 36.5 ], [ -67.700966667, -54.885123333, 36.2 ], [ -67.700973333, -54.885126667, 35.9 ], [ -67.70099, -54.885128333, 35.5 ], [ -67.701003333, -54.88513, 35.0 ], [ -67.701013333, -54.885128333, 34.8 ], [ -67.701025, -54.885126667, 34.6 ], [ -67.701028333, -54.885121667, 34.3 ], [ -67.701041667, -54.885116667, 34.3 ], [ -67.701051667, -54.885115, 34.6 ], [ -67.701061667, -54.885115, 34.7 ], [ -67.701061667, -54.885111667, 34.8 ], [ -67.701061667, -54.885108333, 34.9 ], [ -67.701056667, -54.885103333, 35.0 ], [ -67.701056667, -54.885096667, 34.8 ], [ -67.701051667, -54.88509, 34.6 ], [ -67.701053333, -54.885088333, 34.5 ], [ -67.70106, -54.885088333, 34.4 ], [ -67.701071667, -54.885091667, 34.3 ], [ -67.701075, -54.885101667, 34.0 ], [ -67.70108, -54.885106667, 33.5 ], [ -67.70107, -54.885108333, 32.8 ], [ -67.701073333, -54.885113333, 32.9 ], [ -67.701078333, -54.885123333, 33.0 ], [ -67.70108, -54.885123333, 32.7 ], [ -67.701095, -54.88511, 32.9 ], [ -67.701105, -54.885096667, 33.1 ], [ -67.701118333, -54.885095, 33.8 ], [ -67.701136667, -54.885108333, 33.7 ], [ -67.70115, -54.885111667, 33.6 ], [ -67.701161667, -54.885115, 33.4 ], [ -67.701166667, -54.885115, 33.2 ], [ -67.70118, -54.885105, 33.6 ], [ -67.701186667, -54.885101667, 34.1 ], [ -67.701193333, -54.885105, 34.3 ], [ -67.701188333, -54.885106667, 34.4 ], [ -67.701198333, -54.885111667, 34.5 ], [ -67.701203333, -54.885101667, 34.7 ], [ -67.701226667, -54.885083333, 34.7 ], [ -67.701241667, -54.88508, 35.0 ], [ -67.701253333, -54.885086667, 35.1 ], [ -67.701271667, -54.885093333, 35.5 ], [ -67.701283333, -54.8851, 35.4 ], [ -67.701288333, -54.88511, 35.6 ], [ -67.701301667, -54.885115, 35.7 ], [ -67.701308333, -54.885108333, 35.5 ], [ -67.701326667, -54.885101667, 35.4 ], [ -67.701353333, -54.885108333, 35.7 ], [ -67.701381667, -54.885101667, 35.6 ], [ -67.701373333, -54.885103333, 35.2 ], [ -67.70138, -54.885098333, 34.7 ], [ -67.701395, -54.885093333, 34.6 ], [ -67.701406667, -54.88509, 34.1 ], [ -67.701426667, -54.885088333, 33.8 ], [ -67.701438333, -54.885086667, 33.7 ], [ -67.701428333, -54.88509, 33.3 ], [ -67.701441667, -54.885091667, 32.8 ], [ -67.701451667, -54.885086667, 32.7 ], [ -67.70146, -54.885086667, 32.4 ], [ -67.70148, -54.88509, 31.4 ], [ -67.701498333, -54.885085, 30.6 ], [ -67.701518333, -54.885078333, 30.3 ], [ -67.701536667, -54.885083333, 30.5 ], [ -67.70156, -54.885086667, 30.6 ], [ -67.701573333, -54.885088333, 30.2 ], [ -67.701588333, -54.885088333, 30.2 ], [ -67.701603333, -54.88509, 30.4 ], [ -67.701616667, -54.88509, 30.2 ], [ -67.701628333, -54.885096667, 29.8 ], [ -67.70164, -54.885096667, 29.5 ], [ -67.701653333, -54.885098333, 29.2 ], [ -67.701671667, -54.885095, 29.2 ], [ -67.70168, -54.885096667, 29.3 ], [ -67.701691667, -54.885096667, 29.8 ], [ -67.70171, -54.885096667, 29.9 ], [ -67.701736667, -54.885096667, 29.8 ], [ -67.701755, -54.885095, 30.0 ], [ -67.701771667, -54.885093333, 30.1 ], [ -67.70178, -54.885093333, 30.0 ], [ -67.701793333, -54.885095, 29.7 ], [ -67.701815, -54.8851, 29.1 ], [ -67.70183, -54.885105, 28.5 ], [ -67.701851667, -54.885111667, 28.2 ], [ -67.701865, -54.885118333, 27.8 ], [ -67.701878333, -54.88512, 27.4 ], [ -67.701883333, -54.885121667, 27.3 ], [ -67.701895, -54.885121667, 27.5 ], [ -67.701915, -54.885118333, 27.6 ], [ -67.701931667, -54.885113333, 27.4 ], [ -67.701956667, -54.885108333, 27.3 ], [ -67.701971667, -54.8851, 27.3 ], [ -67.70198, -54.885095, 27.3 ], [ -67.701986667, -54.885086667, 27.4 ], [ -67.701986667, -54.885085, 27.3 ], [ -67.702003333, -54.885078333, 26.4 ], [ -67.70203, -54.885081667, 26.6 ], [ -67.70205, -54.885081667, 26.5 ], [ -67.702076667, -54.885078333, 26.1 ], [ -67.702095, -54.88508, 26.1 ], [ -67.702121667, -54.88508, 25.8 ], [ -67.702128333, -54.885085, 25.5 ], [ -67.702123333, -54.885088333, 25.1 ], [ -67.70212, -54.885095, 25.2 ], [ -67.702125, -54.885095, 25.0 ], [ -67.702133333, -54.885098333, 24.5 ], [ -67.702148333, -54.88511, 24.6 ], [ -67.702163333, -54.885116667, 24.5 ], [ -67.702183333, -54.885125, 24.7 ], [ -67.7022, -54.885135, 25.1 ], [ -67.702213333, -54.88514, 25.6 ], [ -67.702216667, -54.88515, 25.9 ], [ -67.70222, -54.885156667, 26.6 ], [ -67.702223333, -54.885163333, 27.1 ], [ -67.702226667, -54.885168333, 27.4 ], [ -67.702241667, -54.885178333, 27.8 ], [ -67.70227, -54.885186667, 28.0 ], [ -67.702278333, -54.885195, 27.0 ], [ -67.702293333, -54.885203333, 27.0 ], [ -67.702303333, -54.885208333, 26.8 ], [ -67.70232, -54.885218333, 26.7 ], [ -67.702323333, -54.885225, 25.4 ], [ -67.702323333, -54.885235, 24.8 ], [ -67.702338333, -54.885245, 25.1 ], [ -67.70233, -54.885246667, 24.6 ], [ -67.70234, -54.885253333, 24.8 ], [ -67.702346667, -54.885261667, 24.6 ], [ -67.702338333, -54.885275, 24.8 ], [ -67.702328333, -54.885285, 24.7 ], [ -67.702325, -54.885285, 24.3 ], [ -67.702328333, -54.885288333, 24.2 ], [ -67.702336667, -54.885295, 24.3 ], [ -67.702343333, -54.8853, 24.4 ], [ -67.702353333, -54.88531, 24.2 ], [ -67.702361667, -54.885321667, 24.3 ], [ -67.702363333, -54.885331667, 25.3 ], [ -67.702356667, -54.885335, 25.4 ], [ -67.70236, -54.885338333, 25.6 ], [ -67.702361667, -54.885338333, 25.4 ], [ -67.70235, -54.88534, 25.3 ], [ -67.702348333, -54.885336667, 25.4 ], [ -67.702345, -54.885333333, 25.6 ], [ -67.702341667, -54.885328333, 25.7 ], [ -67.702341667, -54.885333333, 25.5 ], [ -67.702351667, -54.885348333, 25.7 ], [ -67.702346667, -54.885351667, 25.9 ], [ -67.702346667, -54.885356667, 25.8 ], [ -67.702345, -54.885365, 25.8 ], [ -67.702341667, -54.88537, 25.7 ], [ -67.702333333, -54.885373333, 25.6 ], [ -67.702333333, -54.885378333, 25.4 ], [ -67.702326667, -54.885385, 25.0 ], [ -67.702335, -54.885398333, 24.5 ], [ -67.702335, -54.8854, 24.3 ], [ -67.70234, -54.885405, 24.2 ], [ -67.702351667, -54.885408333, 23.8 ], [ -67.702368333, -54.88541, 23.7 ], [ -67.702386667, -54.885406667, 23.3 ], [ -67.70242, -54.885396667, 22.8 ], [ -67.702445, -54.885393333, 22.7 ], [ -67.702468333, -54.885391667, 22.7 ], [ -67.70248, -54.8854, 22.3 ], [ -67.702505, -54.885403333, 22.0 ], [ -67.702525, -54.885398333, 22.1 ], [ -67.702546667, -54.885398333, 21.9 ], [ -67.702551667, -54.885403333, 21.2 ], [ -67.702555, -54.885408333, 20.3 ], [ -67.702555, -54.885415, 19.9 ], [ -67.702561667, -54.885421667, 19.6 ], [ -67.702578333, -54.885425, 19.6 ], [ -67.7026, -54.885426667, 19.5 ], [ -67.702621667, -54.885426667, 19.0 ], [ -67.702633333, -54.885435, 19.1 ], [ -67.70266, -54.885445, 19.0 ], [ -67.702678333, -54.88545, 18.5 ], [ -67.702668333, -54.88546, 17.9 ], [ -67.702668333, -54.885465, 17.8 ], [ -67.702673333, -54.88547, 17.4 ], [ -67.702686667, -54.885476667, 17.5 ], [ -67.702696667, -54.885481667, 17.4 ], [ -67.702716667, -54.885468333, 16.3 ], [ -67.702723333, -54.885466667, 15.8 ], [ -67.702748333, -54.885466667, 16.0 ], [ -67.702755, -54.885476667, 15.9 ], [ -67.702756667, -54.885481667, 15.8 ], [ -67.702765, -54.88549, 15.7 ], [ -67.702776667, -54.8855, 15.8 ], [ -67.702781667, -54.88551, 15.8 ], [ -67.702781667, -54.885516667, 15.5 ], [ -67.702786667, -54.885525, 15.5 ], [ -67.70279, -54.885536667, 15.6 ], [ -67.702766667, -54.885541667, 16.6 ], [ -67.702733333, -54.885541667, 17.2 ], [ -67.702733333, -54.885548333, 17.3 ], [ -67.702738333, -54.88555, 17.8 ], [ -67.702745, -54.885543333, 17.4 ], [ -67.702743333, -54.88554, 17.4 ], [ -67.702751667, -54.885546667, 17.6 ], [ -67.702748333, -54.885541667, 17.9 ], [ -67.702755, -54.885546667, 18.2 ], [ -67.702768333, -54.885543333, 19.2 ], [ -67.70276, -54.885533333, 20.2 ], [ -67.702771667, -54.885533333, 20.1 ], [ -67.702775, -54.885538333, 19.7 ], [ -67.702775, -54.885536667, 19.8 ], [ -67.702773333, -54.885535, 19.3 ], [ -67.702781667, -54.885523333, 19.6 ], [ -67.702781667, -54.885521667, 19.8 ], [ -67.702785, -54.885523333, 19.6 ], [ -67.702788333, -54.885521667, 19.3 ], [ -67.702783333, -54.885521667, 19.2 ], [ -67.702785, -54.88552, 18.8 ], [ -67.702786667, -54.885516667, 18.2 ], [ -67.702791667, -54.885518333, 18.0 ], [ -67.702803333, -54.885513333, 18.0 ], [ -67.7028, -54.885511667, 18.1 ], [ -67.702798333, -54.885513333, 18.0 ], [ -67.702798333, -54.885518333, 17.8 ], [ -67.702808333, -54.885518333, 17.8 ], [ -67.702796667, -54.885528333, 17.6 ], [ -67.702795, -54.885536667, 17.6 ], [ -67.702798333, -54.88554, 17.7 ], [ -67.702793333, -54.88554, 18.5 ], [ -67.702791667, -54.885536667, 18.6 ], [ -67.702791667, -54.885535, 18.6 ], [ -67.702795, -54.885535, 18.7 ], [ -67.702791667, -54.885531667, 18.6 ], [ -67.702786667, -54.88553, 18.6 ], [ -67.70279, -54.885528333, 18.8 ], [ -67.702788333, -54.885523333, 18.8 ], [ -67.702781667, -54.885518333, 19.0 ], [ -67.702776667, -54.885516667, 19.1 ], [ -67.70277, -54.885515, 19.2 ], [ -67.70277, -54.885508333, 19.2 ], [ -67.702771667, -54.885506667, 19.1 ], [ -67.70277, -54.88551, 19.3 ], [ -67.702773333, -54.885511667, 19.5 ], [ -67.702776667, -54.885515, 19.8 ], [ -67.702781667, -54.88552, 20.0 ], [ -67.702786667, -54.885521667, 20.0 ], [ -67.702783333, -54.885526667, 19.9 ], [ -67.702783333, -54.885538333, 19.7 ], [ -67.702793333, -54.885536667, 19.7 ], [ -67.702796667, -54.885538333, 19.5 ], [ -67.702805, -54.885538333, 19.3 ], [ -67.70281, -54.885528333, 19.4 ], [ -67.70282, -54.885516667, 19.7 ], [ -67.702828333, -54.885508333, 19.9 ], [ -67.702836667, -54.885498333, 20.2 ], [ -67.70285, -54.885488333, 20.2 ], [ -67.702881667, -54.885483333, 20.2 ], [ -67.702938333, -54.885475, 20.3 ], [ -67.702996667, -54.885466667, 21.0 ], [ -67.70304, -54.88545, 21.3 ], [ -67.703085, -54.885435, 21.5 ], [ -67.703138333, -54.885426667, 22.5 ], [ -67.703191667, -54.885421667, 23.2 ], [ -67.703238333, -54.885415, 23.6 ], [ -67.703268333, -54.885403333, 24.0 ], [ -67.703308333, -54.885386667, 24.6 ], [ -67.703368333, -54.885368333, 24.5 ], [ -67.703408333, -54.885356667, 24.3 ], [ -67.703448333, -54.885343333, 24.3 ], [ -67.703495, -54.885328333, 24.3 ], [ -67.703536667, -54.885321667, 23.9 ], [ -67.70357, -54.885321667, 23.7 ], [ -67.703605, -54.885321667, 23.7 ], [ -67.703605, -54.88532, 23.1 ], [ -67.703625, -54.885315, 23.1 ], [ -67.703661667, -54.885298333, 22.2 ], [ -67.703708333, -54.885288333, 22.1 ], [ -67.703751667, -54.885255, 21.1 ], [ -67.703796667, -54.885245, 20.2 ], [ -67.703848333, -54.885225, 20.0 ], [ -67.703921667, -54.885195, 19.3 ], [ -67.703986667, -54.885171667, 18.4 ], [ -67.70405, -54.885148333, 17.8 ], [ -67.704115, -54.885128333, 17.5 ], [ -67.704211667, -54.885103333, 17.2 ], [ -67.704333333, -54.885056667, 17.3 ], [ -67.704435, -54.885028333, 17.2 ], [ -67.704516667, -54.885003333, 17.0 ], [ -67.70459, -54.884978333, 16.4 ], [ -67.704653333, -54.884951667, 16.1 ], [ -67.704703333, -54.884923333, 16.0 ], [ -67.704798333, -54.884871667, 15.5 ], [ -67.704868333, -54.884838333, 15.4 ], [ -67.704938333, -54.884801667, 15.4 ], [ -67.705045, -54.884746667, 15.0 ], [ -67.705196667, -54.884696667, 15.4 ], [ -67.705285, -54.884656667, 15.4 ], [ -67.705398333, -54.884625, 15.4 ], [ -67.705508333, -54.884591667, 15.4 ], [ -67.705648333, -54.884558333, 15.5 ], [ -67.705805, -54.884523333, 15.2 ], [ -67.705931667, -54.884483333, 14.6 ], [ -67.706126667, -54.884415, 13.9 ], [ -67.706295, -54.884341667, 12.9 ], [ -67.706461667, -54.884268333, 11.6 ], [ -67.706606667, -54.884211667, 11.6 ], [ -67.706643333, -54.884156667, 8.5 ], [ -67.706673333, -54.884156667, 6.6 ], [ -67.70675, -54.884145, 4.6 ], [ -67.706846667, -54.88413, 2.9 ], [ -67.70695, -54.88412, 1.9 ], [ -67.707018333, -54.884086667, 3.0 ], [ -67.70709, -54.884051667, 5.2 ], [ -67.70718, -54.884018333, 6.3 ], [ -67.707231667, -54.883983333, 6.4 ], [ -67.707266667, -54.883956667, 12.1 ], [ -67.707291667, -54.883951667, 14.5 ], [ -67.707296667, -54.883946667, 15.6 ], [ -67.70729, -54.883945, 17.1 ], [ -67.707276667, -54.883948333, 18.4 ], [ -67.707285, -54.883948333, 18.7 ], [ -67.707303333, -54.88395, 19.0 ], [ -67.707303333, -54.88395, 19.0 ], [ -67.707315, -54.883961667, 20.0 ], [ -67.707303333, -54.883958333, 19.8 ], [ -67.707293333, -54.883953333, 19.6 ], [ -67.707296667, -54.88395, 19.6 ], [ -67.707296667, -54.88395, 19.6 ], [ -67.707296667, -54.88395, 19.6 ], [ -67.707296667, -54.88395, 19.6 ], [ -67.707296667, -54.88395, 19.6 ], [ -67.707296667, -54.88395, 19.6 ], [ -67.707296667, -54.88395, 19.6 ], [ -67.707235, -54.883935, 16.4 ], [ -67.707246667, -54.883928333, 16.0 ], [ -67.707265, -54.883933333, 19.3 ], [ -67.707196667, -54.88393, 19.4 ], [ -67.707283333, -54.88384, 19.3 ], [ -67.7073, -54.883861667, 19.5 ], [ -67.707358333, -54.88386, 20.3 ], [ -67.707431667, -54.883855, 21.4 ], [ -67.70746, -54.883861667, 21.7 ], [ -67.70739, -54.88393, 36.0 ], [ -67.707191667, -54.883916667, 39.0 ], [ -67.707193333, -54.883916667, 39.0 ], [ -67.707206667, -54.883916667, 39.0 ], [ -67.7072, -54.883916667, 39.0 ], [ -67.70722, -54.88391, 38.2 ], [ -67.707256667, -54.883915, 38.1 ], [ -67.707283333, -54.88392, 38.1 ], [ -67.707248333, -54.883891667, 56.8 ], [ -67.707233333, -54.883898333, 56.8 ], [ -67.707226667, -54.883911667, 56.3 ], [ -67.707225, -54.883911667, 56.3 ], [ -67.707225, -54.883925, 56.1 ], [ -67.707266667, -54.883946667, 53.7 ], [ -67.707256667, -54.88399, 47.9 ], [ -67.707258333, -54.88399, 45.5 ], [ -67.707278333, -54.883988333, 43.8 ], [ -67.707288333, -54.883981667, 42.2 ], [ -67.707296667, -54.883983333, 39.9 ], [ -67.707305, -54.88398, 36.5 ], [ -67.707308333, -54.883976667, 34.5 ], [ -67.707308333, -54.88397, 33.7 ], [ -67.707308333, -54.88397, 33.7 ], [ -67.707308333, -54.88397, 33.7 ], [ -67.707308333, -54.88397, 33.7 ], [ -67.707301667, -54.883963333, 29.3 ], [ -67.707286667, -54.883968333, 28.3 ], [ -67.707301667, -54.883966667, 27.8 ], [ -67.70734, -54.88396, 27.0 ], [ -67.70739, -54.883946667, 26.6 ], [ -67.707453333, -54.883928333, 26.1 ], [ -67.70752, -54.883895, 25.9 ], [ -67.707598333, -54.883856667, 24.4 ], [ -67.707693333, -54.883806667, 23.5 ], [ -67.707806667, -54.88375, 22.6 ], [ -67.707916667, -54.883703333, 20.2 ], [ -67.708008333, -54.883646667, 19.4 ], [ -67.708101667, -54.883586667, 18.4 ], [ -67.708193333, -54.883526667, 17.5 ], [ -67.708281667, -54.883463333, 16.8 ], [ -67.708375, -54.883393333, 16.7 ], [ -67.708481667, -54.883323333, 17.6 ], [ -67.708575, -54.883256667, 18.2 ], [ -67.708671667, -54.883188333, 19.2 ], [ -67.70877, -54.883128333, 19.4 ], [ -67.708873333, -54.883068333, 19.8 ], [ -67.70897, -54.883006667, 20.1 ], [ -67.709068333, -54.882948333, 19.9 ], [ -67.709161667, -54.882885, 19.9 ], [ -67.709253333, -54.882828333, 19.9 ], [ -67.70935, -54.882771667, 19.5 ], [ -67.709443333, -54.882715, 18.9 ], [ -67.709533333, -54.882661667, 18.4 ], [ -67.709628333, -54.882603333, 18.3 ], [ -67.709718333, -54.882541667, 17.9 ], [ -67.709811667, -54.882485, 17.8 ], [ -67.709908333, -54.882431667, 18.0 ], [ -67.71001, -54.882378333, 17.8 ], [ -67.710101667, -54.882328333, 17.6 ], [ -67.710198333, -54.882278333, 17.4 ], [ -67.710298333, -54.88223, 17.2 ], [ -67.710398333, -54.88218, 16.9 ], [ -67.710503333, -54.882133333, 17.0 ], [ -67.71062, -54.88208, 16.8 ], [ -67.710731667, -54.882035, 17.0 ], [ -67.710838333, -54.88199, 17.4 ], [ -67.710943333, -54.881943333, 18.1 ], [ -67.71104, -54.881903333, 18.7 ], [ -67.71114, -54.881863333, 19.0 ], [ -67.711228333, -54.881828333, 19.1 ], [ -67.711311667, -54.881798333, 19.3 ], [ -67.711366667, -54.88178, 19.7 ], [ -67.7114, -54.881768333, 19.5 ], [ -67.711413333, -54.881763333, 19.6 ], [ -67.711413333, -54.881761667, 19.3 ], [ -67.711408333, -54.881761667, 19.3 ], [ -67.711408333, -54.881761667, 19.3 ], [ -67.711408333, -54.881761667, 19.3 ], [ -67.711408333, -54.881761667, 19.3 ], [ -67.711408333, -54.881761667, 19.3 ], [ -67.711408333, -54.881761667, 19.3 ], [ -67.711408333, -54.881761667, 19.3 ], [ -67.711408333, -54.881761667, 19.3 ], [ -67.711408333, -54.881761667, 19.3 ], [ -67.711408333, -54.881761667, 19.3 ], [ -67.711408333, -54.881761667, 19.3 ], [ -67.711408333, -54.881761667, 19.3 ], [ -67.711408333, -54.881761667, 19.3 ], [ -67.711408333, -54.881761667, 19.3 ], [ -67.711408333, -54.881761667, 19.3 ], [ -67.711408333, -54.881761667, 19.3 ], [ -67.711408333, -54.881761667, 19.3 ], [ -67.711408333, -54.881761667, 19.3 ], [ -67.711408333, -54.881761667, 19.3 ], [ -67.711408333, -54.881761667, 19.3 ], [ -67.711408333, -54.881761667, 19.3 ], [ -67.711408333, -54.881761667, 19.3 ], [ -67.711408333, -54.881761667, 19.3 ], [ -67.711408333, -54.881761667, 19.3 ], [ -67.711408333, -54.881761667, 19.3 ], [ -67.711408333, -54.881761667, 19.3 ], [ -67.711408333, -54.881761667, 19.3 ], [ -67.711408333, -54.881761667, 19.3 ], [ -67.711408333, -54.881761667, 19.3 ], [ -67.711408333, -54.881761667, 19.3 ], [ -67.711408333, -54.881761667, 19.3 ], [ -67.711408333, -54.881761667, 19.3 ], [ -67.711408333, -54.881761667, 19.3 ], [ -67.711408333, -54.881761667, 19.3 ], [ -67.711408333, -54.881761667, 19.3 ], [ -67.711408333, -54.881761667, 19.3 ], [ -67.711408333, -54.881761667, 19.3 ], [ -67.711408333, -54.881761667, 19.3 ], [ -67.711408333, -54.881761667, 19.3 ], [ -67.711408333, -54.881761667, 19.3 ], [ -67.711408333, -54.881761667, 19.3 ], [ -67.711408333, -54.881761667, 19.3 ], [ -67.711408333, -54.881761667, 19.3 ], [ -67.711408333, -54.881761667, 19.3 ], [ -67.711408333, -54.881761667, 19.3 ], [ -67.711408333, -54.881761667, 19.3 ], [ -67.711408333, -54.881761667, 19.3 ], [ -67.711408333, -54.881761667, 19.3 ], [ -67.711408333, -54.881761667, 19.3 ], [ -67.711408333, -54.881761667, 19.3 ], [ -67.711408333, -54.881761667, 19.3 ], [ -67.711408333, -54.881761667, 19.3 ], [ -67.711408333, -54.881761667, 19.3 ], [ -67.711408333, -54.881761667, 19.3 ], [ -67.711408333, -54.881761667, 19.3 ], [ -67.711408333, -54.881761667, 19.3 ], [ -67.711408333, -54.881761667, 19.3 ], [ -67.711408333, -54.881761667, 19.3 ], [ -67.711408333, -54.881761667, 19.3 ], [ -67.711408333, -54.881761667, 19.3 ], [ -67.711408333, -54.881761667, 19.3 ], [ -67.711408333, -54.881761667, 19.3 ], [ -67.711408333, -54.881761667, 19.3 ], [ -67.711408333, -54.881761667, 19.3 ], [ -67.711408333, -54.881761667, 19.3 ], [ -67.711408333, -54.881761667, 19.3 ], [ -67.711408333, -54.881761667, 19.3 ], [ -67.711408333, -54.881761667, 19.3 ], [ -67.711408333, -54.881761667, 19.3 ], [ -67.711408333, -54.881761667, 19.3 ], [ -67.711408333, -54.881761667, 19.3 ], [ -67.711408333, -54.881761667, 19.3 ], [ -67.71134, -54.88175, 4.8 ], [ -67.71134, -54.881735, 8.4 ], [ -67.711353333, -54.881746667, 13.4 ], [ -67.711363333, -54.881751667, 14.4 ], [ -67.711363333, -54.881751667, 14.4 ], [ -67.711363333, -54.881751667, 14.4 ], [ -67.71136, -54.88176, 16.9 ], [ -67.711361667, -54.881761667, 17.8 ], [ -67.711371667, -54.881761667, 18.1 ], [ -67.711391667, -54.881755, 18.1 ], [ -67.711423333, -54.881743333, 18.4 ], [ -67.711463333, -54.88173, 18.5 ], [ -67.711511667, -54.881716667, 18.3 ], [ -67.711563333, -54.881698333, 18.1 ], [ -67.711618333, -54.88168, 18.4 ], [ -67.711678333, -54.881656667, 18.4 ], [ -67.711738333, -54.881631667, 18.6 ], [ -67.71181, -54.881605, 18.2 ], [ -67.71188, -54.881576667, 18.6 ], [ -67.711953333, -54.881551667, 19.1 ], [ -67.71203, -54.881528333, 19.5 ], [ -67.712103333, -54.881506667, 20.3 ], [ -67.712186667, -54.881481667, 20.5 ], [ -67.71228, -54.881456667, 20.4 ], [ -67.712383333, -54.881435, 20.3 ], [ -67.712496667, -54.881411667, 20.3 ], [ -67.712615, -54.881385, 20.1 ], [ -67.71272, -54.881361667, 19.5 ], [ -67.712826667, -54.881338333, 18.8 ], [ -67.712943333, -54.881315, 18.9 ], [ -67.71306, -54.881286667, 19.5 ], [ -67.713173333, -54.881258333, 20.0 ], [ -67.713291667, -54.881236667, 20.1 ], [ -67.713413333, -54.881218333, 19.9 ], [ -67.713531667, -54.881201667, 19.3 ], [ -67.713641667, -54.881176667, 19.0 ], [ -67.713751667, -54.881148333, 18.5 ], [ -67.713865, -54.881126667, 18.7 ], [ -67.713973333, -54.881098333, 18.7 ], [ -67.714081667, -54.881066667, 18.1 ], [ -67.714198333, -54.881036667, 18.0 ], [ -67.714326667, -54.881003333, 17.9 ], [ -67.714443333, -54.880968333, 18.1 ], [ -67.714555, -54.880931667, 18.4 ], [ -67.714691667, -54.88089, 18.5 ], [ -67.714821667, -54.880848333, 18.9 ], [ -67.714955, -54.880803333, 18.9 ], [ -67.715083333, -54.880756667, 18.6 ], [ -67.715213333, -54.88071, 18.8 ], [ -67.715348333, -54.880656667, 19.1 ], [ -67.715485, -54.88061, 19.2 ], [ -67.715621667, -54.880563333, 18.1 ], [ -67.715761667, -54.880511667, 17.8 ], [ -67.715901667, -54.880466667, 17.8 ], [ -67.716031667, -54.88043, 18.5 ], [ -67.716161667, -54.880393333, 19.1 ], [ -67.716285, -54.880356667, 19.0 ], [ -67.716406667, -54.880318333, 19.5 ], [ -67.716521667, -54.880291667, 20.4 ], [ -67.716635, -54.880261667, 20.7 ], [ -67.716745, -54.880235, 20.4 ], [ -67.71685, -54.880206667, 20.2 ], [ -67.716955, -54.880173333, 20.2 ], [ -67.717056667, -54.880146667, 20.5 ], [ -67.717163333, -54.880123333, 20.0 ], [ -67.717263333, -54.880101667, 19.9 ], [ -67.717365, -54.88008, 20.0 ], [ -67.717466667, -54.880061667, 19.7 ], [ -67.717563333, -54.880045, 19.9 ], [ -67.717661667, -54.88003, 19.2 ], [ -67.717751667, -54.880013333, 18.9 ], [ -67.717831667, -54.879998333, 18.9 ], [ -67.71792, -54.879983333, 19.1 ], [ -67.718003333, -54.879971667, 19.3 ], [ -67.718096667, -54.879968333, 19.0 ], [ -67.718185, -54.879968333, 18.6 ], [ -67.718261667, -54.879963333, 18.4 ], [ -67.718328333, -54.879958333, 17.9 ], [ -67.718383333, -54.879956667, 17.4 ], [ -67.718418333, -54.879951667, 16.6 ], [ -67.718445, -54.879955, 16.0 ], [ -67.71844, -54.87996, 16.5 ], [ -67.71845, -54.879961667, 13.4 ], [ -67.718425, -54.879876667, 13.3 ], [ -67.718646667, -54.879945, 13.0 ], [ -67.718515, -54.879906667, 13.1 ], [ -67.718446667, -54.879921667, 13.3 ], [ -67.71843, -54.879941667, 13.4 ], [ -67.718446667, -54.879948333, 13.6 ], [ -67.718456667, -54.879951667, 13.9 ], [ -67.71844, -54.879961667, 14.0 ], [ -67.718435, -54.879961667, 14.0 ], [ -67.718426667, -54.879961667, 14.0 ], [ -67.718423333, -54.879966667, 14.1 ], [ -67.718433333, -54.87995, 14.1 ], [ -67.718468333, -54.879958333, 14.1 ], [ -67.718503333, -54.879963333, 14.2 ], [ -67.718591667, -54.879955, 14.1 ], [ -67.71863, -54.879948333, 14.1 ], [ -67.718668333, -54.879945, 14.1 ], [ -67.718698333, -54.879961667, 13.8 ], [ -67.71873, -54.879971667, 14.2 ], [ -67.718765, -54.879976667, 14.6 ], [ -67.718801667, -54.879988333, 14.7 ], [ -67.718843333, -54.879988333, 14.8 ], [ -67.718888333, -54.87999, 14.9 ], [ -67.718925, -54.87999, 15.0 ], [ -67.718963333, -54.879993333, 15.3 ], [ -67.718995, -54.879993333, 15.3 ], [ -67.719023333, -54.879996667, 15.4 ], [ -67.719048333, -54.880003333, 15.7 ], [ -67.719073333, -54.880006667, 15.7 ], [ -67.719093333, -54.880011667, 15.9 ], [ -67.719105, -54.88001, 16.2 ], [ -67.719106667, -54.880008333, 16.1 ], [ -67.719105, -54.88001, 16.0 ], [ -67.719105, -54.88001, 16.0 ], [ -67.719105, -54.88001, 16.0 ], [ -67.719105, -54.88001, 16.0 ], [ -67.719105, -54.88001, 16.0 ], [ -67.719105, -54.88001, 16.0 ], [ -67.719093333, -54.88001, 15.6 ], [ -67.719095, -54.88001, 15.4 ], [ -67.719105, -54.880011667, 15.3 ], [ -67.719118333, -54.880015, 15.5 ], [ -67.719146667, -54.880016667, 15.7 ], [ -67.71918, -54.88002, 16.0 ], [ -67.719213333, -54.88002, 16.5 ], [ -67.719246667, -54.88002, 16.1 ], [ -67.719275, -54.88002, 15.4 ], [ -67.719298333, -54.880016667, 14.9 ], [ -67.719326667, -54.880015, 15.0 ], [ -67.719355, -54.880011667, 14.9 ], [ -67.71937, -54.880011667, 14.8 ], [ -67.719383333, -54.880011667, 14.7 ], [ -67.719383333, -54.880011667, 14.7 ], [ -67.719383333, -54.880011667, 14.7 ], [ -67.719383333, -54.880011667, 14.7 ], [ -67.71937, -54.88001, 14.9 ], [ -67.719365, -54.88001, 15.1 ], [ -67.719365, -54.88001, 15.1 ], [ -67.719356667, -54.880011667, 15.3 ], [ -67.719356667, -54.880013333, 15.3 ], [ -67.719356667, -54.880013333, 15.3 ], [ -67.719356667, -54.880013333, 15.3 ], [ -67.719356667, -54.880013333, 15.3 ], [ -67.719356667, -54.880013333, 15.3 ], [ -67.719356667, -54.880013333, 15.3 ], [ -67.719356667, -54.880013333, 15.3 ], [ -67.719356667, -54.880013333, 15.3 ], [ -67.719356667, -54.880013333, 15.3 ], [ -67.719356667, -54.880013333, 15.3 ], [ -67.719356667, -54.880013333, 15.3 ], [ -67.719356667, -54.880013333, 15.3 ], [ -67.719356667, -54.880013333, 15.3 ], [ -67.719356667, -54.880013333, 15.3 ], [ -67.719356667, -54.880013333, 15.3 ], [ -67.719356667, -54.880013333, 15.3 ], [ -67.719356667, -54.880013333, 15.3 ], [ -67.719356667, -54.880013333, 15.3 ], [ -67.719356667, -54.880013333, 15.3 ], [ -67.719356667, -54.880013333, 15.3 ], [ -67.719356667, -54.880013333, 15.3 ], [ -67.719356667, -54.880013333, 15.3 ], [ -67.719356667, -54.880013333, 15.3 ], [ -67.719356667, -54.880013333, 15.3 ], [ -67.719356667, -54.880013333, 15.3 ], [ -67.719356667, -54.880013333, 15.3 ], [ -67.719356667, -54.880013333, 15.3 ], [ -67.719356667, -54.880013333, 15.3 ], [ -67.719356667, -54.880013333, 15.3 ], [ -67.719356667, -54.880013333, 15.3 ], [ -67.719356667, -54.880013333, 15.3 ], [ -67.719356667, -54.880013333, 15.3 ], [ -67.719356667, -54.880013333, 15.3 ], [ -67.719356667, -54.880013333, 15.3 ], [ -67.719356667, -54.880013333, 15.3 ], [ -67.719356667, -54.880013333, 15.3 ], [ -67.71937, -54.880008333, 16.7 ], [ -67.719396667, -54.880005, 16.3 ], [ -67.71943, -54.880001667, 15.7 ], [ -67.719466667, -54.879998333, 14.8 ], [ -67.719505, -54.879995, 14.4 ], [ -67.719546667, -54.879993333, 14.0 ], [ -67.719593333, -54.879995, 14.3 ], [ -67.719646667, -54.88, 14.4 ], [ -67.719696667, -54.880003333, 14.7 ], [ -67.71974, -54.88, 15.1 ], [ -67.71978, -54.88, 15.7 ], [ -67.719833333, -54.879998333, 16.1 ], [ -67.719881667, -54.88, 16.7 ], [ -67.71992, -54.880006667, 18.2 ], [ -67.71995, -54.880015, 19.8 ], [ -67.719983333, -54.88002, 19.7 ], [ -67.720023333, -54.880018333, 19.0 ], [ -67.720068333, -54.880018333, 19.1 ], [ -67.720111667, -54.880013333, 19.3 ], [ -67.720161667, -54.880015, 19.3 ], [ -67.720206667, -54.880016667, 18.9 ], [ -67.720246667, -54.880011667, 18.4 ], [ -67.720286667, -54.880011667, 17.6 ], [ -67.720331667, -54.880011667, 17.3 ], [ -67.72036, -54.880006667, 16.1 ], [ -67.720393333, -54.880006667, 16.3 ], [ -67.720421667, -54.880003333, 15.8 ], [ -67.720456667, -54.88001, 16.3 ], [ -67.720498333, -54.88001, 17.4 ], [ -67.720543333, -54.88001, 16.7 ], [ -67.720593333, -54.880008333, 16.7 ], [ -67.720645, -54.880003333, 15.9 ], [ -67.720693333, -54.88, 15.4 ], [ -67.720741667, -54.879998333, 14.6 ], [ -67.720798333, -54.879996667, 14.8 ], [ -67.720846667, -54.88, 14.9 ], [ -67.7209, -54.879995, 14.6 ], [ -67.720963333, -54.879988333, 14.5 ], [ -67.72103, -54.879981667, 14.2 ], [ -67.721101667, -54.879978333, 14.1 ], [ -67.721173333, -54.87998, 14.1 ], [ -67.72125, -54.879985, 14.0 ], [ -67.72133, -54.879988333, 14.2 ], [ -67.721408333, -54.87999, 14.5 ], [ -67.721476667, -54.87999, 14.5 ], [ -67.721548333, -54.879991667, 14.6 ], [ -67.721613333, -54.87999, 14.4 ], [ -67.721675, -54.879988333, 14.4 ], [ -67.72174, -54.879985, 14.4 ], [ -67.721805, -54.879983333, 14.5 ], [ -67.721863333, -54.879976667, 14.6 ], [ -67.72191, -54.879975, 14.7 ], [ -67.721958333, -54.879975, 14.5 ], [ -67.722006667, -54.879975, 14.4 ], [ -67.72205, -54.879976667, 14.3 ], [ -67.722095, -54.879976667, 14.5 ], [ -67.722138333, -54.87998, 15.0 ], [ -67.722181667, -54.879981667, 15.5 ], [ -67.722235, -54.879985, 15.3 ], [ -67.722285, -54.87999, 15.4 ], [ -67.722343333, -54.879993333, 15.3 ], [ -67.722403333, -54.88, 15.4 ], [ -67.722465, -54.880003333, 15.0 ], [ -67.722518333, -54.88001, 14.7 ], [ -67.722583333, -54.880015, 14.5 ], [ -67.722648333, -54.880015, 13.9 ], [ -67.722713333, -54.880016667, 13.7 ], [ -67.722781667, -54.880025, 13.9 ], [ -67.722855, -54.88003, 13.5 ], [ -67.72293, -54.880038333, 12.7 ], [ -67.723001667, -54.880046667, 12.2 ], [ -67.723071667, -54.880051667, 11.5 ], [ -67.723135, -54.880058333, 10.8 ], [ -67.723191667, -54.880061667, 10.5 ], [ -67.723245, -54.880065, 10.2 ], [ -67.723296667, -54.880065, 10.2 ], [ -67.723343333, -54.88007, 11.3 ], [ -67.723395, -54.880071667, 11.2 ], [ -67.723445, -54.880076667, 11.8 ], [ -67.723493333, -54.880076667, 11.4 ], [ -67.723536667, -54.880078333, 11.9 ], [ -67.72358, -54.880083333, 12.5 ], [ -67.723626667, -54.880088333, 13.1 ], [ -67.723671667, -54.880091667, 13.1 ], [ -67.723711667, -54.88009, 13.3 ], [ -67.723753333, -54.880088333, 13.5 ], [ -67.723793333, -54.880088333, 13.4 ], [ -67.723815, -54.880088333, 13.6 ], [ -67.723843333, -54.88009, 13.8 ], [ -67.723861667, -54.880088333, 13.6 ], [ -67.723875, -54.880091667, 13.8 ], [ -67.723883333, -54.880091667, 14.2 ], [ -67.723881667, -54.88009, 14.2 ], [ -67.723876667, -54.88009, 14.5 ], [ -67.723875, -54.880088333, 14.4 ], [ -67.723875, -54.880088333, 14.5 ], [ -67.723873333, -54.880088333, 14.4 ], [ -67.723873333, -54.880086667, 14.4 ], [ -67.723871667, -54.880086667, 14.5 ], [ -67.723871667, -54.880086667, 14.5 ], [ -67.72387, -54.880085, 14.6 ], [ -67.723868333, -54.880085, 14.5 ], [ -67.723868333, -54.880085, 14.5 ], [ -67.723868333, -54.880085, 14.5 ], [ -67.723868333, -54.880085, 14.5 ], [ -67.723868333, -54.880085, 14.5 ], [ -67.723868333, -54.880085, 14.5 ], [ -67.723868333, -54.880085, 14.5 ], [ -67.723868333, -54.880085, 14.5 ], [ -67.723868333, -54.880085, 14.5 ], [ -67.723868333, -54.880085, 14.5 ], [ -67.723868333, -54.880085, 14.5 ], [ -67.723868333, -54.880085, 14.5 ], [ -67.723868333, -54.880085, 14.5 ], [ -67.723868333, -54.880085, 14.5 ], [ -67.723868333, -54.880085, 14.5 ], [ -67.723868333, -54.880085, 14.5 ], [ -67.723868333, -54.880085, 14.5 ], [ -67.723868333, -54.880085, 14.5 ], [ -67.723868333, -54.880085, 14.5 ], [ -67.723868333, -54.880085, 14.5 ], [ -67.723868333, -54.880085, 14.5 ], [ -67.723868333, -54.880085, 14.5 ], [ -67.723868333, -54.880085, 14.5 ], [ -67.723868333, -54.880085, 14.5 ], [ -67.723868333, -54.880085, 14.5 ], [ -67.723868333, -54.880085, 14.5 ], [ -67.723868333, -54.880085, 14.5 ], [ -67.723868333, -54.880085, 14.5 ], [ -67.723868333, -54.880085, 14.5 ], [ -67.723868333, -54.880085, 14.5 ], [ -67.723868333, -54.880085, 14.5 ], [ -67.723868333, -54.880085, 14.5 ], [ -67.723868333, -54.880085, 14.5 ], [ -67.723868333, -54.880085, 14.5 ], [ -67.723868333, -54.880085, 14.5 ], [ -67.723868333, -54.880085, 14.5 ], [ -67.723868333, -54.880085, 14.5 ], [ -67.723868333, -54.880085, 14.5 ], [ -67.723868333, -54.880085, 14.5 ], [ -67.723868333, -54.880085, 14.5 ], [ -67.723868333, -54.880085, 14.5 ], [ -67.723868333, -54.880085, 14.5 ], [ -67.723868333, -54.880085, 14.5 ], [ -67.723868333, -54.880085, 14.5 ], [ -67.723868333, -54.880085, 14.5 ], [ -67.723868333, -54.880085, 14.5 ], [ -67.723868333, -54.880085, 14.5 ], [ -67.723868333, -54.880085, 14.5 ], [ -67.723868333, -54.880085, 14.5 ], [ -67.723868333, -54.880085, 14.5 ], [ -67.723868333, -54.880085, 14.5 ], [ -67.723868333, -54.880085, 14.5 ], [ -67.723868333, -54.880085, 14.5 ], [ -67.723868333, -54.880085, 14.5 ], [ -67.723868333, -54.880085, 14.5 ], [ -67.723868333, -54.880085, 14.5 ], [ -67.723881667, -54.880086667, 14.2 ], [ -67.723898333, -54.880088333, 14.5 ], [ -67.72392, -54.880086667, 14.7 ], [ -67.72394, -54.880088333, 15.0 ], [ -67.72397, -54.880086667, 15.2 ], [ -67.723998333, -54.880086667, 15.2 ], [ -67.724025, -54.880085, 15.4 ], [ -67.724055, -54.880083333, 15.6 ], [ -67.72409, -54.88008, 15.9 ], [ -67.724135, -54.880081667, 15.7 ], [ -67.724183333, -54.880085, 15.3 ], [ -67.724225, -54.880083333, 15.2 ], [ -67.724258333, -54.880078333, 15.6 ], [ -67.724306667, -54.880075, 16.0 ], [ -67.724365, -54.880073333, 16.6 ], [ -67.724423333, -54.880071667, 17.4 ], [ -67.724475, -54.88007, 17.8 ], [ -67.724531667, -54.880068333, 18.2 ], [ -67.724595, -54.880066667, 18.4 ], [ -67.72467, -54.880066667, 17.9 ], [ -67.724743333, -54.880066667, 17.2 ], [ -67.724808333, -54.880063333, 17.0 ], [ -67.724881667, -54.880061667, 16.0 ], [ -67.724958333, -54.880061667, 15.6 ], [ -67.725031667, -54.880053333, 15.1 ], [ -67.725095, -54.880046667, 15.2 ], [ -67.725166667, -54.880043333, 14.7 ], [ -67.725225, -54.880033333, 14.3 ], [ -67.725281667, -54.880025, 13.9 ], [ -67.72534, -54.88002, 13.5 ], [ -67.725398333, -54.880015, 13.5 ], [ -67.725453333, -54.880013333, 13.6 ], [ -67.725508333, -54.880005, 13.4 ], [ -67.725563333, -54.880003333, 13.5 ], [ -67.725616667, -54.880005, 13.8 ], [ -67.725671667, -54.880006667, 13.7 ], [ -67.725728333, -54.880008333, 13.8 ], [ -67.725788333, -54.880003333, 13.1 ], [ -67.72585, -54.879998333, 12.4 ], [ -67.725913333, -54.88, 12.0 ], [ -67.725975, -54.879996667, 11.2 ], [ -67.726046667, -54.880005, 11.7 ], [ -67.726116667, -54.880018333, 11.7 ], [ -67.726176667, -54.880023333, 11.9 ], [ -67.726238333, -54.88003, 12.5 ], [ -67.72629, -54.88005, 13.2 ], [ -67.726331667, -54.880053333, 12.4 ], [ -67.726373333, -54.880055, 11.5 ], [ -67.726418333, -54.880065, 11.8 ], [ -67.726465, -54.880076667, 12.1 ], [ -67.726513333, -54.880086667, 12.7 ], [ -67.72656, -54.880095, 13.4 ], [ -67.726608333, -54.880108333, 13.5 ], [ -67.72665, -54.88012, 13.8 ], [ -67.726691667, -54.880131667, 14.3 ], [ -67.726735, -54.880141667, 14.8 ], [ -67.726778333, -54.88015, 15.0 ], [ -67.726825, -54.880161667, 15.5 ], [ -67.726871667, -54.880173333, 15.6 ], [ -67.726918333, -54.88018, 15.3 ], [ -67.726966667, -54.880188333, 14.6 ], [ -67.727015, -54.880196667, 13.6 ], [ -67.727053333, -54.880201667, 12.8 ], [ -67.72709, -54.880211667, 13.2 ], [ -67.72713, -54.880216667, 13.8 ], [ -67.727166667, -54.880221667, 14.1 ], [ -67.727213333, -54.880238333, 15.5 ], [ -67.72726, -54.880251667, 15.7 ], [ -67.727305, -54.880265, 16.8 ], [ -67.727345, -54.880276667, 17.5 ], [ -67.72739, -54.880285, 17.3 ], [ -67.727441667, -54.880296667, 17.8 ], [ -67.727486667, -54.88031, 18.4 ], [ -67.727535, -54.880315, 18.2 ], [ -67.727585, -54.880318333, 18.1 ], [ -67.727633333, -54.880323333, 18.1 ], [ -67.727683333, -54.88033, 18.1 ], [ -67.727738333, -54.880336667, 18.0 ], [ -67.727798333, -54.880346667, 17.6 ], [ -67.727863333, -54.88036, 17.6 ], [ -67.72793, -54.880368333, 17.2 ], [ -67.727995, -54.880376667, 17.3 ], [ -67.728063333, -54.880385, 17.3 ], [ -67.72813, -54.880391667, 17.1 ], [ -67.728195, -54.880398333, 17.2 ], [ -67.728255, -54.880401667, 16.8 ], [ -67.728303333, -54.880401667, 16.6 ], [ -67.728363333, -54.880401667, 16.5 ], [ -67.728426667, -54.880401667, 16.5 ], [ -67.728491667, -54.8804, 16.9 ], [ -67.728561667, -54.8804, 17.4 ], [ -67.728633333, -54.8804, 17.3 ], [ -67.728705, -54.880398333, 17.4 ], [ -67.72878, -54.880396667, 17.0 ], [ -67.728856667, -54.880396667, 16.9 ], [ -67.728926667, -54.880396667, 16.8 ], [ -67.729003333, -54.880405, 16.7 ], [ -67.729061667, -54.880406667, 17.1 ], [ -67.729131667, -54.880413333, 16.6 ], [ -67.729176667, -54.880406667, 16.0 ], [ -67.729228333, -54.88041, 15.4 ], [ -67.729273333, -54.880408333, 15.1 ], [ -67.729311667, -54.880408333, 14.7 ], [ -67.72935, -54.88041, 14.5 ], [ -67.729393333, -54.88041, 14.7 ], [ -67.729433333, -54.880415, 15.2 ], [ -67.729471667, -54.880416667, 15.6 ], [ -67.729511667, -54.880413333, 15.8 ], [ -67.72955, -54.880413333, 16.0 ], [ -67.729583333, -54.88042, 16.2 ], [ -67.729605, -54.88043, 16.2 ], [ -67.729608333, -54.880431667, 16.4 ], [ -67.729608333, -54.880435, 16.8 ], [ -67.729603333, -54.880431667, 16.9 ], [ -67.729596667, -54.88043, 17.0 ], [ -67.729585, -54.88043, 17.0 ], [ -67.729573333, -54.88043, 17.2 ], [ -67.729558333, -54.880426667, 17.3 ], [ -67.729546667, -54.880418333, 17.5 ], [ -67.729545, -54.880415, 17.4 ], [ -67.729548333, -54.880413333, 17.0 ], [ -67.72955, -54.880411667, 16.8 ], [ -67.729551667, -54.880406667, 16.4 ], [ -67.729546667, -54.880396667, 16.1 ], [ -67.729541667, -54.880386667, 15.9 ], [ -67.729536667, -54.880375, 15.7 ], [ -67.729533333, -54.880355, 15.6 ], [ -67.72953, -54.88034, 15.5 ], [ -67.729526667, -54.880321667, 15.7 ], [ -67.72952, -54.880315, 15.8 ], [ -67.729511667, -54.880308333, 16.0 ], [ -67.729503333, -54.880303333, 16.0 ], [ -67.729498333, -54.8803, 15.9 ], [ -67.729495, -54.880295, 15.8 ], [ -67.729495, -54.880288333, 15.8 ], [ -67.729496667, -54.880283333, 15.6 ], [ -67.7295, -54.880281667, 15.5 ], [ -67.7295, -54.880283333, 15.5 ], [ -67.7295, -54.880281667, 15.6 ], [ -67.7295, -54.880278333, 15.6 ], [ -67.729503333, -54.880278333, 15.6 ], [ -67.729505, -54.88028, 15.5 ], [ -67.729505, -54.880281667, 15.5 ], [ -67.729505, -54.880281667, 15.5 ], [ -67.729505, -54.880281667, 15.5 ], [ -67.729505, -54.880281667, 15.5 ], [ -67.729505, -54.880281667, 15.5 ], [ -67.729505, -54.880281667, 15.5 ], [ -67.729505, -54.880281667, 15.5 ], [ -67.729505, -54.880281667, 15.5 ], [ -67.729505, -54.880281667, 15.5 ], [ -67.729505, -54.880281667, 15.5 ], [ -67.729505, -54.880281667, 15.5 ], [ -67.729505, -54.880281667, 15.5 ], [ -67.729505, -54.880281667, 15.5 ], [ -67.729505, -54.880281667, 15.5 ], [ -67.729505, -54.880281667, 15.5 ], [ -67.729505, -54.880281667, 15.5 ], [ -67.729505, -54.880281667, 15.5 ], [ -67.729505, -54.880281667, 15.5 ], [ -67.729505, -54.880281667, 15.5 ], [ -67.729505, -54.880281667, 15.5 ], [ -67.729505, -54.880281667, 15.5 ], [ -67.729505, -54.880281667, 15.5 ], [ -67.729505, -54.880281667, 15.5 ], [ -67.729505, -54.880281667, 15.5 ], [ -67.729505, -54.880281667, 15.5 ], [ -67.729481667, -54.880263333, 15.5 ], [ -67.729486667, -54.88026, 15.4 ], [ -67.729495, -54.880256667, 15.6 ], [ -67.729503333, -54.880255, 15.6 ], [ -67.729508333, -54.880251667, 15.7 ], [ -67.729515, -54.880248333, 15.9 ], [ -67.729525, -54.880246667, 16.2 ], [ -67.729523333, -54.880246667, 16.6 ], [ -67.72953, -54.880246667, 16.6 ], [ -67.729536667, -54.880246667, 16.7 ], [ -67.729553333, -54.880246667, 16.7 ], [ -67.729563333, -54.880238333, 17.0 ], [ -67.729573333, -54.880238333, 17.2 ], [ -67.729588333, -54.880243333, 17.4 ], [ -67.729601667, -54.880241667, 17.7 ], [ -67.729616667, -54.880235, 17.9 ], [ -67.729608333, -54.880223333, 18.0 ], [ -67.729586667, -54.880223333, 17.7 ], [ -67.72957, -54.880225, 17.5 ], [ -67.729556667, -54.880221667, 17.6 ], [ -67.729541667, -54.88022, 17.3 ], [ -67.729518333, -54.880215, 16.9 ], [ -67.729506667, -54.880213333, 16.6 ], [ -67.729503333, -54.880208333, 16.4 ], [ -67.7295, -54.880205, 16.5 ], [ -67.729498333, -54.880198333, 16.5 ], [ -67.7295, -54.880191667, 16.7 ], [ -67.729495, -54.880181667, 16.5 ], [ -67.729485, -54.88017, 16.6 ], [ -67.729475, -54.880156667, 16.2 ], [ -67.72947, -54.880145, 16.2 ], [ -67.729471667, -54.880133333, 16.4 ], [ -67.729471667, -54.880123333, 16.9 ], [ -67.72947, -54.880113333, 17.2 ], [ -67.729466667, -54.880103333, 17.3 ], [ -67.729466667, -54.880093333, 17.4 ], [ -67.729463333, -54.880086667, 17.8 ], [ -67.729458333, -54.88008, 18.2 ], [ -67.72946, -54.88007, 18.4 ], [ -67.729453333, -54.880065, 18.8 ], [ -67.729456667, -54.88006, 18.5 ], [ -67.729458333, -54.880056667, 18.5 ], [ -67.729458333, -54.880053333, 18.6 ], [ -67.729453333, -54.880051667, 18.7 ], [ -67.729381667, -54.88, 18.1 ], [ -67.729261667, -54.87995, 18.2 ], [ -67.729238333, -54.879911667, 18.3 ] ] } },
{ "type": "Feature", "properties": { "id": null, "Name": "Track 3", "description": "", "timestamp": null, "begin": null, "end": null, "altitudeMode": null, "tessellate": 1, "extrude": 0, "visibility": -1, "drawOrder": null, "icon": null }, "geometry": { "type": "LineString", "coordinates": [ [ -67.718921667, -54.880013333, 16.4 ], [ -67.718873333, -54.880015, 15.6 ], [ -67.71883, -54.880016667, 14.4 ], [ -67.718786667, -54.880016667, 13.7 ], [ -67.718716667, -54.88001, 15.0 ] ] } }
]
}
